OrderLineKey,OrderDateKey,ShipDateKey,InvoiceDateKey,CustomerKey,ProductKey,EmployeeKey,CurrencyKey,GrossAmountLocal,ReturnsAmountLocal,RebatesAmountLocal,Quantity,CostLocal
1,20250215,20250217,20250219,10,5,8,1,13306.32,0.0,392.78,12,8400.3
2,20250220,20250222,20250223,28,29,5,5,17208.59,0.0,521.87,17,11652.37
3,20240912,20240913,20240914,23,3,8,5,13332.96,0.0,356.62,18,8664.73
4,20240606,20240607,20240609,25,40,5,3,7018.56,0.0,262.08,6,4307.83
5,20250506,20250508,20250510,30,7,7,1,688.48,34.42,24.84,1,434.49
6,20260102,20260106,20260108,9,18,5,1,2236.06,111.8,40.58,2,1531.32
7,20240517,20240520,20240521,3,33,6,2,567.54,56.75,16.31,3,355.65
8,20251212,20251215,20251217,19,21,7,1,6738.48,0.0,71.3,18,3825.97
9,20251120,20251125,20251126,11,30,7,1,676.48,67.65,24.33,4,455.35
10,20241018,20241021,20241022,15,29,8,4,1324.5,132.45,29.0,15,873.83
11,20250701,20250706,20250708,9,38,8,3,3903.48,390.35,147.49,14,2300.93
12,20240729,20240801,20240803,13,19,7,5,16142.28,0.0,349.14,14,9974.06
13,20251001,20251003,20251004,13,40,6,2,9152.0,915.2,152.56,16,6390.4
14,20250820,20250823,20250825,12,21,6,1,12788.76,639.44,391.46,17,8873.68
15,20241213,20241218,20241220,24,36,8,3,1330.04,0.0,30.05,4,805.57
16,20240520,20240525,20240527,19,30,7,1,11789.4,0.0,258.61,15,7206.36
17,20260303,20260305,20260307,16,6,8,3,1011.3,0.0,33.83,3,619.78
18,20250217,20250220,20250221,4,26,6,4,6468.64,0.0,138.57,8,3759.71
19,20260106,20260107,20260109,19,36,6,1,2676.05,0.0,74.62,13,1806.47
20,20250804,20250807,20250809,6,6,8,1,15904.14,0.0,325.65,14,9300.08
21,20251015,20251019,20251020,11,34,7,4,781.8,0.0,16.48,2,512.38
22,20251002,20251003,20251005,14,5,5,3,6108.9,0.0,100.82,14,3820.79
23,20240819,20240822,20240824,5,35,7,3,4174.5,0.0,164.42,10,2632.31
24,20241220,20241222,20241223,13,32,5,4,976.03,0.0,20.2,11,678.24
25,20250304,20250305,20250307,10,7,8,3,1678.72,0.0,41.02,4,1003.47
26,20250326,20250331,20250401,27,30,5,1,8266.18,0.0,103.29,13,5526.62
27,20240502,20240507,20240508,27,5,8,4,5900.82,590.08,209.34,6,4012.58
28,20250501,20250506,20250508,1,23,8,5,3352.86,167.64,67.8,14,2093.06
29,20240721,20240722,20240724,20,37,5,1,5467.62,0.0,214.1,6,3335.72
30,20250920,20250924,20250926,21,9,7,1,13652.1,0.0,453.37,15,8089.36
31,20250807,20250812,20250814,13,7,5,4,1164.35,116.44,40.03,1,778.93
32,20260127,20260131,20260201,16,17,6,3,12903.1,645.16,482.88,14,7830.69
33,20250921,20250926,20250927,25,15,6,2,123.32,6.17,4.32,1,83.51
34,20241222,20241225,20241226,13,2,7,3,3342.48,334.25,116.91,8,2157.49
35,20260301,20260304,20260305,2,19,8,4,1457.1,0.0,38.1,3,982.95
36,20250123,20250126,20250128,13,11,6,3,3465.36,0.0,75.42,18,2060.02
37,20241122,20241124,20241125,9,5,6,1,1004.88,0.0,35.32,8,568.15
38,20260115,20260116,20260117,13,12,5,1,6772.64,677.26,88.2,16,3738.43
39,20241224,20241226,20241228,7,1,8,2,7109.2,710.92,84.23,7,3943.02
40,20240526,20240531,20240601,5,37,6,5,3752.96,0.0,63.52,4,2564.55
41,20250306,20250308,20250309,31,40,6,3,14122.24,0.0,302.7,17,8267.54
42,20251028,20251029,20251031,4,15,5,2,12395.76,619.79,457.88,13,7678.23
43,20240815,20240816,20240817,23,36,6,5,2205.28,220.53,23.03,16,1450.57
44,20250301,20250303,20250305,23,19,7,2,917.76,0.0,29.8,2,592.91
45,20240703,20240707,20240709,20,37,8,3,11331.32,566.57,232.17,14,6280.1
46,20250810,20250814,20250815,29,7,6,1,1178.19,0.0,28.19,9,679.59
47,20250310,20250313,20250315,1,12,7,4,13030.65,0.0,492.26,15,7728.19
48,20241125,20241128,20241130,11,30,8,4,1427.25,0.0,23.07,5,971.01
49,20240912,20240915,20240916,6,9,6,4,3779.04,0.0,72.67,6,2497.05
50,20250514,20250517,20250519,19,33,6,1,13049.54,652.48,310.65,14,8055.97
51,20250729,20250802,20250804,21,18,5,2,7031.92,351.6,104.85,14,4584.42
52,20260209,20260212,20260213,28,17,8,1,2378.74,0.0,51.12,2,1393.15
53,20250211,20250212,20250213,13,19,5,5,2646.9,0.0,40.5,6,1560.56
54,20240726,20240730,20240801,9,32,5,1,902.48,0.0,19.32,2,601.59
55,20251124,20251129,20251130,29,1,5,3,5251.95,0.0,56.75,9,3569.92
56,20250630,20250705,20250706,22,31,7,4,4732.6,0.0,95.58,10,3296.99
57,20250820,20250825,20250827,24,32,6,1,6841.26,0.0,235.1,18,3963.43
58,20240610,20240612,20240614,15,33,7,2,3145.1,0.0,78.68,14,2081.69
59,20241112,20241114,20241116,15,40,7,1,11429.85,0.0,256.73,15,6708.55
60,20251008,20251010,20251012,13,32,5,3,2652.06,0.0,43.04,6,1475.57
61,20251123,20251126,20251127,24,22,6,5,1461.88,0.0,29.98,14,805.48
62,20250209,20250214,20250215,7,19,5,2,12780.26,0.0,294.59,17,7708.12
63,20251103,20251108,20251110,31,16,5,5,6951.36,0.0,127.45,13,4170.1
64,20251130,20251203,20251204,6,34,6,1,1910.28,0.0,74.98,2,1125.09
65,20250106,20250108,20250110,15,16,6,2,4222.0,0.0,144.61,10,2630.52
66,20260110,20260114,20260115,11,23,5,5,6398.84,639.88,179.07,7,4223.51
67,20241026,20241027,20241029,21,4,6,4,4886.28,0.0,66.07,6,2924.86
68,20240921,20240925,20240926,22,13,6,1,7592.56,0.0,178.33,8,4538.95
69,20250807,20250810,20250811,29,11,8,4,102.65,10.26,1.39,1,58.3
70,20250705,20250707,20250708,25,18,7,4,9097.32,909.73,253.07,12,5202.51
71,20240711,20240712,20240713,9,21,6,4,9507.6,0.0,104.83,8,5724.99
72,20251124,20251127,20251128,8,29,6,3,4310.15,0.0,98.09,13,2384.22
73,20240823,20240828,20240829,28,18,5,1,9210.63,460.53,348.58,11,6311.95
74,20251103,20251106,20251108,16,7,6,1,508.62,0.0,14.37,3,325.64
75,20240406,20240408,20240410,3,22,7,3,6871.38,0.0,234.49,6,4636.79
76,20251029,20251031,20251101,26,3,5,3,680.92,0.0,25.6,2,410.37
77,20251021,20251023,20251025,21,34,8,1,9846.08,984.61,365.32,16,6066.52
78,20251017,20251020,20251022,1,31,7,1,8329.5,0.0,96.56,15,4841.41
79,20250725,20250726,20250728,25,10,8,2,6978.86,697.89,91.12,14,4490.59
80,20250307,20250310,20250312,20,11,6,2,12474.4,623.72,130.86,16,6890.24
81,20250823,20250828,20250829,20,2,8,2,3783.8,0.0,127.88,10,2139.23
82,20241018,20241022,20241023,27,15,6,2,2043.18,0.0,44.0,18,1328.3
83,20251017,20251021,20251022,16,2,8,1,2259.06,112.95,57.79,2,1415.16
84,20250507,20250512,20250514,15,38,7,4,9485.84,0.0,262.53,13,6438.94
85,20250226,20250301,20250303,20,6,7,3,3591.96,359.2,59.19,12,2064.57
86,20250401,20250406,20250407,6,27,5,1,6061.57,606.16,162.82,19,4085.98
87,20250517,20250518,20250519,5,23,8,2,1257.84,125.78,28.76,2,756.71
88,20240427,20240428,20240429,27,10,5,2,3368.22,0.0,118.87,3,2310.23
89,20240711,20240715,20240717,7,33,5,3,16522.02,0.0,576.09,18,10376.28
90,20240925,20240927,20240928,17,5,6,3,3072.42,0.0,73.7,6,2049.92
91,20240622,20240624,20240625,10,36,8,3,3800.0,0.0,135.56,10,2327.9
92,20250212,20250213,20250215,7,30,8,4,8418.33,0.0,213.27,9,5428.6
93,20250728,20250802,20250803,19,26,8,1,5636.4,0.0,178.04,5,3196.58
94,20250718,20250721,20250723,26,36,7,1,6411.86,0.0,195.34,13,4292.41
95,20250307,20250310,20250311,15,17,8,1,7406.21,370.31,199.13,7,4241.46
96,20251210,20251212,20251214,5,12,6,2,6497.16,0.0,243.44,6,3893.49
97,20250514,20250515,20250516,9,7,6,2,2558.08,0.0,95.38,14,1619.98
98,20240528,20240601,20240602,5,37,5,4,6781.67,339.08,91.76,7,4407.1
99,20251006,20251010,20251011,28,17,8,1,11987.95,0.0,264.19,13,8319.71
100,20250521,20250523,20250524,11,34,6,3,7144.83,0.0,120.65,11,4356.14
101,20250703,20250708,20250710,13,14,5,1,13180.05,0.0,390.51,15,7868.02
102,20250514,20250519,20250521,3,39,6,2,1443.84,0.0,20.01,8,912.3
103,20250506,20250511,20250512,15,35,7,4,1842.64,0.0,53.45,8,1022.09
104,20240605,20240607,20240608,29,13,6,1,20865.61,0.0,752.22,19,12504.46
105,20250510,20250511,20250513,14,20,6,1,845.7,84.57,25.35,2,495.4
106,20251027,20251101,20251103,21,32,6,2,12218.64,610.93,320.37,14,8221.21
107,20241106,20241110,20241111,6,10,7,4,2865.85,143.29,56.49,13,1879.3
108,20250610,20250615,20250616,5,1,7,1,5930.86,0.0,182.96,13,4017.29
109,20240423,20240424,20240426,23,12,7,5,12507.04,0.0,243.72,16,8294.6
110,20241208,20241210,20241212,2,24,5,5,7203.2,720.32,73.4,8,4613.82
111,20250210,20250212,20250214,15,6,6,4,9394.32,939.43,322.53,12,5853.79
112,20260312,20260314,20260316,11,14,7,1,11466.3,0.0,348.45,15,7295.39
113,20240903,20240906,20240908,1,37,5,4,8063.9,806.39,300.85,10,4840.46
114,20241017,20241018,20241019,17,4,5,1,4722.05,0.0,188.28,5,2894.97
115,20250121,20250123,20250124,30,3,6,4,897.06,44.85,11.53,6,494.06
116,20260319,20260320,20260321,3,17,7,3,2993.97,299.4,50.86,7,1674.86
117,20251209,20251212,20251213,26,1,7,1,568.0,0.0,8.2,2,343.51
118,20240426,20240428,20240429,18,2,5,1,6714.0,0.0,201.04,18,4187.07
119,20240917,20240918,20240920,23,8,7,4,962.34,0.0,37.84,1,664.73
120,20251116,20251120,20251122,3,5,5,4,10180.08,0.0,373.14,12,6443.19
121,20240513,20240516,20240518,28,33,7,3,634.41,0.0,16.34,7,426.18
122,20251210,20251213,20251214,1,5,7,2,3973.0,0.0,109.73,4,2421.65
123,20241021,20241022,20241023,29,21,5,4,3957.03,395.7,61.34,7,2654.24
124,20260124,20260126,20260128,21,29,6,4,4527.05,0.0,49.81,5,3088.18
125,20241030,20241103,20241105,12,26,8,4,14574.0,0.0,400.44,15,10187.33
126,20250209,20250214,20250215,1,27,6,2,644.08,32.2,12.12,4,413.01
127,20250723,20250727,20250728,20,15,7,3,3628.4,362.84,51.75,8,2098.48
128,20240701,20240706,20240707,3,36,7,4,12434.63,0.0,210.57,13,8484.36
129,20250508,20250513,20250515,20,3,5,1,12024.0,0.0,248.98,12,7559.84
130,20250401,20250402,20250403,25,5,8,2,2100.56,0.0,62.94,11,1269.24
131,20251019,20251022,20251023,10,35,6,1,4076.7,407.67,114.05,10,2579.29
132,20260322,20260327,20260329,9,3,8,2,14844.96,0.0,434.25,18,10306.02
133,20250725,20250727,20250729,8,8,6,4,781.78,78.18,26.97,1,505.11
134,20250121,20250122,20250124,7,7,7,1,14938.74,1493.87,378.11,18,10241.26
135,20250119,20250120,20250122,4,2,6,3,864.2,0.0,21.67,5,481.48
136,20250128,20250201,20250203,9,5,8,1,2675.76,0.0,64.61,6,1667.21
137,20251110,20251114,20251116,21,23,5,4,6269.28,0.0,131.82,16,3841.54
138,20241119,20241123,20241124,11,27,8,4,9450.32,945.03,170.77,11,5344.74
139,20240730,20240804,20240806,25,4,5,3,6230.88,311.54,228.77,9,4173.61
140,20241128,20241130,20241201,26,38,8,4,5840.7,0.0,152.48,10,3734.32
141,20240417,20240418,20240419,24,4,5,1,10900.91,0.0,167.89,17,6256.91
142,20240616,20240617,20240618,18,28,5,4,17434.8,0.0,613.93,18,9839.25
143,20240605,20240610,20240611,11,33,5,4,12164.04,1216.4,300.69,14,7898.9
144,20251010,20251012,20251013,29,21,7,1,3666.24,0.0,138.12,18,2524.36
145,20250905,20250910,20250911,8,20,6,5,327.52,0.0,6.44,1,183.14
146,20250817,20250821,20250823,15,5,7,1,1680.3,84.02,64.57,15,1035.12
147,20250228,20250303,20250304,15,10,8,3,9685.44,0.0,128.06,18,5847.23
148,20250901,20250903,20250905,24,35,5,1,7196.98,0.0,76.7,7,4064.41
149,20240726,20240731,20240801,18,14,7,4,8097.83,0.0,144.12,13,4726.71
150,20260112,20260114,20260115,25,2,7,1,995.8,0.0,18.93,10,611.45
151,20250329,20250402,20250403,29,30,6,1,3483.92,0.0,106.13,11,2370.96
152,20260208,20260213,20260214,13,28,8,2,5643.6,0.0,148.68,10,3606.12
153,20240720,20240722,20240723,28,3,7,5,1942.64,194.26,20.26,8,1161.45
154,20250326,20250328,20250329,6,3,5,1,13804.8,0.0,161.02,12,8206.22
155,20250817,20250818,20250820,29,5,7,3,2576.94,128.85,101.6,3,1748.07
156,20250325,20250326,20250327,6,3,6,3,11114.6,555.73,442.5,10,6577.02
157,20250217,20250221,20250223,27,25,5,4,5355.72,535.57,203.84,19,3243.32
158,20240730,20240801,20240802,13,6,8,1,586.52,0.0,12.12,4,359.65
159,20250101,20250102,20250103,30,25,5,3,10903.42,0.0,384.17,11,6940.98
160,20240920,20240921,20240922,4,8,5,5,13917.3,0.0,178.16,15,8847.61
161,20241104,20241109,20241111,15,39,5,1,15939.18,0.0,452.97,18,10678.97
162,20250808,20250809,20250810,29,30,8,2,4730.34,0.0,121.65,6,2739.47
163,20250630,20250705,20250707,2,15,7,4,8124.16,812.42,246.88,11,4996.36
164,20250614,20250617,20250619,9,18,8,1,16432.54,0.0,423.67,17,9521.87
165,20241218,20241223,20241225,3,3,6,2,2200.66,0.0,25.5,14,1384.79
166,20260223,20260226,20260227,11,3,5,1,7693.0,769.3,105.27,14,4579.47
167,20240603,20240606,20240607,13,22,6,4,9424.71,0.0,363.86,9,5325.33
168,20241204,20241209,20241210,20,1,5,5,3590.76,0.0,111.62,6,2398.28
169,20240625,20240629,20240630,9,26,7,3,7033.7,703.37,120.99,10,4716.55
170,20241202,20241207,20241208,5,16,6,3,3316.6,0.0,118.27,14,2211.93
171,20260225,20260302,20260303,6,6,8,2,709.29,35.46,9.38,3,402.17
172,20241221,20241225,20241227,30,22,6,1,688.16,34.41,18.03,8,386.56
173,20260117,20260121,20260122,30,23,6,1,1546.38,0.0,37.99,11,966.45
174,20250324,20250325,20250326,7,30,8,1,5434.66,0.0,150.04,7,3274.21
175,20250819,20250821,20250823,6,8,7,1,10203.2,510.16,312.1,14,6811.56
176,20250225,20250226,20250228,2,22,5,4,1526.32,0.0,20.51,2,1045.91
177,20241010,20241014,20241015,30,34,6,1,7251.04,362.55,287.79,8,4623.18
178,20251005,20251010,20251011,23,11,6,1,5066.6,506.66,179.98,14,3089.29
179,20260302,20260304,20260305,24,34,7,2,2186.72,218.67,33.03,16,1375.58
180,20241008,20241010,20241011,10,29,7,1,930.26,46.51,31.47,2,617.78
181,20251016,20251021,20251022,21,18,7,1,1464.93,73.25,15.6,3,901.07
182,20241006,20241010,20241011,2,36,8,1,3099.96,0.0,49.09,18,1792.91
183,20250901,20250906,20250907,22,39,7,1,4492.04,0.0,146.1,4,2717.51
184,20251023,20251027,20251028,19,10,6,3,12440.09,0.0,405.17,17,8285.68
185,20250219,20250222,20250223,11,40,5,4,2771.34,0.0,49.4,13,1938.36
186,20250915,20250920,20250921,23,1,7,4,1715.2,0.0,46.66,8,1044.07
187,20241014,20241016,20241018,21,6,6,4,13505.12,0.0,353.37,16,9023.17
188,20240528,20240530,20240531,15,2,6,3,8879.78,0.0,98.38,17,5785.21
189,20240609,20240614,20240615,6,15,8,5,8342.4,0.0,255.37,15,5016.99
190,20250218,20250219,20250221,1,38,8,3,767.88,0.0,12.0,3,478.09
191,20260113,20260117,20260118,30,25,6,3,17667.72,1766.77,456.68,19,10160.69
192,20240702,20240705,20240707,10,25,7,2,2180.61,0.0,28.95,9,1397.75
193,20250224,20250225,20250226,11,4,8,1,989.08,0.0,13.51,4,648.68
194,20250823,20250828,20250829,22,21,5,1,5828.56,0.0,58.29,8,3920.22
195,20240825,20240826,20240828,9,16,6,1,1598.6,159.86,40.27,10,911.72
196,20250904,20250906,20250908,13,20,7,4,7394.2,0.0,253.68,11,4524.64
197,20241108,20241112,20241114,23,11,6,1,10397.71,519.89,308.51,17,6681.86
198,20251106,20251109,20251110,19,9,8,4,1180.32,59.02,21.76,1,748.07
199,20250524,20250529,20250531,21,39,6,4,16663.8,1666.38,176.11,15,10866.49
200,20250501,20250504,20250506,1,23,5,2,1663.44,0.0,48.61,2,962.11
201,20240806,20240809,20240811,15,17,6,1,7721.1,386.06,119.28,10,4504.51
202,20250301,20250303,20250304,16,3,6,2,10204.93,0.0,259.68,17,6889.54
203,20251211,20251215,20251217,20,31,8,1,1845.2,184.52,19.19,10,1245.01
204,20240415,20240416,20240417,5,19,5,5,12094.03,1209.4,420.08,13,8442.18
205,20251001,20251005,20251007,5,16,5,4,4713.02,0.0,130.52,13,3137.05
206,20250323,20250324,20250326,24,27,5,4,4619.78,0.0,108.28,11,2739.48
207,20250903,20250907,20250908,22,6,7,3,11611.2,0.0,230.58,16,7381.82
208,20250724,20250726,20250728,26,22,8,4,2338.02,233.8,71.71,9,1285.95
209,20250207,20250211,20250213,10,35,7,4,7990.62,0.0,161.11,11,4775.58
210,20241110,20241112,20241113,31,19,8,1,8904.33,0.0,354.48,9,5399.8
211,20250628,20250701,20250703,10,1,8,1,9727.76,972.78,356.53,14,6096.9
212,20240711,20240715,20240717,21,10,7,1,11358.5,0.0,453.32,10,6513.77
213,20250528,20250602,20250603,5,3,7,3,569.79,0.0,6.94,1,345.32
214,20240608,20240612,20240614,29,21,5,4,3816.6,0.0,64.45,12,2580.41
215,20250714,20250718,20250719,11,15,8,3,5253.43,0.0,99.26,7,3235.38
216,20250629,20250702,20250704,26,6,8,3,11800.55,1180.06,370.43,17,6813.26
217,20240601,20240602,20240603,11,28,8,5,6047.6,0.0,66.1,10,3573.27
218,20250930,20251003,20251004,25,8,8,1,544.75,0.0,16.14,1,304.89
219,20250126,20250130,20250201,15,14,6,1,2462.67,246.27,86.2,3,1430.25
220,20251021,20251024,20251025,2,40,5,5,1456.41,0.0,35.8,3,822.56
221,20240501,20240505,20240506,6,3,8,5,1678.04,167.8,50.48,2,997.15
222,20240808,20240810,20240812,22,10,6,4,1889.94,0.0,19.81,6,1075.54
223,20250324,20250329,20250330,6,13,8,1,3755.84,375.58,67.17,16,2458.38
224,20240815,20240817,20240819,10,21,7,5,8171.68,817.17,211.92,8,4799.71
225,20241125,20241129,20241201,18,10,6,4,16798.56,0.0,194.05,16,10997.91
226,20250722,20250727,20250728,9,39,6,4,15907.36,0.0,534.33,14,10393.3
227,20240714,20240716,20240717,4,1,7,1,14560.5,0.0,302.67,17,8352.54
228,20250803,20250808,20250810,20,38,6,3,6950.02,347.5,202.51,7,4852.04
229,20240614,20240615,20240617,22,22,6,4,14971.14,0.0,202.02,18,9354.34
230,20240805,20240809,20240810,23,2,5,4,10522.82,1052.28,138.84,11,6889.47
231,20250530,20250601,20250603,30,5,7,3,10233.7,0.0,362.15,10,6408.09
232,20251026,20251029,20251030,4,5,5,3,13308.45,1330.85,256.61,15,9114.68
233,20240802,20240804,20240805,14,12,5,4,4306.0,430.6,140.61,5,2512.52
234,20241103,20241104,20241106,9,14,5,3,8543.4,0.0,211.38,12,5825.64
235,20260129,20260131,20260201,29,26,7,2,15493.01,1549.3,454.0,13,9830.01
236,20260317,20260321,20260322,18,13,5,1,12064.68,1206.47,422.68,18,8337.14
237,20250526,20250529,20250530,3,30,6,1,2337.1,233.71,75.32,10,1416.39
238,20250218,20250222,20250224,22,12,5,4,10121.7,0.0,292.37,15,6157.46
239,20241207,20241209,20241210,2,11,7,1,1251.75,0.0,24.03,15,868.64
240,20250617,20250622,20250624,10,12,5,1,5249.55,0.0,131.17,15,3299.02
241,20250602,20250607,20250608,23,14,5,5,19954.98,997.75,785.3,18,11959.63
242,20241031,20241104,20241106,17,34,6,4,563.85,56.39,15.83,5,335.95
243,20240417,20240419,20240420,24,10,7,1,1610.28,0.0,52.24,12,910.85
244,20240719,20240721,20240723,19,11,5,1,13088.74,1308.87,478.82,14,9072.91
245,20260223,20260226,20260227,27,39,6,4,840.57,0.0,18.7,1,540.88
246,20250128,20250130,20250201,18,27,8,2,14294.14,0.0,476.31,14,9146.26
247,20250315,20250319,20250320,2,8,7,2,312.0,0.0,9.82,3,176.69
248,20250304,20250307,20250308,3,35,8,2,3302.28,0.0,71.71,9,1916.05
249,20251018,20251021,20251023,25,8,6,1,440.11,0.0,16.67,1,257.08
250,20240517,20240520,20240522,2,7,8,4,7144.8,714.48,141.87,10,4036.26
251,20240530,20240603,20240605,13,18,5,1,20647.62,2064.76,566.1,18,11446.09
252,20241017,20241020,20241021,1,28,7,3,165.87,0.0,2.79,1,95.82
253,20250318,20250322,20250324,11,8,6,1,105.65,5.28,2.77,1,67.28
254,20250730,20250802,20250804,19,31,5,1,5352.39,535.24,100.02,9,3134.67
255,20250321,20250325,20250327,6,7,8,1,14483.66,0.0,264.5,17,8262.74
256,20250213,20250216,20250217,15,32,7,4,1034.65,0.0,11.77,1,593.67
257,20260208,20260211,20260213,31,4,5,1,2247.84,0.0,49.41,6,1533.77
258,20240726,20240729,20240731,3,19,5,1,15400.28,0.0,579.68,14,10734.02
259,20250519,20250524,20250526,2,26,7,1,1889.04,0.0,54.48,6,1231.93
260,20250428,20250429,20250501,10,11,7,4,1999.2,0.0,57.69,2,1230.19
261,20250309,20250313,20250314,26,25,5,2,1938.78,193.88,54.58,3,1156.47
262,20251105,20251106,20251108,14,28,8,5,2869.9,0.0,60.34,5,1993.26
263,20241011,20241014,20241015,21,27,7,4,1102.4,0.0,18.19,1,771.08
264,20260219,20260220,20260221,2,16,6,3,11225.76,0.0,249.76,14,7494.67
265,20241126,20241130,20241202,24,31,5,4,2907.48,290.75,103.89,3,1921.7
266,20250430,20250505,20250506,3,30,6,1,8627.06,0.0,310.31,13,5582.73
267,20250412,20250414,20250415,23,14,6,5,8630.73,0.0,296.84,9,5796.44
268,20251206,20251207,20251208,5,30,5,5,610.95,61.1,9.77,5,427.3
269,20250212,20250216,20250217,27,37,6,1,337.37,16.87,11.3,1,214.84
270,20241023,20241024,20241026,10,33,5,3,19688.21,0.0,333.77,17,11102.13
271,20240416,20240420,20240422,6,30,5,1,6027.01,0.0,219.07,17,3882.43
272,20241219,20241224,20241225,12,31,5,3,13739.16,0.0,419.02,12,8454.54
273,20251119,20251123,20251125,1,33,6,4,5155.9,515.59,150.26,10,3439.27
274,20240408,20240413,20240415,5,12,6,5,1034.72,0.0,33.23,1,575.31
275,20260108,20260111,20260113,19,29,6,1,13923.51,696.18,266.03,17,8307.51
276,20250428,20250501,20250502,11,8,7,4,1360.5,0.0,32.11,6,832.34
277,20240711,20240714,20240715,12,15,7,4,7702.66,0.0,273.92,14,4727.62
278,20241105,20241106,20241108,26,38,5,1,14579.24,0.0,381.45,13,9210.48
279,20250506,20250510,20250511,4,12,8,3,17041.99,1704.2,490.72,17,11586.12
280,20241115,20241116,20241118,13,34,7,4,3514.88,0.0,89.79,16,2069.11
281,20240618,20240621,20240623,6,17,6,4,7973.81,797.38,160.32,13,5410.23
282,20250726,20250728,20250729,16,9,5,5,16827.62,1682.76,649.03,17,10496.63
283,20250731,20250805,20250806,11,4,8,1,1952.16,97.61,41.81,2,1359.35
284,20240625,20240629,20240630,2,22,7,1,7675.85,0.0,85.2,7,5212.29
285,20241021,20241024,20241025,3,19,6,1,11993.85,0.0,198.68,15,6982.49
286,20240924,20240928,20240930,27,21,5,1,252.63,25.26,6.62,1,143.9
287,20250721,20250723,20250724,2,2,5,2,4124.12,0.0,158.52,11,2882.15
288,20250911,20250913,20250914,25,11,6,4,2254.72,112.74,34.62,16,1432.61
289,20250908,20250912,20250913,29,1,5,2,8598.94,0.0,268.73,17,5117.67
290,20260208,20260213,20260214,15,13,5,4,1986.38,0.0,24.2,2,1123.24
291,20251008,20251011,20251013,11,38,6,2,6691.04,0.0,203.64,19,3981.66
292,20241118,20241123,20241124,25,7,5,1,7602.24,380.11,93.07,8,4443.3
293,20240617,20240620,20240621,31,28,6,4,14615.24,0.0,253.79,17,9078.82
294,20250619,20250622,20250624,4,1,8,4,2569.95,0.0,91.99,15,1536.05
295,20260123,20260128,20260130,30,23,8,2,14339.84,1433.98,203.5,17,9835.47
296,20260307,20260311,20260313,30,37,5,5,8816.58,881.66,169.63,9,6124.91
297,20240914,20240916,20240918,5,14,7,2,1470.8,0.0,24.73,10,1002.81
298,20240918,20240923,20240925,2,8,8,1,2907.0,145.35,114.67,18,2004.78
299,20240428,20240501,20240502,23,23,7,2,8421.5,0.0,135.57,10,5456.71
300,20240712,20240716,20240717,3,12,6,4,3209.71,320.97,114.15,7,1880.09
301,20250507,20250510,20250512,20,36,6,2,441.1,22.06,17.36,5,271.31
302,20250501,20250502,20250504,2,34,5,4,4646.24,0.0,113.95,4,3116.19
303,20241225,20241226,20241227,22,27,6,3,4378.8,218.94,125.53,15,2851.87
304,20241111,20241115,20241116,7,26,8,2,5928.12,0.0,188.23,6,4095.95
305,20251121,20251124,20251126,3,25,7,4,16255.74,0.0,188.93,17,10341.85
306,20250227,20250301,20250303,2,30,6,2,879.89,0.0,23.66,1,506.13
307,20251106,20251110,20251112,6,19,5,2,12706.31,0.0,343.42,17,7146.45
308,20260226,20260301,20260303,18,39,8,1,2221.05,0.0,33.49,15,1290.77
309,20241116,20241119,20241120,3,14,5,2,480.1,48.01,16.38,5,266.31
310,20240825,20240830,20240831,26,1,7,2,1913.64,95.68,46.06,2,1083.3
311,20260218,20260219,20260220,20,28,6,1,14377.68,0.0,556.42,12,9774.26
312,20250703,20250704,20250706,10,27,6,3,17824.47,1782.45,496.2,19,12122.29
313,20241028,20241102,20241103,31,40,5,1,2731.95,0.0,32.22,3,1622.06
314,20250624,20250628,20250629,21,16,6,1,2669.0,266.9,48.7,5,1586.47
315,20250408,20250409,20250410,22,17,7,3,2772.72,0.0,54.11,12,1711.77
316,20260115,20260117,20260118,6,23,6,1,1199.12,119.91,22.33,1,759.32
317,20241003,20241005,20241007,23,16,5,3,10057.71,0.0,271.32,17,6260.33
318,20260318,20260320,20260322,18,32,6,4,10637.55,0.0,285.71,9,5959.16
319,20260206,20260211,20260213,31,18,5,1,12614.47,0.0,207.7,11,7297.7
320,20240809,20240814,20240816,16,32,6,1,2994.48,0.0,60.31,3,1792.86
321,20240729,20240801,20240802,22,18,8,2,6411.18,0.0,111.05,6,4209.33
322,20250421,20250424,20250426,12,10,8,1,11455.73,572.79,149.35,13,6304.07
323,20240503,20240508,20240509,2,40,8,3,871.61,0.0,17.37,1,581.52
324,20241103,20241108,20241110,4,22,5,4,16456.02,0.0,246.55,14,10939.71
325,20250209,20250212,20250213,28,29,6,3,13954.88,0.0,294.94,16,9120.17
326,20260302,20260307,20260308,24,24,5,2,3480.06,0.0,50.93,6,1932.8
327,20260319,20260321,20260323,12,15,6,5,13784.03,0.0,315.34,13,7588.55
328,20240719,20240721,20240722,22,39,7,1,3160.64,158.03,117.75,8,1978.32
329,20260105,20260108,20260110,1,15,8,4,11311.82,565.59,230.73,13,6413.48
330,20240605,20240606,20240607,2,40,6,4,9663.84,966.38,228.88,9,5618.54
331,20250924,20250927,20250929,17,18,5,2,6773.94,0.0,216.37,6,3768.49
332,20251203,20251205,20251206,20,1,6,1,1286.58,0.0,21.33,3,847.87
333,20260105,20260110,20260112,30,2,6,1,3065.52,0.0,87.85,4,1817.67
334,20240909,20240912,20240913,24,39,7,5,4291.44,0.0,70.21,4,2626.36
335,20260106,20260109,20260111,9,22,5,1,1224.84,61.24,17.13,2,755.3
336,20240623,20240626,20240627,26,16,7,4,14558.83,0.0,365.03,13,9689.01
337,20250411,20250415,20250416,16,33,6,3,4974.24,497.42,60.57,6,3201.62
338,20250306,20250307,20250309,26,25,7,2,3405.52,170.28,40.56,4,2073.53
339,20241115,20241119,20241120,6,27,8,3,10549.2,0.0,210.07,12,7126.06
340,20240416,20240421,20240422,1,28,5,1,614.81,0.0,10.61,7,349.62
341,20251011,20251015,20251017,2,8,8,2,5036.3,0.0,195.66,5,2998.74
342,20241129,20241204,20241206,31,4,5,5,8809.47,0.0,189.88,9,5158.75
343,20250723,20250725,20250727,3,30,8,1,9002.18,0.0,96.57,11,5944.92
344,20250122,20250124,20250126,30,1,6,5,3903.36,0.0,151.11,12,2515.83
345,20241227,20241229,20241230,23,29,7,5,9557.4,477.87,193.02,12,5659.29
346,20260101,20260106,20260108,5,6,8,1,7816.48,390.82,126.66,8,4566.68
347,20240608,20240609,20240610,27,11,7,3,10381.41,0.0,189.83,13,6884.93
348,20250915,20250917,20250918,5,29,6,1,907.39,0.0,33.65,1,555.37
349,20250922,20250924,20250925,5,25,8,3,2801.37,0.0,86.89,13,1772.02
350,20241231,20250102,20250104,19,32,6,5,10665.15,1066.52,381.26,15,6545.24
351,20241007,20241010,20241011,10,25,7,4,8943.84,447.19,298.57,18,4934.6
352,20240404,20240406,20240407,10,2,7,5,641.52,0.0,18.5,4,353.83
353,20260207,20260210,20260211,6,34,6,1,1675.4,0.0,21.64,4,964.91
354,20260215,20260217,20260218,20,9,5,3,14699.05,0.0,263.15,17,8261.31
355,20240922,20240924,20240926,1,6,6,1,3680.88,368.09,118.87,7,2289.04
356,20240424,20240429,20240430,9,36,8,4,2444.7,0.0,30.17,3,1655.77
357,20240628,20240703,20240704,18,8,7,1,3461.72,0.0,96.93,4,2027.33
358,20240519,20240520,20240521,16,22,7,1,8273.98,0.0,252.22,11,4636.36
359,20251122,20251126,20251128,22,20,6,1,3544.1,0.0,48.63,14,2204.12
360,20260105,20260109,20260111,8,31,7,1,9307.44,930.74,117.7,8,6097.61
361,20240720,20240724,20240726,21,2,6,1,1601.96,0.0,53.32,4,1107.93
362,20250922,20250924,20250925,24,5,5,1,4881.06,244.05,170.13,18,2895.6
363,20240808,20240809,20240810,13,17,5,4,14112.72,0.0,299.83,12,9598.62
364,20241222,20241223,20241225,9,19,6,4,14690.78,1469.08,280.7,13,9854.08
365,20250608,20250612,20250613,18,32,7,1,16884.75,0.0,423.56,15,10106.76
366,20250903,20250906,20250907,19,25,6,4,7176.66,0.0,185.8,6,4975.31
367,20251224,20251229,20251231,3,6,5,2,7223.93,0.0,227.64,7,4751.4
368,20240503,20240507,20240509,18,40,6,4,13449.93,0.0,477.15,13,7767.5
369,20240821,20240823,20240824,5,19,6,1,3533.68,176.68,130.99,4,2089.12
370,20241020,20241024,20241025,19,39,7,3,1296.74,64.84,50.76,2,880.06
371,20241111,20241116,20241118,29,40,6,2,10469.9,0.0,394.04,10,6648.67
372,20260323,20260325,20260326,18,3,6,1,5851.52,0.0,100.67,8,3307.76
373,20251015,20251019,20251020,24,21,5,3,16054.78,0.0,229.22,14,10379.54
374,20241118,20241122,20241124,11,17,7,4,1259.85,0.0,31.02,3,753.65
375,20260304,20260305,20260307,29,20,8,4,852.22,42.61,15.91,2,487.01
376,20250327,20250331,20250401,26,13,7,2,10159.71,1015.97,245.49,11,6671.48
377,20250329,20250403,20250404,29,23,6,3,13338.24,1333.82,157.37,16,7916.31
378,20250208,20250211,20250213,24,20,6,4,3656.87,182.84,59.48,7,2308.34
379,20240714,20240719,20240720,21,8,6,1,14687.95,1468.8,569.98,19,8819.29
380,20260205,20260207,20260208,17,12,5,1,563.13,28.16,19.47,1,328.3
381,20240411,20240413,20240414,29,6,5,2,1928.16,0.0,21.72,16,1331.94
382,20240805,20240810,20240812,27,34,8,1,2114.58,211.46,58.85,2,1174.43
383,20240914,20240919,20240920,14,28,8,2,9263.88,0.0,268.15,12,6440.4
384,20241019,20241022,20241024,3,16,8,1,12596.24,0.0,176.59,19,8288.99
385,20240705,20240706,20240708,1,16,7,3,10799.22,0.0,222.37,19,6563.24
386,20240413,20240414,20240415,9,4,8,4,16130.43,1613.04,324.42,19,8989.23
387,20250803,20250804,20250806,2,12,6,4,10835.11,541.76,217.41,13,7426.66
388,20260302,20260303,20260305,8,37,6,4,11569.92,0.0,460.32,16,7616.82
389,20240628,20240701,20240702,4,2,5,2,3043.42,0.0,33.27,19,2070.1
390,20241101,20241103,20241105,31,6,5,5,3905.58,0.0,151.04,14,2279.65
391,20250402,20250407,20250409,3,34,7,4,10767.64,0.0,330.17,13,6279.7
392,20260131,20260201,20260202,20,21,5,3,18344.34,0.0,600.35,18,10543.15
393,20250815,20250820,20250822,12,2,8,1,6118.0,305.9,191.5,7,3673.39
394,20251006,20251008,20251010,6,20,8,3,2641.36,132.07,67.4,4,1707.06
395,20250526,20250530,20250601,23,30,6,3,8565.57,428.28,233.31,9,5270.44
396,20250127,20250131,20250201,31,14,7,4,1508.43,150.84,24.33,11,1024.26
397,20240823,20240827,20240828,25,16,5,4,10740.96,1074.1,323.56,16,6135.12
398,20251216,20251221,20251223,31,26,6,5,17929.5,1792.95,311.03,15,11468.8
399,20251103,20251104,20251106,19,24,5,5,6352.48,0.0,213.7,8,3561.43
400,20240419,20240422,20240423,22,37,5,3,9389.34,469.47,235.8,9,5194.53
401,20250831,20250902,20250903,5,10,5,5,2996.45,0.0,94.21,5,1923.07
402,20240601,20240603,20240605,27,12,8,5,17634.78,0.0,185.68,17,11959.39
403,20250917,20250919,20250921,24,7,7,1,3281.32,0.0,101.03,7,1942.6
404,20251119,20251120,20251122,9,27,8,3,2575.2,0.0,46.58,4,1695.27
405,20240704,20240708,20240710,12,22,8,1,4790.07,479.01,68.82,9,2873.54
406,20250208,20250210,20250211,20,14,8,1,3305.31,165.27,43.71,17,1997.41
407,20240629,20240704,20240706,1,28,8,1,12220.56,1222.06,173.94,12,7873.18
408,20250516,20250517,20250518,26,16,5,2,4811.04,0.0,59.21,6,3255.51
409,20260131,20260205,20260206,10,8,8,1,1086.69,0.0,32.63,1,758.12
410,20240529,20240603,20240605,3,22,7,1,2075.04,103.75,22.05,16,1281.93
411,20250113,20250114,20250116,11,18,5,1,7431.0,0.0,174.54,12,4134.49
412,20260305,20260309,20260311,27,17,5,4,5958.7,297.94,117.64,5,3413.85
413,20241104,20241106,20241108,10,18,8,4,6424.09,0.0,72.34,19,3597.3
414,20240705,20240709,20240710,18,37,8,5,11079.46,0.0,187.57,14,7730.51
415,20250320,20250324,20250325,26,9,6,2,12824.79,1282.48,284.11,11,7699.4
416,20250403,20250404,20250405,2,12,5,1,13759.2,0.0,144.26,15,7929.16
417,20250724,20250727,20250728,24,23,6,4,1028.66,102.87,13.93,1,620.41
418,20241113,20241115,20241116,10,2,5,1,2352.64,0.0,89.38,2,1534.88
419,20260220,20260222,20260223,22,6,7,5,6738.16,336.91,206.11,11,3716.62
420,20250412,20250416,20250418,6,23,6,4,8858.16,0.0,196.63,18,5782.54
421,20241025,20241027,20241028,5,21,5,3,3989.52,0.0,89.76,8,2283.69
422,20260224,20260225,20260227,25,27,8,1,7729.05,0.0,236.01,17,5127.63
423,20260129,20260203,20260205,26,5,8,1,6604.59,0.0,74.12,19,3732.34
424,20250327,20250330,20250331,31,35,8,3,5910.8,295.54,104.57,7,3915.09
425,20240418,20240423,20240424,22,20,8,2,433.9,21.7,11.96,5,271.0
426,20250606,20250607,20250609,15,7,5,4,523.98,52.4,18.09,6,293.58
427,20250507,20250510,20250512,6,13,8,3,11069.66,553.48,126.75,14,7621.86
428,20240717,20240720,20240721,10,10,8,2,5275.6,0.0,186.58,10,3477.09
429,20250703,20250708,20250709,21,19,8,1,3508.0,0.0,69.6,16,2385.88
430,20251129,20251203,20251204,12,19,6,2,1126.56,0.0,36.84,8,704.26
431,20240616,20240619,20240620,16,18,6,1,1792.65,0.0,48.24,15,1089.57
432,20250905,20250906,20250908,6,19,8,4,15054.78,0.0,339.05,13,9504.9
433,20240711,20240715,20240717,15,37,5,3,15007.5,750.38,285.83,18,9929.68
434,20250924,20250929,20250930,9,39,7,4,2759.25,0.0,102.11,3,1565.84
435,20250129,20250203,20250204,4,20,8,2,3250.08,325.01,99.05,16,2023.62
436,20240405,20240408,20240409,4,39,8,1,5921.16,296.06,162.75,7,3725.97
437,20260228,20260304,20260305,17,33,7,4,7439.6,0.0,194.35,14,4899.11
438,20240729,20240730,20240731,12,33,8,4,1425.84,0.0,51.21,6,916.48
439,20250605,20250610,20250612,3,10,8,4,17475.9,0.0,302.78,15,11286.32
440,20240810,20240813,20240815,17,18,8,3,15353.46,1535.35,575.97,18,10180.13
441,20260204,20260205,20260206,5,15,5,4,9487.92,474.4,329.83,8,6560.66
442,20250916,20250920,20250922,1,4,5,1,947.35,47.37,34.17,1,645.94
443,20251103,20251105,20251107,4,4,6,2,15243.2,0.0,288.04,16,9313.28
444,20250207,20250211,20250213,15,25,6,4,3030.78,151.54,86.02,3,1778.8
445,20250304,20250308,20250310,30,17,6,1,7069.2,0.0,253.73,12,4445.8
446,20250703,20250708,20250710,9,34,5,4,4228.0,0.0,122.27,16,2786.33
447,20251020,20251021,20251023,10,27,7,2,610.16,0.0,7.25,2,374.4
448,20251204,20251207,20251209,9,4,5,1,11124.3,0.0,167.53,10,6130.89
449,20240413,20240415,20240416,12,34,8,1,2762.91,0.0,44.1,3,1906.28
450,20250724,20250727,20250728,23,20,7,4,3121.35,0.0,110.76,15,2040.94
451,20240618,20240620,20240621,11,23,8,4,2977.2,0.0,36.6,18,1787.81
452,20241026,20241030,20241031,21,39,5,1,13144.95,0.0,211.09,15,8764.87
453,20251121,20251122,20251123,28,26,6,1,1336.62,0.0,17.84,3,902.88
454,20240929,20240930,20241001,30,1,8,1,1360.76,68.04,15.96,2,877.71
455,20251029,20251102,20251104,18,8,6,1,7094.99,354.75,239.93,7,4326.52
456,20250301,20250305,20250306,23,18,7,4,12569.28,0.0,156.11,16,7039.08
457,20240916,20240918,20240919,29,2,5,1,2077.65,207.76,83.1,5,1187.48
458,20241128,20241203,20241204,25,7,8,1,15683.76,784.19,606.03,18,10305.08
459,20250419,20250422,20250424,10,32,6,1,3776.04,377.6,141.02,12,2198.62
460,20251006,20251008,20251010,4,6,8,3,378.17,18.91,8.12,1,261.08
461,20250613,20250616,20250618,4,7,6,4,8605.92,430.3,221.38,8,4940.05
462,20260204,20260207,20260209,28,21,5,4,6307.38,0.0,147.74,6,4329.09
463,20251219,20251223,20251224,18,4,7,3,3288.48,0.0,111.69,16,2207.4
464,20250927,20251001,20251003,10,11,6,5,663.12,33.16,11.64,2,375.55
465,20250611,20250614,20250615,12,38,6,2,7780.44,778.04,214.67,12,4351.62
466,20241027,20241028,20241030,10,26,8,4,7740.96,774.1,134.36,8,5255.54
467,20250124,20250129,20250131,26,39,6,3,12915.07,0.0,224.53,17,7236.91
468,20240625,20240630,20240701,20,15,6,1,10707.28,0.0,124.81,17,5992.8
469,20241227,20241229,20241231,28,25,7,4,571.36,0.0,10.54,2,384.27
470,20260130,20260204,20260206,11,10,5,3,440.43,0.0,6.85,1,261.0
471,20250202,20250207,20250209,16,16,8,4,3455.36,0.0,134.69,16,2110.25
472,20240622,20240623,20240625,4,7,5,1,2890.81,0.0,68.8,13,1882.71
473,20250716,20250718,20250720,31,34,5,2,6424.74,0.0,170.56,6,3976.15
474,20260225,20260301,20260303,17,8,5,4,10793.52,1079.35,384.03,12,6728.79
475,20251219,20251220,20251222,18,9,6,1,20703.78,1035.19,445.84,18,13021.3
476,20241016,20241017,20241019,14,19,7,1,11011.88,0.0,315.76,11,7613.5
477,20250223,20250224,20250226,10,18,7,1,1734.7,0.0,23.71,19,1093.8
478,20250419,20250424,20250426,30,13,8,2,3795.8,0.0,65.1,5,2258.83
479,20240927,20240928,20240929,16,15,8,4,13206.06,0.0,399.89,18,8040.42
480,20241012,20241016,20241018,22,12,6,3,199.86,9.99,7.64,1,117.38
481,20240919,20240922,20240924,2,37,8,5,14081.06,0.0,264.79,14,9711.6
482,20260321,20260326,20260328,10,24,5,2,7793.04,0.0,133.74,12,5236.04
483,20250922,20250926,20250927,26,37,5,2,12678.77,0.0,361.6,13,7043.19
484,20251129,20251204,20251206,3,40,6,1,6380.28,0.0,234.17,6,3877.16
485,20251112,20251116,20251117,4,27,7,1,10461.0,0.0,223.08,10,5789.06
486,20260223,20260227,20260228,26,34,5,4,16332.24,0.0,430.96,17,9483.26
487,20240616,20240619,20240620,11,5,8,1,2102.24,0.0,74.4,8,1270.53
488,20251229,20251231,20260101,10,38,6,1,9772.32,488.62,203.71,16,5606.78
489,20240519,20240520,20240521,18,20,6,4,15410.64,0.0,513.99,14,10468.14
490,20250310,20250314,20250315,6,29,7,3,10752.0,0.0,241.69,15,6027.77
491,20250604,20250608,20250610,2,10,6,1,12435.64,0.0,480.24,14,6937.55
492,20241215,20241217,20241219,1,4,6,4,16305.8,815.29,609.41,14,10989.55
493,20240715,20240717,20240719,3,36,8,3,17223.75,0.0,427.95,15,11218.73
494,20240818,20240822,20240824,5,18,6,4,3550.96,177.55,75.78,8,2380.85
495,20251118,20251119,20251120,22,6,5,4,21099.06,0.0,572.69,18,13426.64
496,20241117,20241119,20241120,10,27,7,1,2925.68,0.0,111.97,4,1721.12
497,20241111,20241113,20241114,3,3,7,1,17351.68,0.0,285.27,16,10221.1
498,20260128,20260201,20260203,1,19,5,1,3133.67,0.0,123.33,19,2088.7
499,20240714,20240715,20240717,16,29,8,4,3891.45,0.0,137.07,15,2332.27
500,20260122,20260125,20260127,27,29,6,3,369.04,36.9,6.94,4,250.78
501,20260126,20260130,20260131,12,19,5,4,1498.56,0.0,58.36,6,978.19
502,20250607,20250612,20250614,2,15,5,3,4702.5,0.0,75.83,18,2924.1
503,20240729,20240801,20240803,7,34,7,1,16421.12,0.0,356.09,16,11480.17
504,20240722,20240723,20240724,16,8,5,1,4940.88,0.0,97.22,12,3049.21
505,20241023,20241025,20241027,6,3,6,1,5829.21,291.46,148.55,9,3230.54
506,20250523,20250526,20250527,31,7,7,2,991.36,0.0,33.43,2,561.63
507,20240721,20240726,20240728,24,33,8,3,7571.4,0.0,234.16,10,5296.87
508,20250224,20250227,20250301,12,19,6,5,1314.8,131.48,35.33,2,756.07
509,20240623,20240626,20240627,30,2,8,1,1685.58,84.28,50.39,13,1010.61
510,20250426,20250430,20250501,11,7,6,4,19156.37,0.0,760.8,19,12921.23
511,20240416,20240419,20240421,5,2,8,1,2225.97,0.0,65.86,3,1538.4
512,20250826,20250829,20250830,30,33,6,4,1666.7,0.0,56.06,10,1006.34
513,20240511,20240514,20240515,30,19,5,1,419.63,0.0,5.28,1,254.46
514,20240819,20240823,20240824,11,3,7,4,1839.12,0.0,24.41,3,1204.02
515,20240805,20240806,20240808,19,9,8,1,1013.48,101.35,11.46,4,562.43
516,20251122,20251125,20251126,6,25,8,1,4400.19,0.0,175.15,9,2707.02
517,20240509,20240512,20240514,21,24,8,3,12205.05,0.0,408.06,11,7717.23
518,20250205,20250208,20250209,22,33,5,2,14617.2,1461.72,541.25,13,9130.69
519,20250602,20250603,20250604,23,2,7,2,7008.72,700.87,83.97,12,4848.41
520,20250409,20250411,20250413,19,3,7,1,12699.48,0.0,232.91,12,7624.36
521,20250806,20250808,20250809,23,2,7,5,3188.65,0.0,115.69,5,1990.56
522,20251102,20251107,20251109,18,16,5,1,5355.63,0.0,163.42,7,3375.87
523,20250110,20250114,20250116,26,30,5,3,165.17,16.52,5.35,1,114.34
524,20251120,20251125,20251127,6,27,7,4,4753.98,0.0,177.17,7,2819.87
525,20241116,20241118,20241120,16,9,8,4,3864.84,0.0,56.69,14,2432.6
526,20260313,20260314,20260315,14,27,5,1,20386.23,0.0,530.21,17,13618.66
527,20250331,20250404,20250405,18,27,5,3,1973.04,0.0,51.07,2,1091.98
528,20250915,20250919,20250921,5,8,6,1,1976.32,98.82,57.62,4,1238.19
529,20251224,20251229,20251230,11,30,6,3,9535.7,0.0,122.4,10,6213.05
530,20251026,20251028,20251030,30,17,8,2,3112.62,0.0,53.79,7,2142.28
531,20251207,20251210,20251212,4,3,8,4,20230.34,2023.03,393.15,17,12281.63
532,20250423,20250428,20250430,21,16,7,4,1368.5,68.42,14.13,14,861.78
533,20240502,20240507,20240508,21,31,8,1,14349.92,1434.99,400.49,13,8538.98
534,20250323,20250327,20250329,16,28,5,1,11036.04,0.0,368.48,12,6185.06
535,20240810,20240813,20240815,2,11,8,2,8084.93,0.0,231.68,7,5077.2
536,20260103,20260105,20260107,2,31,6,3,4721.4,0.0,169.36,18,3068.58
537,20240919,20240921,20240922,10,16,6,2,5745.19,0.0,218.59,11,3738.17
538,20240912,20240915,20240916,4,19,5,3,21039.3,2103.93,595.34,18,13643.03
539,20240928,20241001,20241002,3,4,5,3,13090.56,1309.06,501.01,16,8497.61
540,20250709,20250710,20250712,5,40,5,5,9447.07,0.0,289.7,17,6296.1
541,20250519,20250522,20250523,6,34,6,2,1072.44,107.24,42.65,2,591.71
542,20260216,20260220,20260222,27,8,5,1,3603.78,0.0,38.95,6,2273.74
543,20250126,20250128,20250130,21,23,5,1,7097.87,354.89,280.85,13,4412.24
544,20241022,20241024,20241026,1,32,7,3,6426.24,0.0,223.06,16,3792.48
545,20240506,20240511,20240512,20,21,8,1,10970.18,0.0,364.36,13,6538.59
546,20240406,20240409,20240410,5,9,5,1,11889.7,0.0,171.61,10,6792.94
547,20241227,20241228,20241229,14,39,7,1,4922.9,246.14,151.84,19,3268.43
548,20260130,20260131,20260202,2,11,8,4,12986.49,0.0,371.73,11,8323.96
549,20250414,20250415,20250416,3,14,6,5,7611.59,0.0,132.37,7,4287.26
550,20260107,20260110,20260112,4,15,5,2,3255.03,0.0,121.12,3,1848.91
551,20240613,20240615,20240616,15,36,5,1,19253.65,0.0,242.24,19,12909.87
552,20240607,20240608,20240609,15,21,8,2,747.28,37.36,27.82,2,497.05
553,20251124,20251129,20251130,12,29,6,2,12020.19,0.0,244.32,17,8026.87
554,20240617,20240621,20240622,20,37,5,5,9409.53,0.0,226.71,13,6049.27
555,20240508,20240513,20240514,23,38,8,2,3717.7,0.0,146.34,10,2263.4
556,20250118,20250120,20250121,23,35,8,4,9296.95,0.0,304.3,13,5225.79
557,20260129,20260203,20260204,19,37,7,5,6141.38,0.0,154.17,7,3670.49
558,20250812,20250813,20250814,18,38,5,3,2393.6,239.36,77.61,2,1388.66
559,20240611,20240616,20240618,16,40,5,1,14943.31,0.0,168.52,19,8607.65
560,20251127,20251202,20251203,9,26,5,3,14248.52,0.0,278.03,13,9093.78
561,20251201,20251202,20251204,16,6,5,2,18536.78,0.0,560.74,19,12634.77
562,20251031,20251105,20251106,1,5,7,2,2190.6,0.0,61.43,10,1364.31
563,20260113,20260117,20260119,30,32,6,5,5749.86,574.99,120.32,6,3962.6
564,20240921,20240926,20240927,13,13,8,1,1603.76,0.0,39.83,8,901.28
565,20260310,20260311,20260313,24,33,5,2,13587.14,0.0,500.01,14,9417.83
566,20241118,20241121,20241122,30,38,7,1,1618.38,80.92,48.11,9,988.62
567,20251101,20251103,20251104,16,26,8,1,11574.36,578.72,170.55,14,6862.29
568,20250524,20250528,20250529,27,31,5,3,8026.8,0.0,235.57,8,5224.01
569,20251016,20251020,20251021,16,12,7,4,1243.9,0.0,17.67,10,696.09
570,20250628,20250630,20250702,4,18,7,3,6735.82,0.0,89.87,7,3830.25
571,20250709,20250710,20250712,1,39,5,1,1838.82,91.94,33.64,6,1286.15
572,20250620,20250621,20250623,5,33,6,1,2216.27,0.0,37.41,7,1405.0
573,20251016,20251019,20251020,30,9,8,2,8675.68,0.0,272.35,8,5052.32
574,20250917,20250922,20250924,16,38,8,3,4220.7,422.07,45.9,10,2740.81
575,20240707,20240711,20240712,11,20,6,4,4331.11,0.0,90.71,7,2820.22
576,20251119,20251121,20251122,15,34,5,3,4240.56,212.03,151.31,12,2645.46
577,20250423,20250424,20250425,9,21,5,4,7525.44,752.54,216.8,12,4155.97
578,20241120,20241124,20241125,28,25,8,4,7065.96,706.6,228.77,11,4136.26
579,20250407,20250408,20250409,31,7,7,2,1959.08,97.95,33.74,2,1279.54
580,20260301,20260306,20260307,3,14,6,3,887.69,0.0,29.98,1,540.56
581,20251212,20251215,20251216,23,29,5,4,7151.76,357.59,111.67,7,4375.59
582,20251124,20251125,20251127,12,34,8,5,1028.76,102.88,21.97,12,663.04
583,20250301,20250304,20250305,2,4,6,2,10328.04,0.0,246.67,18,5864.04
584,20251019,20251022,20251023,29,4,7,3,17142.72,0.0,658.76,16,10631.99
585,20250104,20250109,20250110,2,28,8,2,3491.02,349.1,95.71,13,2057.08
586,20250810,20250815,20250817,8,18,7,4,11789.92,0.0,390.24,16,8035.89
587,20250707,20250712,20250713,1,34,8,5,7253.29,0.0,95.38,11,4048.1
588,20240928,20241002,20241004,16,3,7,5,21018.75,1050.94,249.51,19,12409.37
589,20241010,20241015,20241017,19,14,6,1,3243.96,162.2,65.65,18,2212.31
590,20240515,20240518,20240519,11,2,8,1,4052.2,0.0,54.19,10,2673.16
591,20240711,20240714,20240715,3,29,7,4,9033.48,903.35,170.08,12,5057.01
592,20250208,20250211,20250212,4,35,8,3,9837.72,983.77,209.28,18,6868.52
593,20250312,20250315,20250317,30,7,5,5,2996.0,0.0,73.52,16,2004.33
594,20240729,20240802,20240804,26,13,7,1,17358.78,867.94,435.34,19,10520.11
595,20250127,20250201,20250202,30,34,7,4,11951.55,1195.16,300.0,13,6777.35
596,20250611,20250613,20250614,17,2,5,4,5338.4,0.0,183.32,5,3234.48
597,20240916,20240917,20240918,18,39,6,1,14294.41,0.0,497.13,13,8421.87
598,20241201,20241205,20241206,25,36,8,1,6305.11,630.51,212.49,7,4167.78
599,20241222,20241226,20241227,20,7,7,4,2018.9,201.89,53.73,5,1338.87
600,20250401,20250406,20250408,15,6,8,1,13385.28,0.0,238.81,12,9138.22
601,20241221,20241226,20241227,10,28,5,4,3443.4,0.0,67.91,6,2044.06
602,20250915,20250920,20250921,16,1,5,3,15595.32,779.77,483.95,13,9810.13
603,20241123,20241124,20241125,2,21,8,2,7358.72,0.0,249.71,8,4868.37
604,20250208,20250211,20250213,6,3,6,1,18775.23,0.0,626.86,19,12156.13
605,20241231,20250101,20250103,24,22,8,5,1516.3,0.0,24.13,2,932.88
606,20240811,20240815,20240817,28,15,8,4,5970.03,597.0,89.95,11,3974.45
607,20250809,20250814,20250815,4,29,6,4,8726.85,0.0,127.47,15,5055.23
608,20240918,20240921,20240922,3,36,8,4,3648.04,0.0,103.92,11,2037.38
609,20241101,20241106,20241108,3,20,8,3,7290.08,364.5,230.3,7,4112.12
610,20251026,20251028,20251030,25,26,5,5,10498.86,524.94,284.47,18,6346.72
611,20260216,20260219,20260221,11,25,5,3,1348.62,134.86,21.13,14,870.27
612,20250730,20250731,20250801,11,40,5,3,2571.76,0.0,88.95,17,1444.03
613,20260123,20260128,20260130,1,10,7,1,1416.15,0.0,46.38,3,885.96
614,20251209,20251210,20251212,31,10,5,1,7135.52,0.0,257.92,8,4624.49
615,20250314,20250316,20250317,15,16,6,4,4792.62,479.26,189.55,7,2949.09
616,20251009,20251011,20251013,25,30,6,1,21156.84,0.0,674.9,18,13452.3
617,20241124,20241127,20241128,23,35,5,4,2293.42,0.0,84.45,2,1486.92
618,20250227,20250302,20250304,5,12,6,5,1094.2,0.0,16.52,2,719.18
619,20250423,20250424,20250426,26,5,7,2,1162.08,0.0,28.69,1,691.34
620,20260224,20260227,20260301,18,25,8,1,1477.66,0.0,42.44,2,935.9
621,20251205,20251207,20251208,20,24,6,4,2985.25,0.0,51.32,5,1986.55
622,20250320,20250322,20250323,7,15,7,1,381.15,19.06,9.26,1,263.38
623,20250716,20250719,20250720,27,8,7,4,15670.43,1567.04,358.34,17,8704.7
624,20240825,20240828,20240829,29,34,6,3,8998.4,0.0,253.75,16,5967.03
625,20251103,20251105,20251107,14,34,7,2,2475.3,0.0,33.13,10,1721.41
626,20250505,20250510,20250511,3,30,8,3,10261.98,0.0,227.69,9,6875.57
627,20250421,20250426,20250427,27,24,5,3,345.32,17.27,9.77,2,190.41
628,20251007,20251009,20251011,28,11,7,1,11727.2,0.0,199.06,10,7378.88
629,20250702,20250707,20250709,17,17,5,1,1499.4,0.0,59.88,4,879.22
630,20240523,20240528,20240529,19,3,8,2,2549.6,127.48,32.32,5,1458.77
631,20241026,20241029,20241030,7,10,7,4,3093.03,0.0,100.67,9,1950.0
632,20240806,20240811,20240813,3,19,5,1,9096.39,909.64,333.12,9,5069.98
633,20250914,20250915,20250917,30,18,7,1,4238.46,0.0,44.68,18,2849.35
634,20240426,20240501,20240502,16,4,6,1,1215.84,0.0,15.86,12,767.18
635,20240825,20240829,20240830,10,39,5,2,6511.89,0.0,155.82,7,4321.88
636,20250606,20250611,20250613,22,11,8,1,15334.2,0.0,366.48,18,8962.83
637,20250816,20250818,20250820,1,21,6,4,3198.6,319.86,90.51,9,2063.06
638,20250330,20250404,20250406,3,19,5,1,244.92,0.0,6.43,3,168.93
639,20251214,20251218,20251220,9,19,7,4,3524.84,176.24,109.37,11,1973.31
640,20260125,20260129,20260131,15,34,6,1,4452.42,445.24,48.72,14,2867.83
641,20240705,20240707,20240708,13,30,7,2,4734.1,0.0,155.57,14,2894.74
642,20260218,20260222,20260223,6,35,5,1,787.62,0.0,30.53,2,529.8
643,20250619,20250620,20250622,12,16,8,4,1310.16,0.0,14.36,2,783.93
644,20250704,20250706,20250707,12,11,6,5,988.38,98.84,22.01,3,613.06
645,20240608,20240610,20240612,17,18,6,1,4944.0,0.0,111.42,10,3434.43
646,20250624,20250627,20250628,18,23,8,5,1472.54,0.0,31.31,2,930.6
647,20250907,20250908,20250910,28,14,7,1,17625.9,1762.59,312.14,15,11787.08
648,20250525,20250528,20250530,26,19,5,3,3243.9,0.0,71.74,5,2055.16
649,20240601,20240606,20240607,10,7,7,4,428.04,0.0,6.58,3,256.97
650,20250414,20250419,20250420,29,24,7,1,4994.1,0.0,79.44,10,3116.4
651,20260206,20260207,20260209,17,29,6,2,8765.82,438.29,334.94,9,5193.06
652,20250906,20250908,20250909,6,22,5,1,8002.61,800.26,156.12,7,4875.93
653,20240709,20240714,20240715,12,35,5,4,2999.14,299.91,77.82,17,2022.43
654,20260224,20260226,20260228,24,40,8,2,6914.05,0.0,93.29,11,4611.74
655,20260223,20260228,20260302,26,37,5,4,2702.31,0.0,48.48,3,1706.51
656,20240801,20240804,20240805,13,4,7,1,10350.45,0.0,121.08,17,6674.96
657,20251101,20251102,20251103,5,36,8,5,6889.87,688.99,216.89,13,4103.77
658,20250120,20250122,20250124,6,14,6,1,1077.52,0.0,41.99,2,688.36
659,20250604,20250607,20250609,4,19,5,3,4048.24,0.0,156.98,4,2424.07
660,20250216,20250218,20250220,22,17,7,1,19159.74,957.99,214.24,18,12980.35
661,20251018,20251023,20251024,17,12,7,1,6361.74,636.17,185.75,14,4399.34
662,20260322,20260325,20260327,15,36,5,1,8398.8,0.0,130.82,15,5153.43
663,20251027,20251031,20251102,22,26,7,4,12150.08,1215.01,307.33,16,7375.36
664,20260203,20260207,20260209,26,39,5,1,2775.15,138.76,106.71,15,1892.81
665,20260213,20260218,20260219,25,39,6,3,11090.46,0.0,383.76,17,6570.97
666,20240605,20240608,20240610,5,17,6,5,5184.83,518.48,136.01,17,3507.44
667,20241001,20241006,20241008,19,30,8,1,7614.4,0.0,171.68,10,4439.52
668,20250904,20250909,20250910,28,21,8,1,1481.56,148.16,42.4,2,823.12
669,20250601,20250605,20250607,25,20,7,1,1082.87,0.0,14.51,1,607.7
670,20240507,20240511,20240512,11,30,7,1,3935.0,0.0,114.74,4,2542.48
671,20240608,20240612,20240613,13,28,5,2,7708.99,0.0,175.48,17,5384.35
672,20250412,20250414,20250415,28,37,5,4,7617.83,380.89,116.87,11,4653.05
673,20250620,20250625,20250626,1,31,8,1,15425.54,0.0,363.44,13,10579.41
674,20240731,20240801,20240803,17,25,6,1,10744.02,537.2,167.78,14,6512.29
675,20240802,20240804,20240806,4,37,7,3,4927.45,0.0,172.74,5,2836.55
676,20240703,20240707,20240709,28,5,7,1,5644.68,0.0,81.1,6,3428.91
677,20250514,20250515,20250517,2,31,6,3,673.48,67.35,24.43,4,376.13
678,20240406,20240408,20240410,1,16,7,5,7816.16,781.62,196.7,11,4319.1
679,20250519,20250522,20250523,11,18,7,1,652.55,32.63,14.51,1,405.14
680,20250311,20250316,20250318,7,32,5,3,18099.59,904.98,455.06,19,12392.55
681,20250303,20250307,20250309,16,11,7,4,9786.0,0.0,217.23,12,6781.61
682,20250805,20250809,20250810,10,36,5,4,14014.21,0.0,465.93,19,8384.99
683,20250413,20250415,20250417,12,20,6,4,1948.21,0.0,75.54,11,1099.05
684,20250909,20250914,20250915,18,14,8,4,14617.96,0.0,254.41,14,8899.13
685,20251005,20251006,20251007,18,14,8,3,10122.24,0.0,179.07,16,6276.87
686,20260126,20260127,20260128,30,17,5,3,786.72,78.67,26.3,1,519.3
687,20251030,20251031,20251101,16,38,7,4,4362.88,0.0,145.85,17,2737.11
688,20250410,20250414,20250416,18,5,7,4,572.4,57.24,14.27,3,394.63
689,20250322,20250326,20250328,22,21,7,4,14249.6,0.0,439.43,16,8034.7
690,20240918,20240923,20240925,6,34,8,2,1987.54,0.0,74.99,2,1128.4
691,20250608,20250610,20250611,22,19,5,4,3783.8,0.0,136.28,4,2137.36
692,20240710,20240715,20240717,27,23,7,1,6431.6,0.0,110.43,8,4116.55
693,20260203,20260208,20260209,11,14,6,1,2750.85,275.08,110.03,3,1551.04
694,20251202,20251203,20251205,6,6,5,1,13303.92,665.2,234.75,14,8506.82
695,20240626,20240628,20240629,12,26,6,1,10643.88,0.0,162.15,12,7329.6
696,20251021,20251024,20251026,10,37,5,4,2852.28,0.0,106.64,4,1640.59
697,20240624,20240629,20240701,19,21,7,1,3770.35,377.04,120.37,5,2369.14
698,20250904,20250906,20250907,27,18,7,4,3242.16,0.0,108.79,6,1962.91
699,20240603,20240607,20240608,19,6,7,3,951.34,47.57,31.2,2,648.77
700,20250319,20250323,20250325,4,38,5,1,12784.91,0.0,228.37,19,8104.97
701,20250720,20250725,20250727,11,35,8,1,10350.34,0.0,192.11,11,7068.03
702,20250909,20250913,20250914,22,37,5,3,19414.51,970.73,769.25,17,12963.78
703,20250128,20250131,20250202,11,15,6,4,7333.69,0.0,241.46,13,4677.67
704,20260127,20260201,20260202,19,26,6,2,6828.6,0.0,134.07,19,4224.69
705,20251012,20251016,20251017,22,18,7,1,3182.9,0.0,37.24,7,1769.63
706,20240829,20240831,20240901,11,10,6,1,5995.08,299.75,74.61,14,3473.41
707,20250730,20250731,20250802,21,9,8,1,1139.68,56.98,24.87,1,717.89
708,20250911,20250914,20250916,13,16,8,1,2598.21,0.0,36.17,3,1488.49
709,20241128,20241203,20241204,5,23,8,5,3001.92,0.0,90.4,12,1929.63
710,20250916,20250917,20250919,13,5,5,1,5009.8,0.0,100.08,5,3310.63
711,20260110,20260111,20260113,15,29,8,1,9024.96,902.5,265.28,12,6147.27
712,20251112,20251116,20251118,1,19,5,4,5823.84,0.0,103.53,11,3866.67
713,20251004,20251008,20251010,28,36,8,4,3708.18,0.0,106.91,6,2087.16
714,20250703,20250707,20250709,17,12,8,2,8903.52,0.0,213.72,9,5011.69
715,20241013,20241018,20241019,2,3,5,3,4400.97,220.05,158.12,7,2776.21
716,20251027,20251028,20251029,28,13,5,5,4198.8,419.88,107.35,8,2608.87
717,20241220,20241221,20241222,27,39,7,1,5724.04,0.0,155.42,7,3908.12
718,20250420,20250423,20250425,1,13,5,1,3679.69,0.0,76.33,7,2266.34
719,20241114,20241119,20241120,5,29,8,4,11886.24,594.31,286.69,16,7391.51
720,20241113,20241118,20241119,12,34,7,4,300.98,0.0,4.7,1,186.02
721,20240723,20240726,20240727,17,12,7,5,619.86,0.0,18.22,6,372.37
722,20260225,20260228,20260301,23,26,8,1,3653.7,0.0,139.01,15,2514.65
723,20240716,20240717,20240719,14,9,5,5,4402.56,440.26,114.1,8,2498.75
724,20240602,20240607,20240609,20,15,7,1,680.61,0.0,19.1,3,404.94
725,20260206,20260210,20260211,1,12,8,4,873.12,87.31,31.94,4,549.77
726,20250507,20250511,20250513,21,27,5,4,5956.5,0.0,137.84,15,3354.43
727,20250211,20250214,20250216,29,36,5,1,10284.0,0.0,250.04,10,7003.3
728,20250916,20250917,20250919,17,11,5,1,10122.56,1012.26,358.9,16,5799.93
729,20250103,20250104,20250105,15,12,6,3,1315.14,0.0,37.98,6,886.49
730,20240702,20240705,20240706,10,33,5,4,10504.89,0.0,295.53,9,6053.9
731,20250910,20250913,20250915,30,19,5,1,2903.28,0.0,46.86,4,1807.59
732,20240806,20240810,20240811,1,21,8,4,3999.94,0.0,56.89,7,2392.26
733,20250505,20250507,20250508,10,29,6,1,16691.45,834.57,210.88,17,10414.51
734,20260216,20260217,20260219,5,6,6,2,6013.44,0.0,213.97,6,3404.99
735,20260206,20260209,20260210,27,35,6,1,17843.85,0.0,681.75,19,11072.92
736,20241217,20241221,20241223,16,15,8,5,1909.59,0.0,68.34,3,1190.21
737,20251017,20251022,20251023,29,27,6,1,4992.26,0.0,137.73,14,3061.57
738,20250617,20250619,20250620,21,18,6,3,3730.92,186.55,95.56,4,2157.95
739,20250313,20250316,20250317,18,31,8,1,4279.15,213.96,65.54,5,2874.95
740,20240711,20240716,20240718,17,25,5,5,14890.5,0.0,306.08,15,9911.91
741,20241229,20250101,20250103,7,7,6,4,3284.9,0.0,77.96,10,2055.7
742,20250716,20250719,20250720,18,8,7,1,9729.0,486.45,378.17,18,5704.04
743,20260315,20260317,20260318,22,36,7,1,1031.8,0.0,31.43,1,630.58
744,20240404,20240409,20240411,30,21,8,2,11130.24,1113.02,145.54,11,7570.78
745,20250901,20250906,20250908,18,12,8,2,1393.8,69.69,15.84,12,964.91
746,20251203,20251204,20251205,30,6,6,4,7933.41,793.34,268.11,9,4937.0
747,20260217,20260218,20260219,30,6,8,3,11941.38,1194.14,344.91,18,7500.15
748,20250201,20250205,20250207,17,37,5,2,12066.33,1206.63,133.72,19,7826.38
749,20240625,20240630,20240702,15,40,5,4,19569.42,1956.94,472.85,18,13142.37
750,20241013,20241016,20241017,5,16,8,2,7907.34,0.0,96.72,7,5264.62
751,20251206,20251208,20251209,10,9,5,1,3827.76,191.39,150.86,8,2433.5
752,20251226,20251228,20251229,28,17,6,1,8831.39,0.0,144.42,19,5427.37
753,20250705,20250708,20250710,5,6,7,1,161.24,0.0,5.22,2,99.25
754,20240628,20240701,20240703,13,22,6,3,5790.9,289.54,192.65,10,3883.19
755,20240628,20240701,20240703,22,26,8,1,5086.72,254.34,177.68,16,3516.36
756,20250312,20250315,20250317,9,40,6,3,6953.76,347.69,276.42,11,4268.84
757,20250531,20250604,20250606,31,13,7,1,4057.68,202.88,58.24,4,2428.63
758,20240424,20240428,20240429,21,8,5,4,9891.64,0.0,145.13,11,5762.0
759,20250810,20250814,20250816,1,6,5,1,3150.75,0.0,83.12,15,1893.3
760,20250429,20250502,20250503,9,16,5,2,2273.12,0.0,66.79,16,1423.16
761,20240409,20240413,20240415,24,25,7,1,5210.84,0.0,81.46,17,3640.12
762,20240609,20240614,20240615,27,3,5,1,699.58,0.0,15.56,1,400.29
763,20250223,20250224,20250226,29,31,7,1,593.2,0.0,18.73,4,366.61
764,20250905,20250906,20250907,27,19,6,2,1131.65,56.58,20.29,1,696.87
765,20251118,20251122,20251123,3,32,7,4,7183.2,0.0,198.95,10,5005.32
766,20250206,20250211,20250213,23,19,8,1,16619.96,0.0,504.47,14,10980.55
767,20241031,20241103,20241104,4,7,8,4,1610.4,80.52,27.11,15,951.3
768,20260302,20260303,20260305,3,1,5,3,16007.76,0.0,364.83,18,9388.04
769,20250226,20250227,20250228,22,23,8,3,17726.88,886.34,398.8,16,12283.41
770,20241115,20241116,20241118,16,22,8,3,13679.51,683.98,222.85,13,8942.23
771,20250214,20250216,20250218,21,33,7,1,3062.07,0.0,58.63,3,1913.2
772,20240409,20240413,20240414,27,36,5,4,18033.6,901.68,607.73,16,10444.52
773,20241105,20241107,20241108,3,7,7,4,15274.8,0.0,491.77,18,10060.12
774,20250408,20250409,20250410,17,13,7,4,6993.9,0.0,243.37,15,4210.81
775,20260125,20260129,20260131,27,9,7,1,4297.72,429.77,102.34,4,2930.88
776,20250916,20250920,20250921,15,5,6,4,2963.55,0.0,33.42,3,2062.31
777,20251017,20251020,20251021,17,1,7,1,4807.95,0.0,182.99,15,3221.66
778,20250429,20250504,20250505,16,4,7,2,866.25,0.0,32.41,3,504.38
779,20240619,20240623,20240624,29,21,6,1,2280.33,0.0,66.76,9,1260.53
780,20250108,20250111,20250112,2,7,8,1,10354.76,0.0,381.7,13,5904.52
781,20260322,20260325,20260327,28,8,7,3,635.33,0.0,11.44,1,441.07
782,20240502,20240505,20240507,26,5,6,4,1912.9,191.29,72.09,5,1205.93
783,20251227,20260101,20260103,26,29,7,1,478.09,0.0,12.11,1,311.9
784,20250808,20250810,20250812,14,26,8,3,5454.72,545.47,94.83,8,3160.44
785,20241023,20241027,20241028,17,39,6,3,1943.52,194.35,20.16,16,1230.85
786,20251015,20251016,20251018,13,5,7,5,8097.0,404.85,209.48,12,4688.9
787,20251127,20251130,20251202,9,9,5,4,18855.52,0.0,400.32,16,12609.96
788,20240502,20240505,20240507,28,19,6,1,1757.08,87.85,27.39,4,995.94
789,20240616,20240621,20240623,17,26,7,1,8117.01,0.0,121.22,11,5342.39
790,20250726,20250729,20250731,23,6,8,3,5709.35,285.47,60.06,5,3626.45
791,20260324,20260326,20260327,4,9,7,1,3136.0,0.0,71.63,4,1809.24
792,20240418,20240420,20240422,25,17,7,5,2096.1,209.61,33.47,9,1409.45
793,20250726,20250728,20250729,21,1,6,5,3735.76,186.79,40.24,14,2181.69
794,20240708,20240709,20240710,31,16,7,5,5278.7,0.0,178.25,10,2965.19
795,20250715,20250720,20250721,5,31,6,1,439.16,43.92,11.37,4,246.59
796,20250625,20250626,20250628,18,22,5,4,424.68,0.0,4.49,2,295.34
797,20240605,20240609,20240611,17,18,5,4,3655.84,182.79,93.35,8,2241.04
798,20250806,20250809,20250810,18,20,7,1,4605.0,0.0,49.82,10,2996.8
799,20260109,20260111,20260113,2,38,8,1,9948.96,994.9,240.69,12,6787.83
800,20251216,20251221,20251223,16,21,6,1,5534.37,0.0,91.19,9,3224.34
801,20240421,20240425,20240426,10,22,8,2,1568.4,78.42,53.02,10,971.72
802,20240925,20240927,20240929,20,38,8,5,148.03,0.0,5.73,1,95.65
803,20240922,20240927,20240929,7,7,7,4,1969.04,98.45,66.07,4,1241.6
804,20250222,20250224,20250225,15,4,8,1,7256.55,0.0,165.99,15,4445.41
805,20240713,20240718,20240720,20,18,6,3,7428.2,0.0,176.29,10,5121.9
806,20251209,20251214,20251216,2,13,6,1,3548.16,0.0,37.73,8,2403.42
807,20251014,20251016,20251017,25,9,7,1,908.9,0.0,29.39,2,627.04
808,20251106,20251108,20251109,23,5,7,1,7014.4,0.0,122.13,16,4830.09
809,20240822,20240825,20240826,2,36,7,3,3438.57,343.86,107.79,3,2290.43
810,20240411,20240416,20240418,2,25,6,4,2879.73,143.99,44.49,7,1906.25
811,20260119,20260121,20260122,27,28,8,4,10721.1,536.06,157.34,10,6248.5
812,20241026,20241031,20241102,10,5,5,4,1704.56,170.46,54.76,8,1121.95
813,20250719,20250723,20250725,27,14,5,1,9219.6,460.98,367.02,9,6198.48
814,20260118,20260122,20260123,16,25,6,4,3053.4,0.0,58.53,14,1871.24
815,20240427,20240502,20240503,12,22,5,1,4059.63,0.0,64.88,9,2722.06
816,20240404,20240405,20240406,10,28,6,2,14767.74,738.39,325.87,13,9863.83
817,20240404,20240409,20240410,21,27,7,3,4407.26,0.0,166.84,11,2498.17
818,20240723,20240728,20240729,4,17,6,1,2672.16,0.0,76.76,16,1536.46
819,20240508,20240513,20240514,14,32,5,1,10522.88,0.0,357.28,16,7031.92
820,20251114,20251115,20251116,12,11,6,1,8988.4,0.0,175.66,10,5851.3
821,20250613,20250614,20250615,5,4,7,1,2922.3,146.12,101.7,5,1851.86
822,20260310,20260315,20260316,12,37,8,5,11807.95,0.0,149.36,11,7319.0
823,20251101,20251106,20251107,17,1,8,1,692.84,0.0,19.62,4,463.62
824,20260226,20260228,20260301,22,12,7,3,9966.78,0.0,145.49,18,5773.02
825,20240920,20240923,20240925,3,5,5,5,2346.02,0.0,76.71,2,1402.13
826,20241026,20241027,20241029,28,10,5,3,11631.84,581.59,200.15,11,7987.47
827,20251206,20251211,20251213,28,16,6,2,4906.85,490.69,127.86,5,3232.99
828,20240925,20240926,20240928,22,6,5,5,16352.96,0.0,582.08,16,9788.02
829,20240512,20240514,20240516,29,19,7,1,408.25,40.83,5.53,5,265.87
830,20250728,20250730,20250731,14,38,6,1,2206.89,0.0,68.71,3,1308.31
831,20251101,20251102,20251103,26,6,8,3,4783.38,0.0,190.13,6,2887.2
832,20260302,20260307,20260308,23,38,6,2,13784.4,0.0,149.36,18,7650.01
833,20260131,20260205,20260206,18,17,6,4,1961.84,0.0,30.01,2,1251.28
834,20240626,20240627,20240628,6,24,7,1,13588.23,1358.82,212.41,19,9336.83
835,20251011,20251015,20251016,18,18,5,3,793.52,0.0,13.32,2,515.44
836,20251203,20251206,20251207,29,13,8,4,4124.64,0.0,50.44,13,2268.82
837,20250818,20250819,20250820,31,5,7,5,13972.86,0.0,178.51,18,9398.69
838,20251114,20251115,20251117,15,24,7,1,17898.72,0.0,459.43,16,10170.44
839,20251127,20251128,20251129,9,37,6,1,8671.68,0.0,94.6,16,5781.32
840,20250217,20250221,20250223,24,21,8,5,5119.7,0.0,172.55,5,2918.82
841,20240430,20240501,20240502,3,24,8,3,12386.01,0.0,214.65,13,7452.4
842,20250224,20250226,20250228,5,26,5,1,4734.18,0.0,53.23,6,2808.15
843,20240824,20240825,20240826,18,16,7,1,1669.92,166.99,17.89,6,1149.97
844,20240622,20240626,20240628,31,5,8,4,7969.65,0.0,227.49,15,5064.99
845,20240630,20240705,20240707,11,21,6,3,4936.08,0.0,127.09,6,2800.81
846,20250818,20250819,20250821,15,35,7,3,6931.98,346.6,115.51,9,4658.21
847,20250331,20250401,20250403,11,13,8,4,935.1,93.51,35.58,5,611.62
848,20250426,20250428,20250429,15,35,6,1,11233.97,0.0,385.71,11,7286.06
849,20250921,20250925,20250927,1,35,7,1,13241.13,0.0,148.74,17,7491.81
850,20250502,20250504,20250505,19,10,7,3,11683.8,1168.38,388.64,10,7589.42
851,20250630,20250704,20250705,19,24,5,4,16266.78,0.0,406.42,18,9933.33
852,20240602,20240604,20240606,11,30,5,1,1316.24,65.81,20.02,4,766.84
853,20251207,20251209,20251211,9,20,7,4,8359.74,417.99,99.75,18,5829.01
854,20250219,20250224,20250225,24,28,5,1,16432.8,0.0,477.15,15,9927.43
855,20240722,20240725,20240727,6,37,8,1,8287.47,414.37,91.96,9,5645.74
856,20251110,20251111,20251112,2,26,7,5,2662.65,0.0,55.88,3,1581.7
857,20250914,20250915,20250916,2,34,7,1,10058.6,502.93,167.59,10,6041.67
858,20240509,20240514,20240516,28,33,6,1,2886.24,0.0,70.39,16,1929.51
859,20240818,20240819,20240821,12,33,6,4,1104.32,0.0,42.15,7,715.36
860,20240412,20240417,20240418,4,35,6,2,14634.62,0.0,492.49,13,9066.55
861,20241013,20241017,20241018,28,10,7,2,5062.2,0.0,94.6,5,3257.48
862,20240612,20240616,20240617,5,1,6,4,6124.64,0.0,74.54,16,3942.69
863,20250827,20250831,20250901,12,7,6,1,19956.46,0.0,606.89,19,12356.6
864,20250413,20250418,20250419,1,10,5,4,5716.62,0.0,149.72,13,3610.39
865,20260310,20260313,20260314,22,28,7,1,3801.12,0.0,63.64,8,2340.66
866,20250924,20250926,20250928,22,21,7,1,3269.28,326.93,114.83,3,1916.41
867,20250617,20250618,20250619,24,19,7,4,15073.9,0.0,544.27,17,9875.86
868,20250404,20250409,20250411,9,1,6,1,2084.79,0.0,76.25,3,1419.4
869,20240510,20240512,20240514,11,28,5,4,4993.8,499.38,151.54,6,3206.42
870,20240521,20240523,20240525,30,15,6,5,10638.1,0.0,360.89,10,6951.21
871,20250620,20250622,20250623,26,31,6,4,3313.74,0.0,92.54,6,2263.89
872,20240404,20240405,20240406,2,5,5,1,683.52,0.0,12.6,3,404.33
873,20240501,20240504,20240506,22,12,8,1,7013.37,0.0,160.38,13,4504.63
874,20240906,20240911,20240913,26,3,6,4,2934.0,146.7,92.76,8,2033.03
875,20251231,20260103,20260104,18,12,6,2,675.65,67.56,8.49,1,455.64
876,20250226,20250302,20250304,21,37,7,4,6359.4,0.0,92.61,6,4202.82
877,20250827,20250830,20250901,1,20,8,4,2660.46,266.05,72.54,3,1571.44
878,20250123,20250128,20250129,1,18,6,1,6042.42,302.12,175.34,9,3686.26
879,20240804,20240808,20240809,2,11,7,1,14159.85,0.0,257.21,15,8784.9
880,20241225,20241229,20241230,5,11,5,3,8953.29,0.0,322.16,9,5234.78
881,20240606,20240611,20240613,31,27,7,3,15822.75,1582.28,177.18,15,8952.93
882,20251009,20251010,20251012,21,40,5,1,6627.0,0.0,171.3,12,4425.7
883,20240811,20240812,20240814,25,30,5,3,15672.81,1567.28,440.81,17,10587.94
884,20241229,20250103,20250104,10,30,7,4,8278.24,0.0,253.25,8,5088.28
885,20260310,20260315,20260316,30,19,5,2,2665.2,266.52,30.42,6,1631.54
886,20250602,20250603,20250604,6,4,5,1,1066.26,0.0,37.65,1,657.52
887,20250226,20250302,20250304,29,29,5,4,2025.55,202.56,27.66,5,1326.21
888,20250428,20250503,20250505,1,33,8,4,2377.75,0.0,57.95,5,1353.54
889,20251019,20251020,20251021,1,21,7,5,3220.82,322.08,33.64,17,2251.13
890,20241001,20241003,20241005,3,4,6,1,10410.53,520.53,375.21,13,5950.95
891,20250705,20250708,20250709,25,29,8,4,15743.68,1574.37,220.1,16,9951.14
892,20251222,20251223,20251225,9,37,6,4,792.5,39.62,11.66,2,519.58
893,20250519,20250522,20250524,15,9,8,4,7965.9,0.0,178.23,10,4969.59
894,20250217,20250220,20250222,16,7,6,1,9424.08,471.2,330.02,18,6061.22
895,20240714,20240718,20240720,25,30,5,1,1082.95,54.15,34.46,5,720.5
896,20240927,20240930,20241001,12,14,5,3,1174.18,58.71,33.04,14,819.84
897,20260213,20260217,20260219,1,29,6,1,8427.45,842.75,240.0,15,5061.6
898,20250427,20250501,20250503,13,29,5,1,3398.01,0.0,108.7,11,2064.7
899,20241104,20241105,20241107,10,11,5,5,9404.1,0.0,302.7,15,6250.15
900,20250128,20250202,20250204,23,2,6,1,10408.68,0.0,351.75,9,6489.17
901,20250523,20250526,20250528,24,23,8,5,3921.9,0.0,70.29,5,2382.08
902,20250424,20250427,20250429,3,17,5,3,4741.96,0.0,72.11,4,3151.93
903,20250819,20250823,20250825,25,35,5,4,10671.12,533.56,126.07,12,6194.44
904,20241004,20241007,20241008,3,15,8,1,13873.05,0.0,145.06,15,9305.66
905,20250714,20250718,20250719,20,10,5,3,7712.1,0.0,255.16,9,5377.97
906,20250215,20250217,20250219,13,35,8,3,4791.5,0.0,87.17,5,2846.89
907,20260210,20260214,20260216,11,30,7,5,5578.58,0.0,202.05,14,3561.04
908,20240724,20240725,20240726,16,25,8,1,11334.15,0.0,375.15,15,6288.45
909,20240717,20240720,20240722,11,39,7,1,4696.56,0.0,102.43,6,3270.18
910,20250228,20250305,20250307,25,32,7,5,9346.2,0.0,129.76,15,6002.87
911,20250403,20250406,20250408,31,35,5,1,560.56,56.06,21.69,1,338.85
912,20250813,20250815,20250816,26,32,7,3,5005.5,250.28,103.0,10,3337.92
913,20250118,20250119,20250120,15,17,7,1,6838.8,0.0,69.24,12,4609.28
914,20260121,20260126,20260127,17,3,8,1,2109.4,210.94,72.93,2,1166.37
915,20250309,20250314,20250315,15,25,5,3,10082.5,1008.25,209.7,10,6257.24
916,20240703,20240706,20240707,25,31,5,3,1271.74,0.0,37.29,2,773.94
917,20240626,20240627,20240629,18,40,5,3,397.88,0.0,10.62,4,257.45
918,20260305,20260310,20260312,16,28,8,2,11726.7,586.34,338.05,15,6893.86
919,20240706,20240709,20240711,14,23,5,4,3412.86,170.64,86.3,11,1996.78
920,20260215,20260220,20260221,13,24,8,5,2355.08,117.75,84.73,13,1566.55
921,20241019,20241022,20241023,18,5,6,1,8499.12,424.96,87.87,14,5439.49
922,20240607,20240610,20240611,22,1,6,1,945.01,47.25,9.8,11,555.64
923,20241107,20241108,20241110,14,2,8,1,547.45,0.0,12.65,1,317.47
924,20250619,20250622,20250624,26,37,7,4,9917.9,0.0,192.18,10,6262.4
925,20250204,20250206,20250208,26,32,7,1,2291.6,0.0,49.47,5,1541.64
926,20251020,20251023,20251024,14,11,8,4,9030.74,0.0,349.55,17,5648.39
927,20250616,20250619,20250621,29,17,8,2,17752.46,0.0,299.53,19,10187.42
928,20250115,20250117,20250119,6,20,7,3,6779.04,0.0,177.64,16,4568.39
929,20250703,20250707,20250709,29,10,6,4,2271.0,0.0,58.14,15,1522.81
930,20260304,20260306,20260308,10,17,8,3,9734.62,0.0,224.36,14,5435.31
931,20250123,20250128,20250129,18,14,7,2,11386.26,0.0,247.79,17,7267.65
932,20240720,20240725,20240726,10,28,8,1,3771.04,188.55,121.61,7,2232.62
933,20250121,20250122,20250124,15,31,8,3,2860.14,143.01,78.04,6,1866.02
934,20251129,20251202,20251204,12,4,7,1,7208.76,0.0,102.43,13,4528.73
935,20240905,20240908,20240910,23,19,6,4,10126.9,0.0,148.6,17,6689.19
936,20260216,20260221,20260222,3,40,8,2,11806.34,0.0,125.96,14,7807.75
937,20250531,20250604,20250606,27,35,8,1,6670.9,667.09,104.41,10,4580.58
938,20250609,20250610,20250611,29,32,5,1,3126.9,0.0,90.57,6,2067.21
939,20241116,20241117,20241118,18,30,7,3,12771.18,1277.12,154.9,18,7533.93
940,20260126,20260128,20260129,18,1,7,5,14052.0,0.0,304.24,12,9135.0
941,20240427,20240428,20240430,22,39,7,1,8908.9,0.0,160.46,11,5545.01
942,20241102,20241105,20241106,6,30,8,1,6995.28,0.0,174.07,8,4853.74
943,20250128,20250129,20250131,24,36,6,2,3802.37,0.0,65.88,11,2519.74
944,20250312,20250317,20250319,7,37,8,5,3103.02,0.0,67.72,3,2156.11
945,20250309,20250310,20250312,22,11,7,4,4508.16,0.0,46.0,12,2665.17
946,20240716,20240717,20240719,11,1,5,1,6853.88,0.0,225.65,11,4720.34
947,20240911,20240916,20240918,24,27,7,3,5802.7,290.14,122.81,10,3374.98
948,20240608,20240611,20240612,25,19,5,4,13475.2,673.76,315.16,16,7867.05
949,20250519,20250521,20250522,7,1,8,4,5294.96,264.75,136.88,11,3239.24
950,20241210,20241215,20241216,20,11,8,2,16405.65,0.0,407.64,15,9900.26
951,20250515,20250520,20250522,16,40,8,4,12933.57,0.0,306.75,13,8409.87
952,20250601,20250606,20250608,10,15,7,3,1067.76,106.78,11.14,6,668.86
953,20250821,20250823,20250825,19,11,6,1,6717.36,0.0,101.0,8,4373.49
954,20250501,20250505,20250506,31,27,6,1,346.68,0.0,3.75,4,208.45
955,20250713,20250718,20250720,1,27,8,2,6432.66,0.0,203.8,13,4118.98
956,20250530,20250601,20250603,30,14,5,1,10726.7,1072.67,258.44,10,6284.34
957,20250716,20250717,20250718,27,34,8,2,1176.52,0.0,19.4,1,718.11
958,20250620,20250624,20250625,17,24,6,4,4235.2,423.52,159.23,5,2461.22
959,20241115,20241117,20241119,20,7,7,4,7865.41,0.0,147.83,7,4895.91
960,20240926,20241001,20241002,13,13,7,1,14128.87,706.44,421.28,17,9722.74
961,20251022,20251026,20251027,4,34,5,1,2835.9,283.59,90.37,10,1769.09
962,20241204,20241207,20241208,19,4,5,4,4957.74,0.0,192.78,6,2988.63
963,20250503,20250506,20250507,26,1,5,2,9823.52,0.0,236.68,14,5445.91
964,20240821,20240822,20240823,7,27,8,1,14442.72,0.0,360.94,16,10026.58
965,20250206,20250207,20250208,23,18,5,4,6556.92,0.0,66.87,6,4128.09
966,20250418,20250419,20250420,24,11,7,1,5323.65,0.0,162.94,5,3465.65
967,20250627,20250701,20250703,24,19,5,1,11918.01,1191.8,417.47,13,7552.66
968,20250416,20250420,20250422,12,8,8,4,4220.09,0.0,84.3,7,2584.05
969,20241217,20241220,20241221,13,15,8,3,1635.84,81.79,53.48,8,982.54
970,20260225,20260302,20260303,14,10,6,2,20579.22,1028.96,223.93,18,12464.48
971,20250406,20250411,20250413,27,24,5,4,7964.64,0.0,241.74,9,5297.14
972,20251106,20251110,20251111,29,27,6,5,13256.11,0.0,456.6,19,7962.79
973,20250915,20250920,20250921,14,37,7,1,3382.88,169.14,134.54,16,2078.11
974,20250509,20250510,20250511,31,3,7,3,10306.35,1030.64,176.33,9,5788.8
975,20260101,20260103,20260105,19,14,7,1,3036.5,151.83,104.43,10,1819.74
976,20240702,20240703,20240704,13,11,7,2,2366.4,0.0,68.52,12,1461.2
977,20260126,20260129,20260131,1,24,7,2,2997.89,0.0,40.38,7,1871.75
978,20251206,20251207,20251208,20,22,5,2,990.78,99.08,33.76,3,611.76
979,20250331,20250401,20250402,21,36,5,1,8062.01,0.0,152.8,11,4896.6
980,20250913,20250915,20250916,31,37,8,4,5297.71,0.0,198.19,11,3495.75
981,20250412,20250413,20250414,23,31,7,2,2188.76,0.0,28.3,2,1260.69
982,20241012,20241013,20241015,1,8,8,4,5901.3,0.0,172.86,18,3704.44
983,20251031,20251104,20251105,19,2,7,2,1288.63,0.0,28.15,7,812.16
984,20240925,20240929,20241001,24,36,6,4,949.05,94.9,24.56,1,592.63
985,20241114,20241118,20241120,16,38,7,3,3244.43,0.0,99.28,7,1806.32
986,20250411,20250412,20250414,14,11,7,2,114.7,5.74,3.11,1,74.8
987,20251127,20251129,20251201,26,2,5,4,4301.44,0.0,120.03,8,2911.0
988,20250103,20250106,20250108,20,28,6,4,16037.6,0.0,583.69,16,10156.57
989,20250324,20250329,20250331,22,24,7,2,10733.88,0.0,223.41,12,7373.08
990,20240501,20240502,20240503,15,36,5,2,1380.0,0.0,20.46,10,832.75
991,20240623,20240626,20240628,10,24,5,3,7103.25,0.0,74.94,11,4381.04
992,20240511,20240514,20240515,17,31,5,3,533.44,53.34,7.35,1,366.75
993,20240523,20240527,20240528,30,32,7,2,3884.52,388.45,50.14,12,2149.34
994,20251219,20251221,20251222,20,1,5,4,15051.78,0.0,431.46,18,10325.74
995,20251130,20251204,20251205,23,6,6,2,2612.52,0.0,57.15,18,1570.55
996,20251116,20251117,20251119,4,32,5,2,3785.2,0.0,38.7,10,2531.27
997,20240511,20240515,20240516,31,8,6,3,686.0,34.3,16.05,8,451.87
998,20240527,20240601,20240603,9,9,5,5,2013.31,0.0,27.31,17,1136.92
999,20241020,20241022,20241023,31,31,8,1,17680.32,0.0,541.35,18,12162.59
1000,20250514,20250516,20250518,15,9,6,1,479.25,47.92,15.18,5,275.11
1001,20241128,20241203,20241205,29,6,5,1,2596.9,129.84,76.42,10,1536.07
1002,20250319,20250323,20250325,28,1,7,4,9156.45,0.0,267.32,15,5655.15
1003,20240804,20240808,20240810,24,19,8,2,1852.92,185.29,54.21,6,1097.19
1004,20250911,20250915,20250916,29,26,8,2,18764.02,938.2,279.15,19,11851.49
1005,20241113,20241114,20241115,20,30,8,1,2320.12,0.0,27.81,2,1430.41
1006,20240519,20240523,20240525,27,37,6,4,3146.5,157.33,109.98,5,2070.92
1007,20250919,20250921,20250922,6,27,6,2,5430.78,0.0,185.54,18,3291.47
1008,20260113,20260115,20260117,3,31,6,3,9474.88,0.0,339.43,8,5789.59
1009,20240411,20240415,20240416,18,9,6,1,7015.44,0.0,97.03,12,4744.68
1010,20250210,20250213,20250214,26,14,8,1,5853.12,0.0,194.35,8,3393.26
1011,20251120,20251125,20251126,24,13,5,1,7622.64,0.0,85.57,12,4912.55
1012,20250824,20250826,20250828,17,3,8,2,17020.8,0.0,374.06,15,9777.61
1013,20251211,20251213,20251214,17,39,8,2,19599.26,0.0,487.25,19,11396.33
1014,20250126,20250131,20250202,20,10,8,1,5464.14,273.21,68.14,11,3065.23
1015,20241226,20241228,20241230,28,18,7,1,8938.72,446.94,293.34,8,5230.43
1016,20250826,20250830,20250901,27,15,8,1,7491.12,374.56,163.64,14,4267.6
1017,20240721,20240722,20240724,4,2,5,2,17359.21,867.96,492.27,17,10494.75
1018,20240921,20240923,20240925,19,37,8,1,2422.02,0.0,80.51,3,1386.32
1019,20250609,20250613,20250615,13,9,7,1,1067.7,0.0,13.27,10,596.39
1020,20250728,20250729,20250731,25,5,8,1,3364.2,0.0,66.94,7,1921.16
1021,20240626,20240630,20240701,17,14,5,4,19089.54,954.48,398.65,18,10980.55
1022,20250403,20250404,20250405,31,6,8,5,9095.11,454.76,289.27,19,5973.28
1023,20241220,20241221,20241223,14,40,7,3,2200.2,220.02,39.67,5,1305.45
1024,20250329,20250401,20250403,22,8,5,1,14753.12,737.66,451.49,16,9269.12
1025,20260222,20260226,20260227,4,13,7,5,6209.07,0.0,88.37,7,3532.59
1026,20240526,20240527,20240528,29,11,5,5,10395.42,0.0,252.47,14,7007.91
1027,20260321,20260324,20260325,5,2,5,2,1527.69,0.0,45.43,3,939.94
1028,20250220,20250224,20250226,13,1,7,1,5700.05,570.0,207.11,5,3800.08
1029,20251011,20251014,20251015,27,21,8,4,1682.15,0.0,29.91,17,994.32
1030,20250201,20250204,20250206,31,10,5,5,3096.18,154.81,89.85,6,1842.4
1031,20241111,20241114,20241116,16,4,6,4,2903.28,0.0,29.05,6,1922.09
1032,20251010,20251014,20251015,16,12,6,3,5077.73,0.0,128.59,7,3285.66
1033,20250811,20250815,20250816,2,11,7,3,2042.1,0.0,77.2,18,1379.67
1034,20240714,20240716,20240717,31,17,5,5,4041.84,0.0,144.45,12,2646.36
1035,20250824,20250826,20250827,1,40,7,1,1368.66,68.43,37.35,6,950.56
1036,20250927,20251001,20251003,1,13,6,1,3767.28,0.0,92.13,8,2254.38
1037,20250106,20250108,20250109,16,29,8,4,859.16,0.0,29.61,2,502.9
1038,20260130,20260201,20260203,1,31,6,1,7501.23,0.0,194.57,9,5078.92
1039,20250708,20250709,20250710,5,3,6,2,7443.24,0.0,285.95,12,5010.4
1040,20241128,20241203,20241204,20,21,5,1,6120.8,612.08,116.9,8,3766.12
1041,20240408,20240411,20240412,23,18,8,1,6664.64,0.0,264.87,16,3972.23
1042,20250801,20250806,20250808,10,21,8,1,3456.12,0.0,114.55,3,1921.14
1043,20240830,20240831,20240901,25,7,6,3,1856.85,185.68,69.78,5,1070.1
1044,20250929,20251001,20251002,20,19,6,2,3418.72,341.87,74.11,4,2276.76
1045,20250415,20250420,20250421,7,5,8,3,1002.95,0.0,37.01,1,647.52
1046,20250304,20250308,20250309,23,38,6,1,9299.52,0.0,295.42,18,5489.42
1047,20240728,20240801,20240803,19,24,5,5,17148.24,0.0,358.02,18,11595.44
1048,20250828,20250902,20250903,26,2,5,3,6960.78,0.0,198.91,6,3945.62
1049,20240729,20240730,20240801,5,21,7,5,6822.62,0.0,246.85,14,4129.14
1050,20250128,20250202,20250203,7,38,5,2,13485.92,0.0,273.72,16,7842.68
1051,20251126,20251129,20251201,11,30,5,1,1318.88,0.0,30.76,2,913.44
1052,20260126,20260129,20260131,12,11,5,4,1032.34,103.23,33.82,1,649.07
1053,20260317,20260322,20260323,28,36,8,4,4185.68,0.0,146.43,4,2450.16
1054,20260222,20260226,20260227,23,8,8,1,6004.57,0.0,195.62,11,3458.98
1055,20250507,20250511,20250512,18,10,8,3,515.36,0.0,8.87,4,289.05
1056,20240823,20240824,20240826,18,7,6,4,5853.33,585.33,119.26,7,3292.93
1057,20251128,20251202,20251203,28,37,6,1,7771.95,0.0,187.47,15,5405.23
1058,20251101,20251103,20251105,15,29,6,3,9236.72,0.0,121.61,8,5297.97
1059,20260318,20260320,20260322,8,21,7,1,10231.95,0.0,399.37,15,6402.39
1060,20250715,20250718,20250720,5,27,5,1,2654.22,0.0,72.85,3,1799.98
1061,20240712,20240714,20240716,11,11,7,4,4320.0,0.0,59.65,10,2575.3
1062,20250330,20250402,20250403,21,3,5,2,3646.5,0.0,100.48,10,2225.05
1063,20250219,20250220,20250222,16,34,6,4,9571.44,0.0,139.98,8,6522.36
1064,20251201,20251202,20251204,14,39,6,4,3323.22,0.0,85.89,3,1966.55
1065,20250109,20250113,20250114,16,2,7,5,7035.49,0.0,232.57,7,4743.14
1066,20241124,20241125,20241127,31,3,8,2,1974.7,0.0,62.59,14,1089.96
1067,20240528,20240601,20240603,31,23,7,2,3877.02,0.0,47.0,17,2270.8
1068,20251126,20251201,20251202,5,2,6,1,3271.94,0.0,33.82,14,2205.2
1069,20250929,20250930,20251001,4,29,7,3,788.48,78.85,19.98,1,478.03
1070,20240430,20240503,20240504,9,38,7,2,6910.68,0.0,260.41,6,4561.63
1071,20250208,20250212,20250214,27,12,5,4,18558.08,927.9,690.49,16,10326.85
1072,20250313,20250316,20250317,15,12,8,2,1887.66,0.0,43.69,3,1190.32
1073,20250306,20250309,20250310,27,35,8,1,11605.33,580.27,226.16,11,7604.79
1074,20260125,20260127,20260128,21,15,5,4,13122.59,0.0,133.74,13,9075.71
1075,20240718,20240720,20240722,18,10,5,4,841.61,0.0,19.11,1,568.68
1076,20241108,20241110,20241112,10,4,5,2,1933.6,96.68,20.51,8,1143.16
1077,20240809,20240813,20240815,12,34,7,4,6273.3,0.0,134.5,11,3817.85
1078,20240924,20240928,20240930,5,38,5,2,7516.18,0.0,287.04,7,4537.77
1079,20260116,20260117,20260119,17,4,5,4,6251.0,312.55,178.15,7,4285.34
1080,20260210,20260212,20260213,10,33,7,2,11172.57,1117.26,243.26,17,7445.47
1081,20240503,20240507,20240508,10,7,5,3,524.44,52.44,8.63,4,345.77
1082,20250702,20250705,20250706,2,6,5,1,179.02,17.9,4.48,2,124.03
1083,20240916,20240920,20240921,25,16,5,1,1090.25,0.0,25.43,5,616.12
1084,20240818,20240819,20240821,30,18,7,4,2409.3,0.0,63.19,15,1576.78
1085,20241029,20241103,20241105,16,35,6,2,540.75,0.0,13.85,3,344.09
1086,20240819,20240821,20240823,18,28,6,1,2697.66,0.0,49.04,7,1539.52
1087,20250321,20250326,20250328,29,6,7,1,2942.38,294.24,84.48,7,1884.51
1088,20260321,20260324,20260326,17,24,5,2,3576.86,178.84,120.63,14,2083.78
1089,20250529,20250530,20250531,20,36,7,4,3542.16,354.22,52.8,6,2427.66
1090,20250905,20250909,20250910,14,27,6,2,8264.06,826.41,262.55,7,5012.16
1091,20250323,20250325,20250327,17,10,7,4,9566.4,0.0,312.04,16,6102.45
1092,20240411,20240416,20240417,17,6,7,4,1855.25,92.76,70.06,5,1058.91
1093,20240531,20240605,20240607,23,19,7,1,798.52,0.0,14.94,4,539.52
1094,20241012,20241014,20241015,20,19,5,4,2135.96,0.0,39.41,2,1320.95
1095,20240924,20240929,20241001,17,15,5,1,3414.07,0.0,93.55,11,1935.19
1096,20251129,20251203,20251205,3,5,7,2,7532.28,376.61,297.19,18,4259.02
1097,20251201,20251202,20251203,29,5,5,1,692.12,69.21,15.93,2,451.8
1098,20251209,20251211,20251213,28,22,6,1,4945.15,0.0,106.55,7,3420.78
1099,20250705,20250706,20250707,6,38,7,1,13645.5,0.0,336.3,15,9233.62
1100,20250508,20250510,20250511,10,24,8,1,14888.77,744.44,181.57,17,8455.38
1101,20250714,20250717,20250719,31,18,7,4,482.3,0.0,11.12,1,308.49
1102,20250120,20250121,20250122,11,38,8,3,8423.16,0.0,215.43,12,5870.74
1103,20250729,20250731,20250801,26,28,7,5,9534.87,0.0,273.57,9,5933.32
1104,20251027,20251029,20251030,25,29,6,3,15190.84,759.54,497.07,14,10365.94
1105,20251004,20251007,20251009,27,24,5,3,1720.0,86.0,62.76,16,1134.16
1106,20250618,20250619,20250620,1,31,7,1,7744.02,387.2,263.65,19,5255.08
1107,20240513,20240517,20240518,16,21,8,3,3288.6,164.43,92.52,14,1973.33
1108,20250907,20250911,20250913,18,25,6,2,4285.24,214.26,97.13,4,2757.21
1109,20241222,20241223,20241224,27,25,5,5,15798.31,789.92,186.73,19,9441.95
1110,20250920,20250922,20250924,8,31,5,5,5984.22,598.42,77.52,6,4072.24
1111,20250426,20250428,20250429,11,36,7,1,83.37,0.0,1.01,1,48.07
1112,20251229,20260101,20260102,6,12,7,3,19488.11,0.0,587.06,19,10858.24
1113,20241201,20241205,20241207,24,28,5,3,9723.68,0.0,184.97,16,6080.17
1114,20260203,20260204,20260205,31,2,5,3,362.71,0.0,8.67,1,199.6
1115,20251202,20251204,20251205,5,22,7,1,3314.85,0.0,56.93,11,2023.41
1116,20241126,20241129,20241201,7,36,6,4,9784.32,0.0,254.9,12,6579.92
1117,20250315,20250316,20250318,11,26,6,4,2703.32,0.0,95.96,4,1664.74
1118,20250420,20250423,20250424,28,11,6,1,14592.96,0.0,273.73,18,9331.89
1119,20251008,20251011,20251012,15,25,7,3,1638.57,0.0,49.33,3,1088.99
1120,20250812,20250814,20250815,10,15,7,1,5917.5,0.0,209.35,18,4020.14
1121,20251208,20251213,20251215,11,18,5,5,5697.75,284.89,159.46,15,3766.74
1122,20241224,20241229,20241230,19,10,5,1,1025.2,0.0,25.98,4,627.93
1123,20250331,20250402,20250403,13,25,7,1,1607.86,160.79,31.78,17,924.78
1124,20250206,20250207,20250208,5,8,7,1,7069.6,353.48,113.55,8,4170.33
1125,20260118,20260123,20260125,26,18,5,4,5770.5,0.0,158.72,15,3913.75
1126,20241107,20241111,20241113,14,38,5,4,1177.32,117.73,12.56,1,735.74
1127,20250530,20250604,20250606,9,31,7,1,2917.28,145.86,44.45,8,1719.83
1128,20240626,20240701,20240703,23,17,6,1,729.85,36.49,20.92,1,472.75
1129,20251206,20251211,20251212,24,39,5,4,1761.16,88.06,42.64,2,1123.18
1130,20250103,20250106,20250107,5,1,7,2,17441.43,872.07,400.4,19,9682.92
1131,20241203,20241207,20241209,3,39,5,1,9022.09,0.0,254.75,11,5368.64
1132,20250527,20250531,20250602,2,15,5,5,904.55,0.0,35.39,5,568.74
1133,20250327,20250331,20250402,24,33,7,1,11124.23,556.21,175.25,13,6465.7
1134,20251205,20251206,20251208,20,38,5,3,1754.1,87.7,37.39,18,1138.24
1135,20250420,20250423,20250425,25,25,5,1,5782.55,0.0,218.45,5,3691.46
1136,20250409,20250411,20250413,20,25,8,4,7215.6,0.0,102.15,8,4731.08
1137,20240615,20240618,20240620,14,30,5,4,8562.24,0.0,253.48,12,5179.61
1138,20240416,20240420,20240422,19,10,7,2,2526.44,0.0,47.99,7,1435.18
1139,20250114,20250117,20250118,23,8,8,4,4713.45,471.34,167.19,15,3088.81
1140,20260323,20260324,20260325,13,14,8,5,7086.0,0.0,269.03,15,4197.78
1141,20260124,20260128,20260129,29,20,8,4,542.76,54.28,10.01,2,338.51
1142,20250629,20250704,20250705,28,30,6,2,12707.42,0.0,325.84,11,8815.37
1143,20250701,20250703,20250704,26,11,8,2,2998.52,299.85,53.64,4,1680.32
1144,20250109,20250110,20250112,31,23,5,4,2178.47,0.0,52.07,7,1330.5
1145,20240807,20240811,20240813,13,1,6,1,15972.04,0.0,191.7,14,9047.63
1146,20240407,20240409,20240411,4,2,5,1,17465.12,0.0,252.01,17,10985.1
1147,20241201,20241204,20241205,16,39,7,1,5877.3,0.0,115.54,13,3841.32
1148,20241115,20241116,20241118,24,35,8,4,5565.1,0.0,131.89,19,3614.44
1149,20240817,20240822,20240824,25,35,8,1,11974.12,0.0,215.22,17,8027.88
1150,20241005,20241006,20241007,13,14,8,1,4934.16,493.42,89.1,11,2892.17
1151,20240418,20240421,20240423,10,21,5,3,8449.28,422.46,188.21,16,5813.91
1152,20250614,20250616,20250618,15,27,8,1,1149.84,114.98,13.58,4,645.33
1153,20260131,20260202,20260204,26,11,7,1,243.73,12.19,3.87,1,147.86
1154,20250813,20250817,20250819,2,30,6,2,1618.96,0.0,64.56,14,1035.4
1155,20250219,20250221,20250222,11,28,5,1,8553.61,0.0,122.56,13,4790.93
1156,20250129,20250203,20250204,7,17,5,5,1353.44,0.0,13.59,16,815.09
1157,20241109,20241112,20241114,26,18,8,1,9009.13,0.0,132.62,13,5353.31
1158,20240712,20240715,20240716,16,13,6,4,1485.26,0.0,37.89,14,893.52
1159,20250607,20250610,20250611,3,33,7,2,6823.74,341.19,84.59,7,4737.76
1160,20250515,20250517,20250518,9,40,8,1,2919.45,0.0,61.11,3,1831.3
1161,20240406,20240407,20240408,2,40,6,1,902.18,45.11,23.67,1,603.42
1162,20250126,20250128,20250129,16,31,5,3,7083.48,354.17,80.42,12,4866.02
1163,20241019,20241021,20241022,31,14,6,2,9447.84,0.0,200.12,12,5262.43
1164,20240802,20240805,20240806,19,32,5,1,2226.44,222.64,25.23,4,1406.89
1165,20250822,20250824,20250825,28,10,5,5,4967.46,0.0,139.02,9,2733.16
1166,20250416,20250420,20250422,24,36,8,2,9307.5,465.38,341.47,15,5271.61
1167,20250703,20250706,20250707,28,11,6,5,4752.24,475.22,109.88,12,2815.9
1168,20250829,20250830,20250901,11,17,7,1,632.1,0.0,14.55,1,348.77
1169,20260311,20260313,20260314,30,4,7,1,4854.8,0.0,152.96,8,3392.01
1170,20251102,20251105,20251106,9,4,7,3,523.55,0.0,15.06,1,365.2
1171,20250623,20250628,20250630,15,16,7,1,12476.24,623.81,227.79,14,7954.49
1172,20251227,20251228,20251230,22,23,5,1,9341.0,0.0,151.36,10,5737.8
1173,20250312,20250317,20250318,10,1,7,1,17318.41,865.92,495.51,17,12105.21
1174,20260313,20260318,20260320,9,34,8,1,1471.75,0.0,33.95,7,987.17
1175,20251003,20251004,20251006,4,5,5,4,6882.75,688.28,216.43,9,3943.62
1176,20250715,20250717,20250718,1,40,5,1,2873.5,0.0,65.85,10,1841.01
1177,20260114,20260117,20260118,17,11,7,5,11728.3,0.0,220.75,10,6663.74
1178,20250408,20250413,20250415,31,16,8,1,603.5,0.0,22.12,2,415.65
1179,20250904,20250906,20250908,8,7,6,2,4648.9,0.0,99.14,5,3164.69
1180,20241023,20241028,20241029,15,33,8,2,22114.67,0.0,467.72,19,12916.09
1181,20260226,20260302,20260304,30,30,5,3,7397.08,369.85,132.58,19,4618.87
1182,20250625,20250628,20250630,25,4,7,4,2958.42,0.0,66.82,3,1788.28
1183,20251018,20251021,20251022,1,5,8,4,11441.64,0.0,403.27,12,7057.51
1184,20250228,20250305,20250306,17,25,6,1,10752.8,0.0,325.13,16,6558.69
1185,20251218,20251222,20251223,5,35,7,2,8557.0,0.0,277.31,10,5160.86
1186,20240524,20240526,20240527,9,5,5,4,12217.68,610.88,210.27,12,7748.15
1187,20240622,20240623,20240624,9,9,7,1,930.81,0.0,10.03,3,597.12
1188,20250402,20250406,20250408,20,22,7,3,209.83,0.0,8.17,1,132.59
1189,20250912,20250914,20250916,6,5,8,1,3244.14,0.0,92.73,6,1914.64
1190,20251107,20251110,20251112,9,13,5,2,2539.0,0.0,87.59,4,1622.22
1191,20250213,20250217,20250219,7,1,6,2,8708.84,0.0,253.11,14,5098.59
1192,20250714,20250717,20250718,12,20,7,2,8402.04,0.0,225.42,18,5696.6
1193,20250505,20250509,20250511,21,29,8,4,3211.02,321.1,46.03,3,2181.37
1194,20260225,20260226,20260228,13,17,5,3,3826.0,0.0,145.5,5,2553.14
1195,20250717,20250720,20250722,11,11,7,5,6937.35,0.0,197.49,7,4597.64
1196,20250127,20250129,20250130,17,17,8,4,11416.72,0.0,304.67,14,7869.0
1197,20260303,20260308,20260309,20,21,7,2,1435.17,71.76,27.62,3,884.7
1198,20240617,20240621,20240622,1,7,6,2,10248.0,1024.8,156.23,15,6099.45
1199,20260313,20260314,20260316,28,5,5,2,1398.48,0.0,25.84,6,937.45
1200,20240721,20240726,20240727,29,8,6,4,8584.2,858.42,135.08,19,5554.99
1201,20241026,20241031,20241101,20,40,5,1,18722.22,1872.22,331.76,19,11034.21
1202,20251115,20251117,20251119,19,29,5,5,6387.48,319.37,130.92,18,3859.25
1203,20250913,20250916,20250918,22,6,6,3,3731.6,0.0,84.95,8,2299.23
1204,20260303,20260306,20260307,15,13,5,3,4789.2,239.46,120.23,10,2999.87
1205,20250925,20250929,20250930,12,17,5,3,458.16,0.0,16.34,4,268.57
1206,20250705,20250710,20250711,12,8,7,3,3366.86,0.0,52.58,7,2346.05
1207,20241207,20241211,20241213,5,35,5,4,2341.24,0.0,45.71,2,1375.72
1208,20240404,20240405,20240406,27,38,5,4,5970.15,0.0,81.11,5,4163.24
1209,20240629,20240702,20240703,11,10,7,1,806.25,0.0,19.27,5,554.5
1210,20241102,20241103,20241104,10,1,8,3,892.2,0.0,14.79,1,584.9
1211,20240430,20240502,20240504,30,11,7,2,10591.5,529.58,107.92,15,6996.66
1212,20250403,20250405,20250407,17,24,5,3,6639.0,663.9,218.14,12,3722.05
1213,20251015,20251017,20251018,20,33,5,3,11063.13,553.16,271.04,13,6947.98
1214,20260226,20260228,20260302,9,14,7,1,13071.96,0.0,157.12,12,7866.0
1215,20250321,20250324,20250325,10,11,7,4,5437.44,0.0,85.35,12,3107.23
1216,20251224,20251228,20251230,23,10,6,2,5306.1,265.3,135.84,5,3157.4
1217,20260314,20260318,20260320,15,1,8,3,19357.74,1935.77,630.71,18,13299.44
1218,20251213,20251215,20251216,5,1,8,4,2688.96,0.0,59.83,6,1786.07
1219,20250303,20250306,20250307,27,18,7,4,3490.08,0.0,105.18,11,1947.52
1220,20241122,20241124,20241125,14,25,7,4,686.21,34.31,9.27,7,385.36
1221,20260309,20260314,20260316,22,1,8,1,2703.75,270.38,57.85,15,1820.31
1222,20240922,20240926,20240927,12,9,5,1,698.2,0.0,26.51,4,470.84
1223,20250123,20250125,20250126,18,37,7,4,1865.1,0.0,31.03,6,1083.17
1224,20240524,20240525,20240527,25,40,8,1,1740.46,0.0,19.57,17,1173.11
1225,20251026,20251031,20251102,28,26,5,1,1498.23,0.0,26.51,9,1021.35
1226,20250714,20250718,20250720,8,21,5,1,17693.7,884.68,304.84,15,10817.61
1227,20240601,20240606,20240607,22,24,6,1,6075.86,0.0,104.08,14,3945.92
1228,20240908,20240911,20240912,29,15,6,5,992.6,49.63,35.06,7,591.15
1229,20250507,20250512,20250514,21,9,8,1,2710.35,271.04,76.33,3,1807.43
1230,20250426,20250428,20250430,5,16,6,1,2392.74,119.64,46.89,6,1530.44
1231,20251101,20251102,20251104,6,28,7,5,3442.35,344.24,55.48,3,2167.28
1232,20241010,20241014,20241015,7,27,8,5,4065.92,203.3,53.85,8,2367.57
1233,20260129,20260201,20260202,4,28,8,1,824.58,0.0,32.89,3,534.05
1234,20250216,20250220,20250222,24,25,7,4,13798.75,1379.88,499.09,19,7728.39
1235,20251116,20251118,20251120,30,3,8,1,2282.68,0.0,86.44,2,1300.97
1236,20240920,20240924,20240925,17,26,7,4,5144.85,0.0,190.2,15,3147.04
1237,20240427,20240429,20240501,19,36,5,1,13958.75,0.0,143.32,13,8008.59
1238,20240510,20240515,20240516,25,26,7,2,12778.38,638.92,152.8,18,7076.13
1239,20241226,20241229,20241230,14,24,6,1,11603.49,0.0,192.62,19,6794.55
1240,20260219,20260223,20260225,16,9,6,4,11672.65,583.63,231.87,11,7384.05
1241,20240506,20240508,20240509,19,32,7,1,504.21,0.0,5.12,1,325.57
1242,20241223,20241226,20241228,11,19,6,2,886.35,0.0,31.17,1,577.02
1243,20240619,20240624,20240625,2,11,5,4,4669.17,233.46,58.89,11,3063.28
1244,20260203,20260206,20260207,19,20,8,1,543.05,0.0,16.02,1,326.63
1245,20250802,20250805,20250806,26,5,7,4,6640.74,0.0,200.28,9,3905.85
1246,20251004,20251009,20251011,3,38,7,2,2408.39,240.84,31.9,17,1486.11
1247,20250829,20250831,20250901,8,29,8,1,8771.23,438.56,237.04,13,5130.29
1248,20250720,20250725,20250727,9,14,7,1,9941.25,994.12,231.22,11,6256.67
1249,20251012,20251015,20251017,26,32,7,1,4706.02,0.0,76.38,11,2611.49
1250,20240406,20240411,20240412,17,3,8,1,15350.85,0.0,369.47,15,10688.5
1251,20251217,20251221,20251223,18,16,6,3,4276.88,213.84,98.0,8,2708.53
1252,20250917,20250920,20250922,21,27,8,3,6574.0,328.7,149.27,19,4112.69
1253,20250917,20250918,20250920,10,1,7,2,16097.06,0.0,637.69,14,9448.18
1254,20250110,20250114,20250115,23,29,5,2,1693.28,0.0,26.41,4,981.13
1255,20251101,20251105,20251106,1,33,5,4,3485.2,0.0,127.92,8,1989.35
1256,20250102,20250106,20250107,4,24,8,1,1969.11,0.0,37.95,11,1254.06
1257,20240506,20240508,20240510,26,9,8,3,8802.53,0.0,137.47,11,5822.94
1258,20260117,20260122,20260123,21,30,8,4,2200.64,110.03,23.84,13,1240.12
1259,20240917,20240919,20240920,6,14,5,1,2113.74,0.0,77.81,6,1345.78
1260,20240613,20240618,20240620,15,30,8,3,16793.7,0.0,431.14,14,10876.82
1261,20250624,20250627,20250628,2,26,8,5,17507.88,875.39,549.55,18,10290.96
1262,20240916,20240917,20240918,22,4,8,3,3464.55,0.0,51.2,5,2068.95
1263,20251212,20251216,20251217,24,4,6,5,3503.36,0.0,82.96,14,2234.79
1264,20250215,20250220,20250222,10,1,7,1,2298.08,0.0,36.09,2,1492.52
1265,20240404,20240409,20240410,12,3,6,3,3465.6,173.28,123.08,16,2169.49
1266,20260218,20260221,20260223,9,12,5,1,2403.72,0.0,94.51,18,1378.27
1267,20250408,20250413,20250415,13,2,7,1,6977.34,348.87,103.17,9,4187.13
1268,20241008,20241013,20241015,10,38,5,5,8627.36,0.0,231.21,16,6004.43
1269,20250803,20250807,20250808,9,37,5,1,3426.75,342.68,127.22,3,1945.34
1270,20250419,20250422,20250424,14,7,5,5,13271.96,0.0,136.68,13,8199.83
1271,20240422,20240426,20240428,27,13,6,4,753.48,75.35,29.16,3,486.08
1272,20251002,20251006,20251007,24,30,5,5,706.56,0.0,9.72,2,478.48
1273,20250116,20250118,20250120,10,27,8,5,900.4,0.0,12.43,4,550.64
1274,20250819,20250823,20250825,30,24,8,3,1698.6,169.86,41.45,10,1104.54
1275,20260108,20260111,20260112,8,40,8,5,2397.1,239.71,26.53,5,1360.04
1276,20250616,20250620,20250621,29,26,6,4,1194.72,0.0,47.34,6,738.77
1277,20250730,20250731,20250801,11,27,5,3,4020.39,201.02,130.75,11,2647.68
1278,20241002,20241003,20241005,18,21,7,4,1968.97,0.0,61.76,19,1180.42
1279,20240919,20240920,20240921,7,22,7,1,834.14,0.0,29.3,2,568.5
1280,20250126,20250127,20250128,24,12,5,1,6654.31,665.43,192.63,13,4450.38
1281,20251208,20251212,20251214,11,21,8,1,11533.5,0.0,324.39,10,7741.38
1282,20250414,20250416,20250418,28,37,6,2,19386.12,0.0,600.59,17,11506.24
1283,20241208,20241210,20241212,3,16,8,1,3722.29,0.0,139.98,13,2500.02
1284,20251016,20251019,20251021,17,6,5,3,2444.7,122.24,34.62,10,1369.71
1285,20251208,20251210,20251211,5,24,6,4,11347.2,0.0,357.44,18,6367.22
1286,20260113,20260114,20260115,28,32,6,4,2703.44,0.0,70.31,8,1778.74
1287,20241103,20241104,20241106,14,39,5,4,9993.0,999.3,341.91,10,6929.88
1288,20250827,20250901,20250902,22,22,7,5,18223.56,0.0,277.54,18,12010.27
1289,20250601,20250603,20250604,28,32,8,4,17032.3,1703.23,594.36,17,11174.47
1290,20250219,20250223,20250224,18,11,7,3,1718.21,0.0,18.93,13,968.82
1291,20250112,20250115,20250116,2,17,6,1,1464.98,146.5,34.44,11,959.55
1292,20240622,20240627,20240628,7,17,7,5,3087.93,308.79,82.64,3,1998.73
1293,20241016,20241019,20241020,7,14,6,1,7818.47,781.85,267.35,11,4659.22
1294,20250503,20250507,20250509,29,29,6,1,8574.48,0.0,165.86,18,5177.08
1295,20260101,20260103,20260104,29,36,8,1,7175.0,717.5,280.04,7,4036.61
1296,20251218,20251221,20251223,16,14,7,3,2250.6,0.0,48.35,12,1467.65
1297,20240814,20240817,20240818,28,6,6,4,5199.9,0.0,117.44,15,3048.69
1298,20250805,20250806,20250807,9,34,6,1,8577.66,0.0,338.29,13,5204.21
1299,20240601,20240606,20240608,22,34,8,4,17107.74,0.0,600.1,18,10644.88
1300,20250802,20250803,20250804,13,38,7,1,12136.88,0.0,398.51,14,8176.54
1301,20241204,20241209,20241210,9,11,5,1,8189.37,0.0,271.98,7,5559.21
1302,20250220,20250224,20250225,9,29,8,1,1370.34,0.0,51.61,3,909.1
1303,20250901,20250906,20250908,14,29,7,1,3612.6,180.63,79.18,10,2466.84
1304,20250202,20250205,20250206,12,32,6,4,5710.21,0.0,217.03,11,3665.89
1305,20251105,20251108,20251110,8,33,8,1,3200.45,0.0,61.81,5,2113.72
1306,20250421,20250424,20250426,12,39,8,1,3789.9,0.0,90.98,6,2406.65
1307,20260324,20260327,20260328,4,20,8,1,3122.08,0.0,103.61,13,2142.25
1308,20250706,20250708,20250710,31,4,6,4,162.17,0.0,2.34,1,113.02
1309,20241101,20241106,20241108,13,8,8,5,3443.04,172.15,135.38,16,2025.28
1310,20251013,20251014,20251016,4,36,8,4,3790.38,0.0,133.42,11,2458.2
1311,20250120,20250124,20250126,19,34,8,3,746.61,37.33,11.97,1,495.99
1312,20250422,20250426,20250428,28,1,7,5,1088.28,54.41,25.43,12,636.49
1313,20240708,20240713,20240715,12,15,6,1,998.72,49.94,18.91,2,668.12
1314,20240626,20240628,20240630,27,10,5,1,2977.26,0.0,94.39,13,1867.16
1315,20250521,20250525,20250526,20,13,8,3,7552.5,377.62,82.05,19,4517.02
1316,20240813,20240814,20240815,24,26,7,1,1676.2,0.0,62.06,10,1122.27
1317,20260323,20260326,20260328,10,21,8,2,10674.82,0.0,265.02,13,6514.52
1318,20251210,20251214,20251215,2,20,7,2,1149.42,114.94,27.79,6,652.68
1319,20250820,20250823,20250825,12,18,7,1,5770.02,577.0,131.39,6,3313.12
1320,20250914,20250916,20250918,29,26,5,2,3708.44,0.0,68.79,4,2585.25
1321,20250605,20250606,20250608,25,28,6,2,7589.6,758.96,120.55,10,4594.75
1322,20240514,20240518,20240519,25,2,7,1,2706.96,0.0,76.43,8,1532.87
1323,20250109,20250111,20250112,28,6,5,4,2166.3,0.0,61.43,3,1200.23
1324,20250325,20250328,20250329,13,14,5,4,14446.32,0.0,508.87,14,8811.52
1325,20260122,20260125,20260126,11,18,7,1,1005.7,100.57,36.17,2,603.63
1326,20240906,20240909,20240911,29,40,5,1,6447.48,0.0,188.74,6,3862.01
1327,20250326,20250328,20250330,19,36,7,1,5555.22,0.0,147.22,19,3870.91
1328,20241205,20241209,20241211,10,26,6,1,18409.86,0.0,443.13,19,12485.14
1329,20240707,20240708,20240709,10,2,6,1,13837.85,0.0,268.3,13,8015.71
1330,20240614,20240618,20240620,28,5,5,1,6016.22,300.81,68.08,7,3978.96
1331,20241221,20241224,20241226,2,19,6,4,538.42,0.0,13.51,1,307.36
1332,20240530,20240602,20240604,2,24,7,4,15469.5,773.48,596.07,15,9105.74
1333,20240519,20240523,20240525,24,27,7,4,621.48,0.0,9.24,4,429.27
1334,20241210,20241214,20241215,1,6,6,3,11767.56,588.38,377.1,12,7255.26
1335,20240825,20240828,20240830,6,36,5,4,10410.51,0.0,380.35,11,6844.34
1336,20250507,20250509,20250510,31,20,8,4,5201.1,520.11,63.38,15,3365.38
1337,20240413,20240414,20240416,14,24,8,4,3597.27,0.0,39.12,3,2369.73
1338,20241105,20241110,20241111,23,2,8,4,2309.05,230.91,80.62,5,1579.54
1339,20250222,20250224,20250226,16,33,6,4,382.44,0.0,9.81,1,215.37
1340,20260226,20260301,20260303,3,22,7,4,18016.96,0.0,643.51,16,11737.21
1341,20250703,20250706,20250707,6,9,5,3,11968.08,0.0,316.33,12,7075.53
1342,20251228,20251231,20260102,24,13,8,1,3614.1,0.0,88.18,14,2196.64
1343,20241205,20241207,20241209,3,15,5,1,1474.6,73.73,40.88,5,894.51
1344,20250220,20250225,20250226,19,2,6,2,17071.06,1707.11,461.24,17,10171.65
1345,20250129,20250130,20250131,12,38,8,1,9725.76,486.29,247.1,11,5774.77
1346,20260102,20260103,20260105,13,33,7,1,2233.22,111.66,58.76,11,1298.97
1347,20260223,20260228,20260301,30,36,8,1,1834.8,91.74,45.97,15,1020.05
1348,20260225,20260228,20260301,20,15,6,1,832.0,0.0,25.94,5,468.74
1349,20250926,20250930,20251002,20,23,5,5,3197.76,0.0,61.11,3,2086.99
1350,20250330,20250401,20250402,12,19,5,2,2282.76,228.28,80.98,2,1379.1
1351,20250427,20250428,20250429,13,20,5,1,1508.37,0.0,39.02,3,843.02
1352,20260310,20260315,20260316,22,24,5,2,4334.22,0.0,49.25,18,2921.05
1353,20241023,20241024,20241026,2,19,6,1,841.38,0.0,23.85,3,498.78
1354,20241207,20241212,20241213,9,31,5,4,4227.12,211.36,84.71,12,2719.7
1355,20260109,20260112,20260113,20,3,5,3,7054.95,0.0,145.84,15,4682.53
1356,20250105,20250106,20250108,20,8,6,1,14397.3,0.0,500.21,15,10010.24
1357,20240917,20240922,20240923,3,36,7,3,4042.44,0.0,64.42,12,2275.08
1358,20250511,20250515,20250517,25,36,7,1,2917.86,0.0,60.96,6,1606.2
1359,20241122,20241126,20241128,18,33,5,4,13322.34,0.0,234.06,18,7575.36
1360,20260105,20260107,20260109,9,15,8,5,6080.94,0.0,109.03,18,4073.55
1361,20260118,20260123,20260125,24,19,7,5,621.27,0.0,12.45,1,434.16
1362,20241108,20241110,20241111,31,2,6,1,5130.58,0.0,71.25,14,3534.4
1363,20250418,20250422,20250423,14,12,6,4,2641.86,0.0,38.72,9,1821.78
1364,20260313,20260315,20260317,10,30,8,4,1439.94,143.99,23.61,6,812.3
1365,20250919,20250924,20250925,10,14,6,4,1147.77,0.0,30.85,13,673.77
1366,20240903,20240908,20240910,19,20,5,1,3365.1,0.0,91.36,9,2240.32
1367,20250602,20250605,20250606,2,5,6,2,8649.27,0.0,325.56,9,4997.78
1368,20250623,20250624,20250625,16,20,5,1,10143.84,1014.38,210.93,16,6976.42
1369,20250717,20250718,20250720,1,29,5,1,14223.84,0.0,393.48,16,8318.36
1370,20240419,20240421,20240423,2,23,6,4,4839.25,0.0,150.67,13,2941.85
1371,20241103,20241108,20241109,14,23,5,2,5773.95,0.0,98.48,13,3410.98
1372,20251209,20251210,20251211,24,37,6,1,4198.8,209.94,99.57,5,2931.47
1373,20240922,20240926,20240928,28,10,5,4,3017.5,0.0,112.41,17,1759.32
1374,20241103,20241106,20241108,3,12,7,2,9124.64,912.46,319.09,8,6222.3
1375,20241120,20241124,20241126,9,25,5,5,3452.76,0.0,57.99,4,1921.47
1376,20240807,20240812,20240813,14,20,5,4,3641.48,0.0,133.83,4,2175.94
1377,20240722,20240726,20240727,19,40,8,4,1320.12,132.01,35.16,12,874.26
1378,20241207,20241212,20241214,31,3,5,4,1030.74,51.54,35.5,6,590.4
1379,20251224,20251225,20251227,22,5,6,1,6033.6,301.68,107.74,16,3363.81
1380,20240402,20240405,20240407,18,14,7,1,5402.87,0.0,151.53,11,3225.78
1381,20241022,20241025,20241027,2,19,6,5,8983.81,449.19,184.19,11,5062.31
1382,20240514,20240515,20240516,3,36,6,1,137.38,13.74,1.72,1,93.46
1383,20250511,20250514,20250515,5,20,5,2,1348.2,0.0,13.9,15,763.59
1384,20240929,20241002,20241004,21,18,6,3,11245.53,0.0,399.32,19,7732.45
1385,20251025,20251026,20251028,11,7,8,1,9577.26,478.86,306.86,11,5977.92
1386,20250528,20250601,20250603,9,18,7,1,10729.76,536.49,108.61,16,6478.51
1387,20251019,20251021,20251023,22,22,8,2,301.74,15.09,11.56,2,170.73
1388,20250704,20250707,20250708,26,24,7,2,6058.14,302.91,198.49,6,3824.81
1389,20250211,20250214,20250216,15,25,8,4,3125.76,0.0,89.56,12,1731.72
1390,20251214,20251216,20251218,28,18,6,1,2051.48,205.15,51.88,4,1349.48
1391,20250311,20250315,20250317,24,7,7,2,1606.92,0.0,55.8,14,949.14
1392,20260216,20260221,20260222,23,7,7,1,4251.3,212.57,91.34,10,2590.78
1393,20260321,20260326,20260328,28,7,8,3,13550.04,1355.0,389.98,18,9067.24
1394,20250531,20250601,20250602,6,25,7,1,4691.75,234.59,118.76,7,3283.61
1395,20250801,20250805,20250806,24,35,6,1,8005.8,0.0,112.86,10,4455.92
1396,20241002,20241006,20241008,30,36,5,4,17102.47,1710.25,180.09,19,9833.24
1397,20251110,20251112,20251114,31,13,8,1,524.03,0.0,7.76,1,338.51
1398,20250730,20250802,20250803,19,4,6,4,22596.7,0.0,526.88,19,14283.63
1399,20260113,20260118,20260119,24,26,8,1,2543.5,127.18,77.0,10,1642.31
1400,20241011,20241016,20241017,28,2,7,1,1257.7,0.0,19.35,5,705.64
1401,20251022,20251027,20251028,27,26,5,1,10426.32,0.0,168.97,12,6968.06
1402,20250307,20250308,20250310,28,16,7,4,11046.06,552.3,216.3,18,7240.53
1403,20240812,20240816,20240818,26,34,6,2,11268.4,563.42,208.74,11,6450.24
1404,20240802,20240806,20240808,13,26,5,1,1867.68,0.0,45.34,16,1048.32
1405,20250512,20250516,20250518,23,30,6,3,8691.48,434.57,141.31,14,4783.31
1406,20241117,20241122,20241123,14,17,7,2,1145.88,0.0,23.93,3,650.56
1407,20240613,20240617,20240619,26,34,5,4,3822.99,0.0,138.77,19,2476.89
1408,20250203,20250205,20250207,26,22,7,5,8167.53,816.75,83.66,7,4499.69
1409,20250717,20250720,20250722,30,26,8,3,7108.56,0.0,80.38,18,4066.36
1410,20241117,20241122,20241124,19,15,5,2,20287.46,1014.37,304.9,17,13358.01
1411,20260220,20260221,20260222,16,18,5,1,5881.48,294.07,225.63,11,3386.79
1412,20251016,20251017,20251018,5,34,5,5,2659.26,0.0,69.37,6,1598.74
1413,20250406,20250407,20250409,21,16,7,2,5904.0,295.2,213.59,12,3698.55
1414,20260205,20260206,20260208,18,1,8,1,688.31,0.0,23.04,7,445.69
1415,20250208,20250211,20250213,17,16,8,5,3803.7,0.0,62.15,15,2244.25
1416,20240710,20240715,20240717,22,16,5,5,858.2,42.91,13.62,10,568.43
1417,20240426,20240429,20240430,27,17,6,2,11544.3,0.0,222.89,15,7782.24
1418,20260208,20260211,20260213,5,3,5,1,6360.4,0.0,105.27,10,3842.15
1419,20260223,20260224,20260225,14,6,6,4,14373.8,0.0,328.05,14,8882.73
1420,20250917,20250922,20250924,23,13,6,4,6596.55,659.66,199.94,15,3861.87
1421,20240614,20240617,20240619,26,17,7,2,2873.58,287.36,52.05,6,1670.2
1422,20241030,20241102,20241103,25,2,8,1,2959.29,295.93,109.91,3,1992.33
1423,20240430,20240505,20240507,25,16,8,1,568.44,0.0,14.58,3,375.13
1424,20240508,20240511,20240513,27,13,5,1,5613.3,561.33,153.44,5,3814.98
1425,20240925,20240927,20240928,30,2,5,1,9239.8,0.0,311.39,10,6205.98
1426,20250519,20250523,20250525,20,11,6,4,3897.44,194.87,106.76,8,2498.87
1427,20240518,20240523,20240525,9,12,6,1,2446.48,0.0,95.63,8,1452.3
1428,20260313,20260316,20260318,18,6,6,2,1358.88,67.94,25.35,6,887.44
1429,20250224,20250227,20250228,23,31,7,4,1070.97,53.55,12.04,3,719.82
1430,20241008,20241009,20241011,4,3,7,2,16840.08,0.0,212.15,18,11530.74
1431,20250409,20250414,20250415,24,24,8,1,8467.92,0.0,173.56,9,4993.7
1432,20251024,20251028,20251030,18,27,7,5,1626.51,81.33,64.24,3,903.68
1433,20241112,20241115,20241116,30,33,6,1,8015.88,0.0,159.45,12,4917.25
1434,20240505,20240506,20240507,7,22,5,4,3414.7,0.0,64.25,10,2306.47
1435,20240507,20240508,20240509,29,22,6,1,4519.04,451.9,170.41,16,2602.14
1436,20251207,20251211,20251213,15,31,8,2,314.4,0.0,10.82,3,211.31
1437,20240620,20240621,20240623,19,35,8,3,4989.49,249.47,79.09,11,2848.89
1438,20250704,20250709,20250710,21,9,6,2,2066.98,206.7,59.4,2,1362.39
1439,20250103,20250107,20250109,19,32,5,3,1532.88,0.0,57.49,3,961.06
1440,20251015,20251020,20251021,29,19,5,1,3527.82,0.0,69.04,3,2003.8
1441,20240514,20240516,20240517,6,4,5,3,756.11,0.0,12.87,1,434.23
1442,20260110,20260114,20260115,23,25,7,1,6244.26,312.21,103.32,11,4239.2
1443,20250818,20250820,20250821,31,40,7,4,9086.75,454.34,326.82,19,5034.43
1444,20250219,20250223,20250224,7,6,7,3,11502.9,0.0,301.33,18,6745.75
1445,20240828,20240831,20240902,9,1,5,2,13503.3,0.0,363.02,15,9365.27
1446,20260308,20260309,20260310,16,37,6,1,13277.17,0.0,271.08,17,7601.89
1447,20241105,20241106,20241108,23,24,5,2,15233.76,761.69,181.31,16,10583.0
1448,20250321,20250326,20250328,30,9,6,3,15871.46,0.0,367.47,19,9475.43
1449,20250110,20250115,20250116,25,32,7,1,346.11,0.0,10.64,3,207.83
1450,20240914,20240915,20240916,25,16,6,4,411.34,0.0,15.7,2,251.41
1451,20250127,20250131,20250202,15,14,7,1,17556.15,0.0,556.36,15,11277.81
1452,20240719,20240723,20240725,21,12,6,1,7899.82,0.0,177.37,19,4529.07
1453,20240402,20240406,20240407,7,24,7,4,15133.95,1513.4,569.89,15,10014.69
1454,20241027,20241101,20241102,15,6,6,1,12444.74,0.0,153.31,11,7650.33
1455,20240621,20240623,20240625,6,15,6,1,10099.08,0.0,109.1,12,6769.48
1456,20250125,20250130,20250201,1,13,5,4,13767.6,0.0,392.51,12,9155.21
1457,20251215,20251217,20251219,27,3,7,4,2546.2,0.0,33.97,10,1589.43
1458,20240727,20240728,20240729,26,31,8,1,9346.74,0.0,104.4,13,5331.86
1459,20240401,20240405,20240407,17,1,7,1,14323.8,0.0,463.56,15,9948.11
1460,20240620,20240624,20240625,1,39,7,2,14432.76,0.0,150.44,18,9305.4
1461,20250403,20250405,20250407,3,4,8,3,2202.03,220.2,83.89,9,1232.99
1462,20241016,20241018,20241020,4,15,5,2,16354.5,817.72,193.64,15,11070.0
1463,20250320,20250324,20250326,23,4,8,3,5073.64,0.0,71.52,13,3329.05
1464,20240422,20240426,20240427,7,15,5,4,11957.04,0.0,276.72,18,8114.47
1465,20241127,20241202,20241204,9,25,7,5,2685.6,268.56,100.21,15,1618.64
1466,20250122,20250127,20250128,27,4,8,1,5305.44,530.54,86.15,16,3303.16
1467,20250206,20250207,20250208,28,22,8,1,518.42,0.0,12.86,2,349.14
1468,20250504,20250509,20250511,24,31,6,1,716.56,0.0,14.66,4,443.53
1469,20251017,20251021,20251023,11,19,8,1,8255.69,0.0,239.78,19,4650.93
1470,20250304,20250307,20250308,19,5,7,2,8203.16,0.0,187.99,14,5078.58
1471,20251130,20251201,20251203,8,28,5,4,14684.67,0.0,315.33,13,10212.41
1472,20250418,20250422,20250424,27,8,5,1,1780.96,178.1,29.46,16,1001.84
1473,20241006,20241007,20241008,3,1,8,1,4616.0,0.0,111.62,10,2685.7
1474,20240913,20240918,20240919,24,18,8,3,12455.45,0.0,154.77,19,8112.16
1475,20241120,20241121,20241123,17,11,8,5,7791.4,779.14,237.18,10,5292.45
1476,20250606,20250611,20250612,24,2,6,1,12529.95,1253.0,306.79,15,7705.47
1477,20240923,20240924,20240925,15,32,6,4,5698.88,0.0,124.09,11,3611.05
1478,20260121,20260125,20260127,5,24,8,4,8719.84,0.0,278.41,8,5598.66
1479,20250313,20250315,20250316,24,37,5,2,7876.4,0.0,258.46,8,5452.74
1480,20251216,20251221,20251223,20,20,8,3,9930.51,0.0,326.43,9,6705.88
1481,20250807,20250812,20250814,15,18,7,2,9153.06,915.31,206.22,14,5946.23
1482,20241128,20241201,20241202,13,34,7,1,6358.94,0.0,130.97,7,3637.85
1483,20240913,20240916,20240917,12,4,6,2,3985.1,398.51,43.82,5,2388.91
1484,20250920,20250922,20250924,16,15,8,1,2396.94,119.85,74.66,7,1586.63
1485,20241126,20241128,20241129,9,32,7,4,4032.94,0.0,49.65,19,2589.13
1486,20240926,20240928,20240930,10,12,5,4,310.0,0.0,6.44,1,195.81
1487,20260202,20260205,20260207,10,36,7,1,13254.93,1325.49,243.45,13,8361.49
1488,20250315,20250317,20250319,1,12,8,3,253.88,0.0,4.2,2,139.91
1489,20240506,20240509,20240511,29,17,5,1,12923.17,1292.32,347.85,13,9015.17
1490,20250324,20250325,20250327,9,36,7,1,5391.06,0.0,204.66,6,2965.43
1491,20250228,20250301,20250302,5,10,5,4,7041.6,704.16,115.17,6,4708.75
1492,20251216,20251220,20251221,5,39,7,1,11263.32,1126.33,200.01,18,7788.22
1493,20250828,20250829,20250831,31,2,8,4,1717.36,171.74,22.61,4,1079.02
1494,20240817,20240818,20240819,16,11,6,1,1053.68,0.0,11.73,8,583.41
1495,20240718,20240719,20240720,11,24,5,4,3651.56,0.0,69.87,4,2317.71
1496,20250611,20250612,20250613,14,24,5,2,12588.6,0.0,229.98,15,6923.99
1497,20240505,20240510,20240512,3,37,7,2,189.22,0.0,5.13,1,126.76
1498,20241117,20241122,20241124,11,39,8,4,19486.02,0.0,706.88,19,11985.12
1499,20240709,20240712,20240714,9,28,6,3,2081.73,0.0,69.81,3,1270.46
1500,20240415,20240420,20240422,26,27,8,1,10197.96,509.9,203.9,17,5906.73
1501,20260125,20260129,20260131,2,13,6,4,6361.08,0.0,113.97,6,3656.38
1502,20240604,20240609,20240610,14,33,5,1,1848.56,0.0,49.33,2,1029.24
1503,20240407,20240410,20240412,25,26,7,1,2208.76,110.44,36.61,2,1283.55
1504,20260204,20260207,20260208,27,1,8,2,757.05,0.0,23.92,5,446.33
1505,20240815,20240816,20240817,17,34,6,3,5454.8,0.0,132.9,8,3707.91
1506,20251112,20251114,20251116,8,15,8,3,4831.05,483.1,75.41,5,2709.73
1507,20240423,20240425,20240427,12,20,7,4,7033.39,0.0,98.33,13,4504.9
1508,20240721,20240725,20240726,7,20,6,3,341.89,34.19,3.99,1,207.39
1509,20240619,20240623,20240624,21,33,7,1,9843.9,0.0,142.2,11,5525.14
1510,20250824,20250828,20250830,10,11,6,1,2797.6,0.0,56.72,8,1705.35
1511,20250623,20250625,20250626,20,16,5,1,904.2,0.0,16.21,10,529.35
1512,20250310,20250312,20250314,21,2,8,4,5421.75,0.0,192.77,15,3293.39
1513,20240922,20240923,20240924,30,14,6,1,3685.4,0.0,141.37,4,2512.22
1514,20240604,20240608,20240610,13,4,7,3,3644.34,0.0,49.43,14,2304.72
1515,20250517,20250520,20250522,30,24,7,3,1517.04,75.85,39.72,18,868.79
1516,20240914,20240919,20240920,14,36,5,4,11582.44,579.12,289.46,17,6626.38
1517,20250601,20250604,20250606,22,19,7,1,2462.82,0.0,75.94,3,1665.16
1518,20250811,20250816,20250817,21,37,6,1,1970.13,197.01,65.33,17,1187.0
1519,20251206,20251210,20251211,26,40,7,5,7319.6,365.98,290.11,8,4546.03
1520,20250324,20250329,20250331,16,3,6,3,9631.84,0.0,284.06,16,6650.75
1521,20240404,20240409,20240410,25,21,8,2,8546.39,0.0,263.02,19,5005.73
1522,20241020,20241025,20241026,12,22,5,4,845.9,0.0,14.33,1,535.31
1523,20251208,20251210,20251211,16,16,5,5,546.33,0.0,5.91,1,351.61
1524,20250421,20250425,20250427,16,34,6,1,4185.52,209.28,143.83,4,2756.47
1525,20250622,20250624,20250625,23,16,5,5,11200.96,0.0,124.59,17,7057.41
1526,20250226,20250301,20250303,20,3,5,1,7591.6,0.0,198.89,10,4692.4
1527,20240727,20240728,20240730,3,22,7,5,9837.84,983.78,247.14,12,5993.85
1528,20260109,20260111,20260113,26,9,8,1,14579.85,0.0,259.32,15,9502.39
1529,20251011,20251013,20251014,24,15,7,1,1382.55,0.0,26.59,15,919.37
1530,20260321,20260324,20260326,4,21,6,1,2854.92,0.0,100.74,3,1994.27
1531,20251210,20251214,20251215,30,29,8,4,8633.4,0.0,305.08,10,5419.35
1532,20241028,20241101,20241102,21,12,6,5,3530.67,0.0,137.24,3,2077.11
1533,20241001,20241002,20241004,3,16,5,1,11447.4,0.0,315.57,10,6855.66
1534,20240927,20241001,20241003,16,3,8,1,700.26,0.0,16.04,6,408.7
1535,20260125,20260128,20260130,27,16,7,1,9070.88,453.54,207.83,8,6322.34
1536,20250508,20250513,20250515,10,24,6,1,4239.36,0.0,153.63,9,2501.91
1537,20250223,20250225,20250226,29,25,7,4,5779.05,0.0,190.21,5,3820.2
1538,20260302,20260306,20260308,14,12,7,1,2368.6,0.0,41.37,13,1349.77
1539,20250611,20250615,20250617,7,3,5,5,2112.99,0.0,40.78,19,1429.71
1540,20260118,20260119,20260120,12,24,5,5,4042.25,404.22,129.47,19,2614.65
1541,20260313,20260315,20260317,17,27,7,1,2243.55,0.0,24.82,5,1489.12
1542,20240528,20240531,20240601,22,4,5,3,6046.5,604.65,177.54,6,4021.55
1543,20241218,20241222,20241223,29,21,7,5,742.34,37.12,24.73,2,502.83
1544,20250913,20250916,20250918,6,4,6,4,7751.12,0.0,96.68,8,4549.81
1545,20251109,20251111,20251112,30,19,5,4,12407.76,1240.78,400.77,18,6843.05
1546,20240717,20240720,20240722,17,26,7,1,574.68,0.0,13.56,3,340.27
1547,20241117,20241118,20241119,4,29,6,1,15295.8,0.0,242.93,15,9566.42
1548,20250502,20250507,20250509,29,29,6,4,348.7,34.87,7.91,1,227.91
1549,20251030,20251103,20251104,12,31,5,2,2346.88,117.34,26.45,16,1636.36
1550,20240621,20240626,20240627,20,10,7,4,1670.5,167.05,29.65,13,1118.88
1551,20250609,20250611,20250613,22,34,8,4,5026.8,0.0,199.43,5,2968.63
1552,20241101,20241103,20241105,1,14,7,2,13667.08,1366.71,167.73,14,8646.99
1553,20240904,20240906,20240908,7,15,5,1,12939.55,0.0,468.01,13,8894.19
1554,20250408,20250410,20250412,22,32,8,2,1327.65,66.38,53.02,15,876.37
1555,20250125,20250126,20250128,11,14,5,4,13074.36,653.72,427.81,12,8474.82
1556,20250704,20250705,20250707,1,3,6,1,16171.25,0.0,196.14,17,11100.11
1557,20241116,20241119,20241121,1,29,5,1,7187.4,0.0,138.96,15,4352.58
1558,20251117,20251122,20251124,26,27,8,5,15737.32,0.0,576.5,19,9921.86
1559,20240527,20240601,20240602,5,24,5,4,6174.84,617.48,166.29,6,3897.59
1560,20251215,20251218,20251220,4,6,7,3,131.37,6.57,4.44,1,81.26
1561,20240422,20240426,20240427,18,26,5,4,2141.72,0.0,28.4,4,1357.91
1562,20250915,20250919,20250920,4,8,5,2,7640.22,0.0,278.9,14,4446.01
1563,20241207,20241211,20241213,21,23,7,5,444.45,0.0,16.45,3,290.47
1564,20250103,20250107,20250108,18,21,8,4,16588.52,0.0,293.08,19,10782.54
1565,20240414,20240416,20240418,21,31,5,1,8666.71,866.67,194.99,13,5221.59
1566,20250821,20250824,20250826,16,40,5,2,11923.86,0.0,229.36,13,8092.25
1567,20240729,20240803,20240804,25,8,6,1,2528.76,0.0,98.83,6,1744.42
1568,20250721,20250726,20250727,21,5,8,4,1209.27,120.93,41.34,3,756.57
1569,20250907,20250911,20250912,14,23,5,3,642.07,64.21,11.84,1,416.4
1570,20251203,20251204,20251205,1,39,5,3,2633.97,0.0,60.29,3,1595.72
1571,20250825,20250829,20250830,10,7,6,5,12591.9,1259.19,281.72,18,8048.69
1572,20241104,20241109,20241111,4,20,6,2,4160.62,0.0,156.03,19,2551.71
1573,20250916,20250918,20250919,1,17,5,4,7182.12,359.11,203.59,6,4799.17
1574,20251119,20251120,20251122,10,13,7,4,8622.9,0.0,303.79,15,5780.88
1575,20241116,20241117,20241118,7,27,7,3,2306.95,0.0,30.97,5,1552.77
1576,20240629,20240702,20240704,3,12,5,1,7653.24,0.0,260.41,18,5044.82
1577,20260104,20260109,20260110,11,20,7,4,8428.59,421.43,109.17,19,5240.07
1578,20240716,20240721,20240723,17,34,5,3,2393.05,119.65,58.04,11,1479.7
1579,20250604,20250608,20250609,6,16,7,1,2770.56,277.06,42.72,12,1919.42
1580,20240918,20240920,20240921,10,1,6,4,10090.5,0.0,297.66,15,5946.85
1581,20240701,20240705,20240706,1,36,5,2,1403.06,0.0,50.8,2,821.36
1582,20251014,20251016,20251017,2,11,5,1,6055.5,605.55,233.27,11,3704.37
1583,20240713,20240717,20240718,5,31,8,4,820.8,82.08,10.78,1,532.89
1584,20250729,20250730,20250731,15,31,7,1,448.46,0.0,10.57,2,308.12
1585,20250815,20250818,20250819,21,22,7,3,3174.3,0.0,110.5,6,1912.1
1586,20240514,20240518,20240519,25,4,5,3,9349.08,0.0,126.76,12,6099.13
1587,20240804,20240806,20240808,20,39,5,1,2618.88,261.89,38.82,6,1535.25
1588,20251027,20251030,20251031,20,28,5,2,9575.1,0.0,186.98,9,5700.16
1589,20250402,20250406,20250407,30,17,6,1,15424.01,0.0,179.75,19,8726.07
1590,20240627,20240701,20240703,9,35,6,1,6138.3,0.0,96.56,6,4033.66
1591,20260319,20260324,20260326,25,32,8,4,18094.29,0.0,321.42,17,12547.35
1592,20241009,20241012,20241013,30,31,8,1,2178.12,0.0,56.58,6,1232.99
1593,20240403,20240405,20240406,19,7,6,5,12506.23,1250.62,487.25,11,8577.47
1594,20260129,20260201,20260203,27,26,6,2,12176.32,608.82,324.49,16,7075.42
1595,20240412,20240417,20240418,5,12,6,1,11564.1,578.21,252.03,18,6942.61
1596,20250506,20250511,20250513,28,4,7,5,11858.7,1185.87,431.15,15,7441.17
1597,20260320,20260323,20260324,18,14,7,2,856.39,0.0,20.92,1,495.69
1598,20250523,20250524,20250525,7,5,7,3,5886.95,588.7,192.69,5,3800.71
1599,20250528,20250529,20250530,2,5,5,4,4510.32,0.0,114.87,4,3015.5
1600,20250106,20250108,20250110,23,30,6,4,6571.05,0.0,255.37,15,4081.3
1601,20240701,20240706,20240708,14,21,8,1,6347.38,0.0,152.92,13,3678.75
1602,20250520,20250522,20250524,11,16,6,1,3716.16,185.81,86.16,14,2086.49
1603,20260109,20260110,20260112,13,8,5,5,7290.91,364.55,126.72,11,4036.74
1604,20240605,20240606,20240608,31,31,5,1,4896.12,244.81,141.47,12,2967.24
1605,20251228,20260101,20260102,14,26,5,4,438.58,43.86,8.76,1,303.94
1606,20250126,20250128,20250130,3,24,8,3,1529.88,0.0,57.76,4,948.9
1607,20250423,20250428,20250430,10,8,5,3,1531.2,153.12,42.62,11,952.18
1608,20240729,20240803,20240805,5,5,7,4,3462.12,0.0,43.01,6,2167.36
1609,20250624,20250628,20250629,22,5,6,5,944.92,94.49,35.06,1,587.19
1610,20240810,20240812,20240814,26,2,5,1,4352.31,0.0,87.66,9,2628.75
1611,20241015,20241018,20241019,27,39,8,3,1866.56,0.0,32.42,4,1256.55
1612,20250904,20250909,20250910,20,15,7,4,14046.93,0.0,376.89,17,9481.29
1613,20240507,20240508,20240509,25,27,8,1,2777.32,0.0,63.02,7,1556.76
1614,20250218,20250220,20250221,14,40,8,4,4022.85,0.0,70.08,5,2774.29
1615,20250604,20250607,20250608,20,38,8,2,1349.04,0.0,25.49,6,847.71
1616,20240705,20240706,20240707,4,13,7,1,2075.08,0.0,40.57,2,1382.62
1617,20241031,20241105,20241106,18,20,7,4,12322.8,0.0,348.82,12,6911.91
1618,20241205,20241207,20241209,18,19,7,5,1059.66,52.98,24.76,1,619.65
1619,20250724,20250726,20250727,1,2,6,1,8681.56,0.0,245.17,17,5042.42
1620,20260308,20260309,20260311,18,31,5,4,4167.65,208.38,136.05,5,2369.81
1621,20251126,20251201,20251203,23,23,6,1,5831.58,0.0,187.79,6,3620.06
1622,20240816,20240818,20240820,13,15,6,1,8198.25,0.0,182.19,17,5402.12
1623,20240414,20240419,20240420,18,23,5,1,2697.92,0.0,28.01,4,1660.82
1624,20240508,20240510,20240512,10,30,8,4,4614.48,230.72,148.52,4,2851.75
1625,20250605,20250610,20250611,10,1,8,1,2216.45,110.82,58.86,5,1488.77
1626,20240722,20240724,20240726,4,26,6,1,340.36,0.0,8.11,4,188.15
1627,20240915,20240916,20240918,11,35,6,4,1636.0,81.8,51.33,8,1145.08
1628,20251204,20251205,20251206,26,30,8,2,1348.56,0.0,45.25,4,844.04
1629,20251223,20251225,20251226,30,25,6,1,7612.99,0.0,84.09,11,4367.48
1630,20251128,20251203,20251205,21,4,7,1,5012.72,250.64,184.44,8,3266.68
1631,20241001,20241002,20241004,20,30,7,4,20406.6,1020.33,726.28,18,13478.83
1632,20250623,20250626,20250628,20,31,6,3,5713.61,285.68,188.09,7,3750.48
1633,20250616,20250621,20250622,16,20,8,4,5054.3,0.0,145.17,5,3293.68
1634,20240812,20240814,20240815,14,24,5,1,2654.6,0.0,46.24,10,1565.7
1635,20250506,20250510,20250511,20,25,5,2,2323.02,0.0,47.29,3,1587.62
1636,20250415,20250416,20250417,25,5,7,4,9736.65,486.83,149.6,9,6463.55
1637,20250112,20250115,20250117,14,11,7,1,8136.66,406.83,282.05,7,5077.92
1638,20250926,20250928,20250930,18,32,8,1,4845.0,0.0,64.9,17,3250.16
1639,20250803,20250807,20250809,16,39,7,2,2794.4,0.0,68.03,5,1863.4
1640,20250421,20250425,20250427,10,11,5,1,3164.7,316.47,71.85,14,2024.34
1641,20250907,20250911,20250913,10,17,8,1,2769.3,0.0,104.65,5,1913.04
1642,20251004,20251009,20251011,3,37,6,5,2357.32,0.0,37.23,14,1543.2
1643,20250515,20250518,20250520,15,7,5,2,4699.56,469.96,54.43,4,3179.4
1644,20241011,20241012,20241014,23,11,7,3,427.56,42.76,16.71,4,252.31
1645,20251001,20251004,20251006,22,3,5,1,2765.04,138.25,54.43,8,1766.04
1646,20250901,20250904,20250905,31,10,6,3,11203.9,560.2,341.47,10,6979.69
1647,20260313,20260317,20260318,2,26,6,3,2589.84,129.49,40.81,6,1475.86
1648,20240718,20240721,20240723,24,14,5,5,1809.04,0.0,47.13,8,1209.37
1649,20250129,20250131,20250201,25,40,8,2,4833.3,483.33,192.9,5,3033.09
1650,20260129,20260130,20260131,15,36,7,4,8086.2,0.0,179.84,10,4897.39
1651,20250408,20250411,20250413,10,36,8,1,19852.72,992.64,696.7,19,11362.97
1652,20260211,20260214,20260215,12,30,6,3,6426.09,642.61,241.32,11,4336.8
1653,20240410,20240412,20240413,22,29,7,5,14245.92,712.3,465.9,18,8067.25
1654,20240426,20240428,20240429,27,21,8,3,1907.91,0.0,59.37,17,1074.67
1655,20251028,20251102,20251103,21,40,5,4,1760.04,176.0,63.39,3,1018.93
1656,20241216,20241218,20241220,17,4,8,4,2973.84,148.69,52.91,8,2019.23
1657,20250412,20250413,20250415,21,29,5,5,15455.3,0.0,266.02,14,8561.43
1658,20250204,20250207,20250208,3,6,8,1,1245.0,0.0,35.04,10,715.53
1659,20250120,20250121,20250123,20,14,7,1,7945.85,794.58,170.79,11,5210.68
1660,20260209,20260213,20260215,2,11,7,3,1326.64,0.0,13.57,7,821.68
1661,20240608,20240610,20240611,30,25,5,5,14383.8,0.0,189.42,15,8311.17
1662,20251011,20251013,20251015,28,32,7,2,8161.64,0.0,100.13,19,5455.24
1663,20260104,20260107,20260108,17,4,7,1,1601.01,160.1,50.27,9,994.16
1664,20250720,20250723,20250724,13,25,8,3,20068.94,0.0,766.94,19,13480.47
1665,20250111,20250114,20250116,23,9,8,1,6607.86,0.0,172.95,7,4150.35
1666,20240725,20240728,20240730,21,4,6,1,17740.8,0.0,519.05,16,11429.71
1667,20250807,20250809,20250810,23,17,6,1,9874.96,493.75,158.91,17,5507.18
1668,20250305,20250306,20250307,17,24,6,1,834.74,83.47,30.16,2,504.44
1669,20240717,20240718,20240719,9,9,6,4,7427.28,0.0,233.63,8,5001.26
1670,20241217,20241219,20241221,3,16,5,1,4306.05,215.3,97.73,7,2743.44
1671,20260225,20260227,20260301,10,39,5,1,4198.81,0.0,45.07,7,2412.42
1672,20241009,20241012,20241014,17,14,8,3,912.67,0.0,33.92,11,605.27
1673,20240808,20240812,20240813,14,40,6,1,3502.92,0.0,106.53,6,2440.22
1674,20250807,20250811,20250812,17,34,6,2,3594.8,179.74,135.43,10,2318.31
1675,20240823,20240825,20240827,10,15,7,1,15146.66,1514.67,379.23,17,10488.85
1676,20260126,20260131,20260202,30,24,7,1,17412.59,0.0,448.66,17,11517.11
1677,20251213,20251218,20251219,13,29,6,4,10443.51,0.0,342.05,11,6415.11
1678,20260313,20260317,20260318,27,19,8,1,16986.72,0.0,401.56,16,11516.78
1679,20260120,20260124,20260125,13,17,5,1,9089.25,454.46,277.9,15,5937.54
1680,20240924,20240927,20240929,15,14,6,1,2446.86,244.69,93.25,6,1493.34
1681,20240901,20240906,20240908,20,6,5,1,10929.24,0.0,349.59,18,6086.31
1682,20241204,20241205,20241207,9,1,7,1,3401.79,0.0,61.2,3,2116.12
1683,20250306,20250309,20250311,7,14,5,1,8751.49,0.0,189.23,11,5535.01
1684,20251228,20251230,20260101,13,32,8,1,13343.04,0.0,483.56,12,9326.55
1685,20250913,20250915,20250916,26,10,7,1,773.92,0.0,28.72,7,431.85
1686,20250710,20250714,20250716,5,8,5,4,3349.16,334.92,42.2,4,2024.77
1687,20251227,20260101,20260102,15,14,7,1,5803.3,580.33,140.84,5,3942.49
1688,20250711,20250715,20250716,22,24,6,1,12107.59,0.0,131.01,11,7437.82
1689,20241231,20250102,20250103,23,9,7,3,4064.08,203.2,75.84,4,2706.82
1690,20250124,20250127,20250129,15,9,5,1,7074.43,707.44,281.96,11,4590.26
1691,20250409,20250410,20250411,3,5,7,4,15825.3,0.0,162.87,17,10286.45
1692,20240604,20240607,20240609,1,14,5,1,2313.68,231.37,48.63,2,1463.94
1693,20250919,20250921,20250922,16,9,5,2,8137.7,0.0,266.34,10,5584.19
1694,20250716,20250720,20250722,26,34,7,5,6104.43,610.44,112.75,9,3582.62
1695,20250911,20250916,20250917,1,37,7,1,907.1,0.0,16.6,1,516.58
1696,20250422,20250426,20250428,28,15,6,1,626.41,0.0,21.17,1,433.79
1697,20251019,20251020,20251021,22,4,5,3,15506.85,0.0,499.7,15,9848.38
1698,20260216,20260221,20260223,1,4,6,5,11384.16,0.0,124.94,16,7359.26
1699,20250518,20250521,20250522,12,13,8,2,15413.94,1541.39,439.4,18,10357.3
1700,20250216,20250219,20250221,7,19,7,3,9451.8,0.0,207.05,15,6485.7
1701,20240615,20240617,20240618,30,22,5,1,4186.16,0.0,165.05,4,2583.91
1702,20251015,20251016,20251017,18,13,8,3,12556.6,1255.66,422.93,14,6979.73
1703,20260114,20260118,20260119,11,15,6,1,2023.62,202.36,61.72,6,1203.15
1704,20250819,20250823,20250825,10,12,7,3,6864.32,343.22,150.78,16,4542.04
1705,20251217,20251219,20251220,18,21,5,1,1095.24,109.52,30.23,1,641.37
1706,20251214,20251218,20251219,1,28,6,3,15862.8,0.0,297.81,15,9630.04
1707,20251030,20251102,20251103,9,2,8,1,3381.04,169.05,68.52,8,2276.06
1708,20250330,20250403,20250405,5,20,6,4,7059.96,706.0,165.07,9,4063.37
1709,20240612,20240617,20240618,20,26,5,4,6999.08,699.91,250.61,11,4597.65
1710,20240403,20240407,20240408,22,27,5,4,7248.5,724.85,135.83,19,4716.14
1711,20240826,20240828,20240830,16,23,8,5,895.15,0.0,17.4,5,522.19
1712,20250206,20250211,20250212,5,22,8,2,1802.08,90.1,34.53,7,1082.47
1713,20250920,20250921,20250922,13,28,5,4,9086.56,0.0,291.42,16,6072.99
1714,20250224,20250228,20250302,27,16,8,1,11492.46,1149.25,128.25,18,6643.06
1715,20240417,20240418,20240420,7,23,8,5,11572.32,1157.23,161.77,16,7912.29
1716,20240831,20240901,20240903,5,13,6,3,2725.3,136.27,86.18,10,1694.22
1717,20260309,20260314,20260315,4,18,7,2,7500.33,0.0,299.99,9,5007.84
1718,20260316,20260318,20260320,26,5,6,2,11049.35,0.0,114.07,13,6114.97
1719,20241229,20250103,20250104,4,15,5,4,4717.8,0.0,118.42,15,2820.3
1720,20251104,20251108,20251110,19,6,7,4,4749.8,0.0,70.11,5,2927.25
1721,20250903,20250904,20250906,31,10,5,4,2395.47,239.55,77.7,3,1534.26
1722,20260203,20260208,20260210,21,17,6,3,9492.4,949.24,328.61,8,5548.32
1723,20260102,20260107,20260109,14,21,6,2,837.87,0.0,10.43,3,572.49
1724,20250629,20250701,20250703,7,38,5,5,1335.2,66.76,51.73,4,778.78
1725,20250111,20250116,20250117,1,2,8,3,5856.72,0.0,172.72,6,3610.01
1726,20250628,20250703,20250704,5,36,7,3,12400.96,0.0,285.95,13,8415.23
1727,20241117,20241118,20241119,30,14,8,3,3531.22,0.0,106.02,14,2082.35
1728,20241208,20241212,20241213,5,29,7,3,3024.98,0.0,46.92,7,2040.08
1729,20250615,20250620,20250622,1,28,5,4,11727.98,0.0,455.43,11,7953.19
1730,20250519,20250524,20250525,26,39,6,3,3070.56,153.53,90.87,8,1846.26
1731,20250526,20250528,20250530,14,5,6,4,1523.7,0.0,20.33,9,915.06
1732,20250104,20250108,20250109,12,39,8,4,8099.04,404.95,241.03,12,5413.05
1733,20250121,20250126,20250128,23,3,5,2,1368.78,0.0,19.99,6,924.1
1734,20240408,20240412,20240413,17,36,7,1,7143.84,0.0,165.17,18,4249.51
1735,20250610,20250614,20250616,29,27,5,3,7239.42,361.97,137.56,9,4748.27
1736,20250522,20250527,20250528,16,20,8,3,2530.92,0.0,83.11,7,1664.35
1737,20260206,20260210,20260211,23,16,7,3,3604.5,0.0,67.5,18,2424.18
1738,20250331,20250403,20250404,28,4,6,4,553.8,0.0,11.43,2,361.23
1739,20250305,20250309,20250311,15,33,6,1,11305.57,565.28,443.85,19,7483.82
1740,20240519,20240522,20240523,10,30,6,1,3923.28,0.0,131.9,4,2510.05
1741,20240821,20240824,20240825,31,38,5,4,4960.85,0.0,181.77,5,3337.62
1742,20241201,20241202,20241203,7,30,7,5,2276.2,0.0,34.31,19,1379.6
1743,20241229,20250101,20250103,2,39,8,2,5244.89,0.0,204.38,7,3103.22
1744,20241219,20241222,20241224,19,36,5,1,6917.84,0.0,219.39,8,4540.23
1745,20250110,20250112,20250113,31,18,7,2,11705.26,585.26,466.43,14,6535.05
1746,20251008,20251013,20251014,3,29,7,2,9906.5,495.33,261.08,10,6429.02
1747,20240704,20240705,20240706,27,11,8,3,2115.68,0.0,25.39,4,1206.42
1748,20241127,20241201,20241203,26,32,8,1,15780.96,789.05,354.84,16,8929.62
1749,20240727,20240730,20240801,29,25,5,1,5612.0,0.0,186.74,16,3154.73
1750,20241109,20241114,20241116,14,18,5,4,14444.3,0.0,410.23,13,8316.94
1751,20250808,20250813,20250815,9,26,8,3,10739.04,536.95,193.01,13,7356.72
1752,20240504,20240507,20240508,17,12,5,4,4127.7,412.77,76.08,10,2555.72
1753,20241202,20241204,20241205,5,25,7,2,3297.5,0.0,59.78,5,1872.81
1754,20240418,20240419,20240421,27,19,8,1,3742.83,374.28,118.82,7,2329.93
1755,20260220,20260223,20260225,21,13,7,2,1639.68,0.0,20.81,14,1015.48
1756,20250908,20250911,20250912,16,40,5,5,11668.2,0.0,249.53,12,6880.38
1757,20240924,20240927,20240929,17,3,5,2,5739.52,573.95,79.07,19,4015.52
1758,20240822,20240823,20240824,23,31,7,3,7896.42,789.64,260.71,18,4699.01
1759,20240611,20240612,20240613,17,9,8,3,591.4,0.0,12.33,1,383.23
1760,20250308,20250311,20250313,27,9,6,4,9888.06,494.4,105.53,14,6746.24
1761,20250927,20250928,20250929,29,7,7,2,2103.32,210.33,35.5,4,1309.95
1762,20250528,20250529,20250531,30,5,8,2,4090.85,204.54,137.67,5,2619.34
1763,20251228,20251230,20260101,20,5,8,4,4926.95,492.7,67.01,5,3204.73
1764,20241205,20241210,20241212,24,34,7,1,9960.96,0.0,108.01,12,5919.02
1765,20241019,20241020,20241022,11,38,7,3,980.02,0.0,20.22,2,596.76
1766,20250312,20250317,20250319,2,24,8,2,3313.2,0.0,115.72,6,2031.52
1767,20240825,20240829,20240831,14,1,8,5,2387.76,0.0,46.16,8,1435.99
1768,20260307,20260312,20260314,28,35,6,4,1530.81,76.54,58.04,9,859.04
1769,20240813,20240815,20240816,5,25,7,1,1619.4,80.97,62.57,5,1062.79
1770,20250313,20250315,20250317,18,21,6,4,18729.36,0.0,501.84,18,11731.42
1771,20250413,20250417,20250418,6,38,8,4,12124.56,0.0,284.54,14,7896.78
1772,20240512,20240515,20240516,14,17,5,3,2093.16,0.0,54.51,3,1311.62
1773,20250305,20250308,20250309,5,15,5,1,13925.85,0.0,285.79,15,7693.65
1774,20250223,20250225,20250226,24,32,6,1,1121.4,0.0,38.06,3,658.49
1775,20241005,20241009,20241011,26,22,5,3,8513.26,0.0,204.37,17,5592.28
1776,20240702,20240706,20240707,24,29,7,2,1113.56,55.68,34.42,7,765.79
1777,20240503,20240505,20240506,23,28,7,4,11294.76,0.0,370.49,12,7627.7
1778,20240407,20240408,20240409,9,34,8,1,5065.28,506.53,77.19,8,2828.81
1779,20250315,20250316,20250317,17,13,7,3,13661.9,0.0,514.34,14,9234.47
1780,20240604,20240605,20240607,4,3,7,1,12932.48,646.62,215.7,11,8963.57
1781,20260223,20260228,20260302,13,20,7,3,2281.05,0.0,69.63,9,1592.48
1782,20240924,20240926,20240927,17,26,5,1,6497.19,0.0,229.76,9,3685.68
1783,20250716,20250718,20250720,22,33,7,2,8838.84,883.88,337.79,12,6153.17
1784,20250731,20250801,20250802,3,11,5,1,8034.48,0.0,108.47,9,4520.94
1785,20250325,20250330,20250331,26,30,7,3,9892.82,0.0,268.69,14,6518.96
1786,20251230,20260103,20260104,15,34,8,1,964.47,0.0,21.7,3,640.34
1787,20240620,20240622,20240624,28,33,8,4,8471.2,0.0,159.73,16,5263.72
1788,20240917,20240921,20240922,17,33,7,1,6868.8,0.0,77.38,18,4133.55
1789,20240930,20241004,20241005,18,40,6,3,12338.56,0.0,445.13,13,8305.31
1790,20240707,20240710,20240711,22,27,8,3,5638.8,0.0,160.44,12,3656.66
1791,20241031,20241102,20241103,26,15,8,1,4201.76,0.0,42.05,8,2601.83
1792,20241113,20241114,20241116,5,18,6,1,15016.48,0.0,451.73,16,8785.95
1793,20251005,20251010,20251012,17,30,5,1,13102.7,0.0,320.38,13,8422.11
1794,20241105,20241109,20241110,1,10,7,3,376.93,0.0,8.44,1,257.8
1795,20251225,20251226,20251227,16,25,7,5,638.0,31.9,22.99,4,401.75
1796,20251011,20251015,20251017,26,23,8,1,4497.6,449.76,157.14,8,2601.48
1797,20260112,20260116,20260118,27,27,8,4,14693.04,734.65,185.24,18,10105.16
1798,20240616,20240620,20240622,10,17,5,4,5341.16,0.0,100.37,11,3068.21
1799,20260313,20260315,20260317,13,30,6,4,376.14,18.81,11.29,1,248.25
1800,20250618,20250621,20250623,18,3,8,3,2519.88,0.0,75.65,12,1666.84
1801,20260312,20260315,20260317,13,30,6,5,7838.95,0.0,278.69,7,5095.17
1802,20241213,20241217,20241219,6,33,6,3,9010.16,0.0,314.04,8,6159.97
1803,20260219,20260224,20260225,11,36,6,4,16486.56,0.0,431.23,18,10590.95
1804,20250531,20250602,20250604,14,37,6,1,9518.4,0.0,379.47,15,5880.76
1805,20240522,20240525,20240527,17,14,7,4,2624.55,0.0,45.81,3,1690.92
1806,20250122,20250124,20250125,29,2,6,5,8176.65,0.0,195.95,19,5340.98
1807,20240709,20240711,20240713,18,27,6,5,4448.8,0.0,175.97,8,2658.05
1808,20260210,20260214,20260215,13,4,6,1,11636.76,0.0,402.05,12,7019.75
1809,20241107,20241109,20241110,21,12,5,4,323.67,16.18,10.98,3,210.79
1810,20240908,20240909,20240910,25,29,8,1,14772.8,1477.28,561.23,16,10070.5
1811,20250505,20250507,20250508,14,24,8,4,6619.83,661.98,163.2,7,3760.48
1812,20250202,20250207,20250208,16,25,6,1,8312.29,831.23,276.31,7,5708.79
1813,20240610,20240614,20240616,7,31,5,4,4658.44,0.0,150.66,4,2784.5
1814,20251112,20251115,20251116,27,7,7,2,3379.25,168.96,40.13,7,2015.51
1815,20251203,20251205,20251207,28,32,7,1,14172.73,708.64,148.8,13,9054.39
1816,20250920,20250921,20250922,6,24,7,1,10657.22,0.0,179.75,14,6630.78
1817,20250620,20250625,20250626,12,17,7,1,13888.8,694.44,527.57,18,8344.88
1818,20250117,20250120,20250122,10,19,7,2,674.22,0.0,24.08,3,394.47
1819,20250428,20250503,20250504,29,21,5,4,6615.27,0.0,234.61,9,4054.05
1820,20250412,20250413,20250414,2,23,5,4,15831.93,0.0,498.66,17,10466.58
1821,20240729,20240731,20240801,7,14,5,4,2185.08,0.0,66.29,6,1444.2
1822,20240530,20240604,20240605,11,9,5,4,5333.16,533.32,106.65,6,3149.6
1823,20241001,20241005,20241006,18,7,8,2,8170.02,817.0,295.98,9,4806.35
1824,20250223,20250224,20250226,9,14,7,3,4072.16,203.61,109.3,16,2643.72
1825,20240725,20240729,20240731,18,11,7,3,2638.34,0.0,32.64,19,1656.73
1826,20240617,20240618,20240620,24,21,7,1,2262.4,113.12,52.02,16,1563.8
1827,20251207,20251211,20251212,26,37,5,3,9462.0,0.0,375.64,8,6100.94
1828,20241228,20241231,20250101,3,5,5,4,6858.74,342.94,132.13,7,4264.42
1829,20250528,20250531,20250602,5,13,8,3,15303.06,765.15,538.02,17,9406.99
1830,20250414,20250415,20250417,3,2,6,4,489.66,0.0,14.84,2,288.23
1831,20250914,20250915,20250917,29,39,7,1,979.1,0.0,28.26,2,609.91
1832,20250917,20250922,20250923,21,29,8,4,2310.0,0.0,35.42,14,1277.91
1833,20241101,20241106,20241108,17,10,5,1,1018.22,0.0,32.76,7,621.84
1834,20251205,20251206,20251208,25,17,8,4,801.01,0.0,29.68,1,459.13
1835,20241225,20241229,20241231,19,29,7,1,14853.75,1485.38,265.19,17,9189.66
1836,20251125,20251128,20251129,9,39,6,2,3535.28,176.76,55.67,4,2078.36
1837,20250118,20250122,20250124,17,23,6,2,10949.22,1094.92,424.38,18,6362.08
1838,20240620,20240623,20240624,23,11,5,1,11362.8,0.0,218.9,12,7778.1
1839,20251002,20251004,20251005,2,28,5,2,512.48,0.0,17.4,2,316.84
1840,20240422,20240425,20240426,20,28,5,1,3304.38,330.44,105.11,6,2248.01
1841,20251011,20251014,20251016,16,26,8,3,6114.92,0.0,201.84,7,3890.86
1842,20240502,20240506,20240508,3,2,5,5,814.57,0.0,23.09,1,482.38
1843,20240828,20240901,20240902,9,29,6,1,584.14,29.21,8.88,2,342.7
1844,20250611,20250613,20250614,15,1,5,3,763.28,38.16,19.34,2,459.24
1845,20260210,20260215,20260216,12,37,6,4,8481.2,0.0,224.09,14,5051.49
1846,20250121,20250122,20250123,10,36,5,2,3014.0,0.0,47.65,11,1792.79
1847,20240627,20240630,20240701,21,23,6,4,4689.58,0.0,57.19,14,3062.64
1848,20240916,20240919,20240921,14,26,7,2,10905.95,545.3,434.34,11,6392.74
1849,20260108,20260111,20260112,16,3,8,2,8463.15,423.16,270.36,15,5867.79
1850,20250908,20250910,20250912,25,35,6,1,6746.1,674.61,111.41,15,4337.98
1851,20240612,20240615,20240617,3,11,7,1,2684.08,134.2,101.35,8,1507.98
1852,20250104,20250105,20250106,12,11,7,3,2053.17,205.32,32.54,7,1355.98
1853,20241009,20241012,20241014,3,29,8,4,1438.55,0.0,27.23,5,929.7
1854,20240807,20240809,20240810,29,38,8,1,3441.88,0.0,54.76,4,2016.96
1855,20251204,20251207,20251209,6,20,5,5,5544.66,0.0,190.61,11,3087.68
1856,20250621,20250624,20250625,26,21,7,2,4362.4,0.0,101.45,8,2770.1
1857,20240808,20240810,20240811,6,22,8,2,9962.52,996.25,237.11,12,6611.55
1858,20250715,20250716,20250717,11,12,6,4,7337.34,0.0,175.67,9,4122.41
1859,20250125,20250128,20250130,20,24,7,4,8822.45,882.25,142.97,13,4933.6
1860,20240515,20240516,20240517,26,39,6,3,1066.67,0.0,40.99,11,742.76
1861,20250220,20250225,20250227,6,16,6,1,3172.8,0.0,97.15,5,1887.22
1862,20240812,20240817,20240819,7,31,5,1,11564.96,0.0,451.99,16,8091.15
1863,20240925,20240929,20241001,28,31,5,1,2554.1,127.7,74.87,10,1623.95
1864,20251227,20251231,20260101,11,35,7,4,6582.15,0.0,252.36,9,4447.16
1865,20250827,20250830,20250831,8,29,8,1,5754.96,287.75,145.72,8,3215.35
1866,20240706,20240709,20240710,24,37,7,4,12586.28,0.0,466.29,14,8780.04
1867,20251207,20251210,20251211,3,29,5,1,17907.36,0.0,670.22,16,12360.63
1868,20250521,20250524,20250526,28,40,5,2,2985.72,298.57,72.16,12,1971.58
1869,20251224,20251225,20251226,28,29,7,2,9758.3,975.83,157.19,10,5561.4
1870,20250923,20250927,20250929,27,34,5,3,6143.62,614.36,221.51,14,3794.83
1871,20241202,20241207,20241208,10,36,7,3,12345.12,0.0,329.73,12,8589.57
1872,20250422,20250427,20250428,4,40,8,5,1260.4,126.04,41.98,10,879.43
1873,20250419,20250422,20250423,14,24,5,4,1720.2,0.0,62.69,3,1130.83
1874,20250903,20250906,20250908,12,29,7,4,5212.6,0.0,192.11,5,3519.32
1875,20240927,20241001,20241003,30,39,8,1,3467.19,0.0,136.87,3,2004.21
1876,20241127,20241130,20241201,20,16,6,5,6743.68,0.0,268.54,16,4016.07
1877,20240924,20240925,20240927,30,5,8,4,2087.52,104.38,56.98,2,1456.52
1878,20241101,20241104,20241106,24,36,8,4,1551.5,0.0,48.59,10,898.52
1879,20240726,20240730,20240731,23,26,6,2,5428.83,0.0,105.04,11,3726.51
1880,20240427,20240428,20240430,4,18,6,1,1978.98,0.0,42.49,6,1367.64
1881,20260209,20260214,20260216,3,29,7,4,10317.64,0.0,145.8,17,5969.71
1882,20240524,20240526,20240528,2,2,7,2,3034.0,0.0,103.19,5,1803.72
1883,20260103,20260105,20260107,19,20,6,1,1956.87,0.0,65.54,9,1283.83
1884,20240403,20240405,20240406,7,11,5,2,5814.16,581.42,214.29,8,3542.01
1885,20251015,20251018,20251019,31,12,7,3,4546.5,0.0,117.66,14,2571.94
1886,20241124,20241127,20241128,4,39,5,1,8683.44,0.0,346.99,12,4896.37
1887,20250410,20250411,20250412,30,23,5,4,11349.0,1134.9,151.89,18,7432.61
1888,20241022,20241024,20241026,22,6,5,3,12513.75,625.69,189.92,15,8364.57
1889,20250321,20250324,20250325,4,15,6,3,8821.3,0.0,256.42,17,5549.01
1890,20250221,20250226,20250227,2,10,5,1,2408.16,0.0,76.58,12,1674.86
1891,20250419,20250420,20250421,13,37,6,5,1404.8,0.0,33.74,10,911.22
1892,20250110,20250111,20250112,12,12,5,2,351.0,0.0,5.05,3,216.12
1893,20250423,20250427,20250428,11,15,6,2,3084.62,0.0,41.16,14,1857.33
1894,20251118,20251121,20251123,17,14,8,2,15272.46,1527.25,214.34,18,9072.96
1895,20250209,20250210,20250211,4,8,6,2,16501.32,0.0,240.55,18,11374.87
1896,20241218,20241222,20241224,4,32,7,4,5570.56,0.0,127.3,16,3554.72
1897,20240705,20240708,20240709,22,24,5,1,2521.84,0.0,76.48,8,1554.36
1898,20241217,20241221,20241223,31,18,5,4,1367.5,68.38,46.51,10,873.45
1899,20240630,20240703,20240705,10,16,8,1,15884.82,0.0,377.3,18,9149.93
1900,20240810,20240814,20240816,29,27,7,5,14729.4,0.0,420.17,18,9105.3
1901,20260218,20260223,20260224,12,4,5,3,1576.29,157.63,59.78,3,1063.04
1902,20240604,20240607,20240609,12,38,7,1,5817.5,290.88,119.47,10,4055.95
1903,20250315,20250316,20250318,3,23,5,3,10015.8,0.0,107.09,15,6947.4
1904,20251125,20251130,20251202,14,10,5,1,1328.74,66.44,16.6,14,858.29
1905,20260219,20260223,20260224,16,22,6,5,1905.24,0.0,43.86,6,1066.32
1906,20240716,20240720,20240722,21,35,7,4,6048.96,0.0,171.07,16,3377.89
1907,20240728,20240801,20240802,5,7,7,3,11046.22,552.31,255.19,19,7074.65
1908,20241226,20241228,20241229,6,21,8,2,416.15,20.81,12.83,1,248.44
1909,20250506,20250509,20250511,14,24,5,5,2622.24,0.0,80.29,8,1574.89
1910,20260223,20260225,20260227,3,33,5,4,2486.34,0.0,66.69,6,1519.24
1911,20240829,20240902,20240904,5,23,7,3,10399.09,0.0,209.77,13,6100.56
1912,20240728,20240729,20240730,20,30,8,2,6215.84,310.79,162.44,16,3929.09
1913,20241001,20241003,20241004,30,31,7,1,8231.68,411.58,232.52,16,5426.67
1914,20251224,20251226,20251227,19,36,7,4,14677.31,1467.73,205.37,19,10245.33
1915,20240422,20240425,20240426,5,15,5,3,3707.48,185.37,99.39,14,2159.72
1916,20241231,20250103,20250105,31,29,8,4,11317.32,565.87,449.21,14,7834.98
1917,20240626,20240628,20240629,17,10,8,3,3448.98,344.9,76.53,6,2390.91
1918,20240723,20240728,20240730,23,34,7,3,3563.6,0.0,72.65,4,2343.67
1919,20260123,20260126,20260128,6,39,6,2,338.57,16.93,4.58,1,187.94
1920,20240402,20240404,20240406,19,12,7,4,2271.29,0.0,33.43,7,1530.71
1921,20241119,20241120,20241121,3,23,7,2,1783.68,0.0,20.01,2,1099.35
1922,20260122,20260123,20260125,20,33,8,4,5529.92,552.99,106.7,8,3202.71
1923,20250614,20250618,20250619,7,2,5,1,4242.24,0.0,117.15,16,2517.37
1924,20240522,20240526,20240527,29,29,7,4,2970.6,0.0,117.01,6,1775.65
1925,20250303,20250306,20250308,2,33,7,4,5575.68,278.78,144.76,18,3883.31
1926,20260303,20260304,20260306,21,35,6,4,9759.0,975.9,346.45,10,6557.18
1927,20250115,20250118,20250120,5,8,8,1,10769.64,0.0,416.81,14,6823.72
1928,20250418,20250421,20250422,22,31,5,4,7476.56,0.0,199.96,7,4877.15
1929,20250420,20250424,20250425,16,32,5,1,3859.52,0.0,137.59,7,2508.07
1930,20250722,20250723,20250725,31,1,8,1,6967.68,0.0,144.34,16,4201.91
1931,20240814,20240819,20240821,21,29,5,4,15459.73,0.0,443.61,19,9074.42
1932,20251129,20251204,20251206,13,26,6,4,8335.84,416.79,260.66,8,4792.94
1933,20260316,20260319,20260321,3,39,6,1,8161.52,408.08,161.02,8,4700.1
1934,20240713,20240718,20240719,19,2,7,5,222.67,0.0,5.27,1,132.21
1935,20251113,20251118,20251119,15,39,5,2,14529.9,0.0,538.2,15,9000.79
1936,20251112,20251114,20251116,2,23,6,5,5438.65,0.0,216.88,5,3491.55
1937,20250919,20250920,20250921,19,11,8,4,5045.4,252.27,182.63,18,3408.5
1938,20241225,20241227,20241229,7,16,6,5,6699.87,0.0,145.31,17,4007.3
1939,20250305,20250309,20250311,9,31,7,4,8808.6,440.43,149.0,10,5911.66
1940,20251128,20251201,20251203,1,40,8,5,9241.98,0.0,331.93,19,5444.25
1941,20240720,20240725,20240726,13,13,7,3,15834.42,791.72,172.61,14,10144.76
1942,20251121,20251125,20251126,8,40,8,1,11584.65,0.0,157.61,15,7764.53
1943,20260126,20260127,20260129,3,26,8,2,11529.3,0.0,399.5,10,6402.5
1944,20250806,20250809,20250811,15,8,7,4,16674.24,0.0,321.54,16,11446.64
1945,20241203,20241205,20241207,7,24,8,1,11245.5,0.0,420.16,15,7445.46
1946,20250510,20250513,20250514,5,33,7,5,5090.64,254.53,174.72,8,3442.57
1947,20240507,20240508,20240510,16,3,8,1,2987.67,0.0,45.42,7,2067.97
1948,20260203,20260205,20260206,2,4,7,4,8481.15,424.06,120.29,15,5567.61
1949,20241204,20241205,20241206,31,1,6,2,1878.48,0.0,51.54,4,1260.93
1950,20240512,20240517,20240519,16,23,7,4,900.06,0.0,30.88,2,592.71
1951,20251027,20251101,20251103,31,3,6,5,4574.52,0.0,52.71,12,2654.8
1952,20250720,20250723,20250725,28,38,6,2,822.1,41.1,11.98,10,494.76
1953,20250625,20250627,20250629,31,6,6,4,19398.87,969.94,328.47,17,13133.65
1954,20240510,20240511,20240512,18,3,6,1,3641.08,0.0,107.23,4,2147.71
1955,20250925,20250926,20250927,14,11,6,4,9925.5,496.28,219.02,15,6224.81
1956,20250705,20250706,20250708,23,31,7,4,11742.19,587.11,313.01,19,6846.07
1957,20251026,20251027,20251028,3,37,6,1,17240.72,862.04,476.73,17,11283.64
1958,20251120,20251121,20251122,27,11,6,1,3907.7,0.0,95.59,5,2472.38
1959,20240901,20240904,20240905,11,21,5,2,9624.67,481.23,304.9,11,5995.11
1960,20240831,20240903,20240905,1,31,6,1,4870.84,487.08,117.09,13,2899.75
1961,20260128,20260131,20260202,9,32,6,4,1302.82,130.28,28.26,2,788.99
1962,20250419,20250420,20250422,9,7,8,1,15416.96,0.0,605.15,13,10678.41
1963,20250211,20250216,20250217,1,34,6,5,791.56,0.0,9.6,2,535.88
1964,20241025,20241027,20241028,22,35,5,5,13636.26,0.0,428.6,18,8401.07
1965,20250707,20250712,20250713,3,30,6,5,3460.56,0.0,71.38,3,1970.06
1966,20250928,20251002,20251004,27,22,7,3,15652.16,1565.22,626.07,16,9515.93
1967,20240402,20240405,20240406,15,16,5,1,14146.02,707.3,530.65,18,9543.93
1968,20250505,20250509,20250511,23,36,5,4,6307.8,0.0,71.56,6,4106.84
1969,20260320,20260323,20260325,12,35,6,4,6810.2,681.02,81.19,10,3929.7
1970,20241020,20241023,20241024,4,21,6,5,5135.1,256.76,134.83,15,2994.84
1971,20241021,20241025,20241026,6,30,6,2,3057.6,305.76,116.92,6,1859.06
1972,20251226,20251231,20260101,21,16,5,1,753.01,0.0,18.65,1,464.07
1973,20240515,20240518,20240519,23,30,7,5,5472.61,0.0,123.89,13,3290.4
1974,20250113,20250118,20250119,10,4,5,4,8660.16,866.02,126.96,18,5690.97
1975,20250226,20250227,20250301,12,37,7,1,7466.47,373.32,111.42,11,4550.31
1976,20251029,20251030,20251031,30,21,7,4,4515.93,0.0,144.54,9,2914.38
1977,20240703,20240706,20240708,27,24,5,1,8456.52,0.0,237.96,12,4852.08
1978,20250208,20250210,20250212,14,8,6,3,8211.84,0.0,294.67,14,4976.08
1979,20240720,20240723,20240724,9,22,5,2,2156.72,107.84,47.87,2,1281.96
1980,20251022,20251024,20251025,11,1,7,2,5307.92,0.0,167.76,8,3328.02
1981,20250702,20250707,20250709,18,36,6,1,15442.95,772.15,428.8,15,8593.85
1982,20250326,20250327,20250328,19,30,6,1,5603.46,0.0,204.61,6,3500.68
1983,20250110,20250114,20250115,6,19,5,2,444.0,0.0,9.4,2,279.27
1984,20240720,20240722,20240724,2,34,6,1,3406.0,0.0,51.74,13,2259.0
1985,20260127,20260128,20260130,16,33,6,2,1600.32,160.03,27.89,6,968.83
1986,20250713,20250716,20250718,25,5,5,3,7263.36,0.0,123.29,16,4032.28
1987,20241117,20241118,20241119,5,3,8,4,15490.8,0.0,415.56,18,9110.35
1988,20250125,20250128,20250130,14,11,6,4,3505.76,350.58,113.25,8,2077.45
1989,20250908,20250913,20250914,5,1,5,1,2778.15,0.0,36.65,15,1627.27
1990,20250903,20250905,20250907,9,23,7,1,5443.1,544.31,112.44,5,3075.15
1991,20250228,20250302,20250304,20,22,6,4,651.42,32.57,13.25,2,376.46
1992,20241105,20241106,20241107,10,22,6,4,3220.96,322.1,33.42,4,2112.41
1993,20250722,20250727,20250729,9,3,7,5,9558.38,477.92,241.45,13,6586.08
1994,20250720,20250724,20250726,31,37,5,5,2441.52,122.08,90.97,4,1521.35
1995,20250608,20250612,20250614,6,40,7,3,15489.94,1548.99,535.12,19,10224.72
1996,20240523,20240527,20240528,6,24,5,4,9453.3,945.33,359.06,10,6366.54
1997,20250308,20250309,20250310,29,1,5,2,2041.13,0.0,35.94,13,1201.31
1998,20250618,20250620,20250621,18,16,5,4,13796.51,0.0,298.87,13,9593.89
1999,20260216,20260220,20260221,2,29,5,5,14410.39,0.0,439.73,17,8807.62
2000,20250415,20250417,20250419,14,30,6,4,2319.27,0.0,47.5,3,1598.9
2001,20241204,20241208,20241209,18,10,8,2,12457.43,0.0,131.01,17,8047.29
2002,20250507,20250508,20250509,9,33,8,2,10246.4,0.0,146.98,16,5960.2
2003,20240807,20240808,20240809,18,39,5,1,7492.68,374.63,187.69,12,5098.2
2004,20240605,20240606,20240607,21,21,8,2,2229.57,0.0,84.46,9,1265.03
2005,20250804,20250807,20250808,9,16,7,4,2144.58,107.23,79.06,3,1408.81
2006,20260315,20260317,20260318,26,22,7,4,3165.6,316.56,78.54,3,1862.9
2007,20251203,20251207,20251209,15,2,8,1,14121.9,706.1,300.15,13,9749.04
2008,20250527,20250528,20250529,30,21,6,4,961.36,48.07,29.54,8,629.71
2009,20240430,20240501,20240502,3,2,6,2,976.56,48.83,29.88,3,560.08
2010,20260316,20260319,20260321,11,2,7,3,6385.32,0.0,106.72,9,4392.04
2011,20250220,20250221,20250223,23,23,7,2,7500.06,0.0,217.33,17,5229.37
2012,20241027,20241101,20241103,28,21,7,3,14648.43,0.0,209.01,19,9221.96
2013,20260106,20260109,20260110,8,40,5,4,6424.64,0.0,225.17,8,4465.56
2014,20250922,20250923,20250924,31,21,8,4,3154.88,0.0,84.02,4,2177.86
2015,20250924,20250929,20250930,6,40,6,4,3830.1,0.0,94.36,10,2252.32
2016,20241018,20241021,20241022,14,33,8,2,11578.2,0.0,262.24,15,7013.55
2017,20260319,20260321,20260322,11,14,6,4,6043.23,604.32,208.76,9,4165.33
2018,20250222,20250224,20250226,14,38,5,1,8767.3,438.36,138.16,10,5071.52
2019,20250420,20250425,20250427,29,20,8,2,1150.32,0.0,30.85,2,710.51
2020,20250925,20250927,20250929,23,24,7,3,2072.48,0.0,54.14,4,1224.13
2021,20250722,20250723,20250724,25,5,5,4,461.28,23.06,8.04,3,299.29
2022,20240803,20240807,20240808,9,9,5,5,10239.68,1023.97,291.18,16,5741.81
2023,20241105,20241106,20241107,30,21,5,1,14926.88,1492.69,269.77,16,9798.5
2024,20241218,20241221,20241222,15,11,5,4,2667.5,0.0,53.4,11,1824.78
2025,20260215,20260219,20260221,21,24,8,1,6222.56,311.13,136.5,16,4173.3
2026,20250830,20250901,20250902,22,4,5,3,1301.94,65.1,14.33,3,726.98
2027,20241221,20241225,20241226,21,11,5,4,9975.3,0.0,174.23,15,6282.12
2028,20250914,20250917,20250919,20,27,8,4,5977.62,0.0,68.61,11,3659.73
2029,20250916,20250921,20250922,16,25,8,4,5287.34,0.0,120.36,17,3032.24
2030,20250111,20250116,20250117,21,40,5,4,892.64,89.26,34.07,2,566.37
2031,20250117,20250122,20250123,29,36,7,1,1774.14,88.71,30.04,3,996.01
2032,20260107,20260110,20260112,13,33,7,5,3971.84,397.18,86.69,8,2192.34
2033,20250512,20250516,20250518,17,1,7,5,850.02,0.0,12.59,1,577.96
2034,20240718,20240722,20240724,6,25,6,2,3283.02,328.3,128.73,13,2006.46
2035,20250903,20250905,20250907,12,10,8,1,3335.15,0.0,112.57,5,2231.7
2036,20250601,20250603,20250605,25,11,8,1,12341.44,0.0,242.41,16,8414.8
2037,20250403,20250407,20250409,21,9,7,4,1095.09,0.0,42.5,3,685.68
2038,20250907,20250912,20250914,8,19,8,5,2108.4,0.0,23.05,10,1259.04
2039,20260116,20260120,20260122,18,5,5,4,8650.08,865.01,339.26,8,5794.04
2040,20241125,20241130,20241201,26,22,7,2,784.74,78.47,14.85,6,508.73
2041,20250129,20250201,20250203,4,7,8,1,8621.2,0.0,183.98,8,5723.34
2042,20240816,20240818,20240819,2,21,7,3,4391.04,0.0,118.07,12,2483.61
2043,20250712,20250716,20250717,13,26,8,2,9980.55,499.03,223.95,9,5902.42
2044,20250117,20250119,20250121,21,8,6,1,12893.43,0.0,451.08,11,8712.66
2045,20241204,20241206,20241207,11,5,8,1,4726.6,236.33,182.54,5,3029.09
2046,20250817,20250822,20250824,26,33,8,1,640.98,64.1,17.97,3,389.67
2047,20250121,20250123,20250125,27,30,7,1,13472.34,1347.23,500.62,14,7532.2
2048,20250302,20250303,20250304,17,11,7,4,5955.48,0.0,98.89,6,4147.09
2049,20250213,20250214,20250216,13,36,7,2,17825.22,1782.52,314.69,18,10432.66
2050,20241004,20241005,20241006,2,9,6,2,4667.6,0.0,151.24,4,2602.9
2051,20240630,20240701,20240702,26,38,7,3,1752.85,175.28,29.64,11,1207.43
2052,20251120,20251121,20251122,28,5,8,5,10524.41,0.0,333.71,13,6864.37
2053,20240606,20240608,20240609,15,27,5,4,7600.68,0.0,294.99,9,5316.59
2054,20241121,20241126,20241128,17,1,5,3,1166.8,0.0,18.56,10,694.34
2055,20250727,20250729,20250731,24,8,6,4,5802.44,580.24,171.13,7,4037.2
2056,20240704,20240707,20240709,22,17,6,4,96.13,4.81,2.54,1,59.83
2057,20250718,20250722,20250724,5,4,7,4,4384.98,438.5,166.44,17,2705.0
2058,20250913,20250916,20250918,22,19,6,2,1900.8,190.08,21.37,12,1208.64
2059,20250724,20250726,20250728,29,10,7,3,13739.28,686.96,138.62,12,9273.81
2060,20241107,20241111,20241112,24,4,5,2,6159.86,615.99,202.08,7,4244.9
2061,20240415,20240417,20240418,16,39,6,2,1379.38,0.0,25.65,2,829.35
2062,20260102,20260105,20260106,17,40,7,1,5300.36,265.02,175.31,13,3412.26
2063,20241123,20241124,20241125,9,39,6,2,5784.65,578.46,225.2,5,3626.02
2064,20251104,20251109,20251110,21,7,7,2,1373.45,68.67,50.44,5,908.04
2065,20240822,20240827,20240829,9,16,7,3,5105.4,510.54,52.51,10,3209.47
2066,20240727,20240731,20240802,12,14,6,2,12014.73,0.0,388.73,13,6780.83
2067,20251015,20251018,20251020,9,14,6,1,1209.85,60.49,24.59,5,733.28
2068,20260209,20260211,20260213,12,17,8,1,5118.21,0.0,166.74,9,2924.05
2069,20251214,20251217,20251219,13,21,8,2,561.05,0.0,15.82,7,382.3
2070,20250926,20250927,20250929,3,20,5,4,3180.72,0.0,45.43,6,2171.21
2071,20240926,20240928,20240929,23,12,7,1,9564.06,0.0,264.46,11,5518.87
2072,20260121,20260126,20260128,15,40,6,1,12845.56,0.0,366.16,14,7998.71
2073,20250727,20250730,20250731,30,40,5,1,5831.77,0.0,115.61,7,3562.36
2074,20240803,20240805,20240807,6,14,7,2,12413.64,0.0,394.54,12,7372.44
2075,20240703,20240707,20240709,22,9,5,1,2355.72,0.0,72.31,12,1359.15
2076,20251221,20251224,20251225,6,22,6,2,9850.68,985.07,237.37,18,6499.86
2077,20241016,20241020,20241022,18,15,7,3,2607.36,0.0,77.7,12,1618.68
2078,20251006,20251011,20251013,16,40,8,5,4838.6,241.93,108.08,13,3245.52
2079,20240710,20240714,20240716,15,18,6,4,5790.66,0.0,228.29,6,3859.51
2080,20241020,20241025,20241026,21,2,8,1,9272.76,927.28,248.47,14,5883.45
2081,20241022,20241023,20241024,26,6,8,2,1707.0,85.35,47.62,2,1059.87
2082,20241021,20241022,20241024,11,3,6,4,5781.87,0.0,153.42,17,3579.19
2083,20250801,20250802,20250804,27,16,5,1,3069.44,0.0,98.86,4,1784.68
2084,20260122,20260127,20260128,6,13,7,5,3522.35,352.24,138.67,5,1992.67
2085,20260119,20260123,20260125,10,35,5,3,13044.46,652.22,511.04,11,8078.78
2086,20250919,20250920,20250921,11,36,8,1,7788.2,389.41,290.15,14,4478.21
2087,20240825,20240830,20240831,30,6,6,1,1548.45,77.42,41.14,15,991.75
2088,20260224,20260226,20260228,4,38,8,5,2680.23,0.0,46.08,7,1526.48
2089,20250427,20250428,20250430,13,24,7,5,4999.15,0.0,186.12,5,2933.42
2090,20250430,20250502,20250504,14,13,6,4,2676.8,267.68,77.0,10,1607.86
2091,20250821,20250822,20250824,26,17,8,1,3756.76,0.0,82.62,7,2114.91
2092,20251009,20251013,20251014,16,18,8,4,4351.56,0.0,62.2,6,2604.49
2093,20260218,20260223,20260225,31,7,8,1,11380.0,0.0,384.81,10,7493.08
2094,20250527,20250528,20250529,24,35,5,2,5679.6,0.0,85.99,6,3367.21
2095,20250616,20250619,20250620,23,1,6,4,3092.53,0.0,92.18,7,2081.21
2096,20250922,20250926,20250927,24,3,8,5,4726.0,472.6,159.89,10,2652.3
2097,20241002,20241003,20241004,5,11,8,2,4974.9,0.0,59.97,6,3189.62
2098,20241109,20241113,20241115,15,6,6,2,2784.33,278.43,90.33,3,1558.01
2099,20250627,20250701,20250703,19,3,5,1,3847.25,384.72,152.67,11,2168.2
2100,20240517,20240520,20240521,7,16,6,2,3177.6,0.0,81.43,12,1965.14
2101,20241118,20241121,20241123,4,16,7,1,15224.3,761.22,590.03,13,8806.01
2102,20250902,20250907,20250908,5,6,7,4,8013.82,0.0,185.02,19,4703.55
2103,20260307,20260308,20260309,25,33,8,1,2660.55,266.06,49.7,15,1545.81
2104,20250411,20250414,20250416,21,36,5,4,11175.29,1117.53,361.9,17,7576.61
2105,20250114,20250116,20250117,10,29,6,1,2555.82,0.0,53.08,9,1484.49
2106,20250213,20250218,20250220,24,21,6,2,437.44,21.87,16.8,2,273.92
2107,20250809,20250814,20250815,22,38,8,1,14175.84,0.0,425.41,14,9852.86
2108,20250429,20250502,20250503,26,15,5,2,941.76,0.0,29.29,4,544.24
2109,20240417,20240421,20240422,29,18,5,3,5084.94,0.0,187.15,6,3435.25
2110,20250425,20250428,20250429,28,1,6,3,8268.9,0.0,105.53,10,5075.77
2111,20250115,20250119,20250120,6,29,5,5,9765.45,488.27,114.54,9,6609.02
2112,20250820,20250825,20250826,25,4,7,1,1178.04,0.0,43.17,12,711.22
2113,20251224,20251226,20251227,13,27,7,3,9276.02,927.6,226.56,13,5772.94
2114,20260225,20260228,20260302,14,32,7,5,9782.46,0.0,221.0,18,6455.81
2115,20250616,20250617,20250618,21,9,8,1,8999.5,0.0,247.33,10,6116.5
2116,20241219,20241221,20241222,20,25,6,4,8725.64,436.28,280.88,11,5257.58
2117,20250215,20250219,20250221,14,13,6,5,6553.32,655.33,158.96,12,4005.21
2118,20240806,20240808,20240809,31,16,6,4,911.03,0.0,12.87,1,536.78
2119,20260206,20260209,20260211,6,22,8,3,7922.16,0.0,195.49,12,5360.89
2120,20251204,20251208,20251210,3,10,7,4,1533.54,0.0,29.45,2,1060.51
2121,20251209,20251211,20251213,1,32,5,2,4857.92,0.0,174.97,17,2795.22
2122,20241124,20241125,20241126,26,16,7,3,7030.8,0.0,79.8,18,4433.83
2123,20241119,20241122,20241124,14,19,7,5,2251.24,0.0,39.57,4,1452.59
2124,20251211,20251216,20251218,15,33,5,1,3052.12,305.21,92.93,4,2031.47
2125,20250429,20250501,20250503,21,10,7,4,18850.11,1885.01,261.45,17,10504.74
2126,20250823,20250825,20250826,15,19,7,3,4050.48,0.0,157.74,14,2317.66
2127,20250321,20250326,20250327,19,40,5,1,4001.7,0.0,91.15,6,2331.25
2128,20250215,20250218,20250220,2,16,5,3,14337.46,716.87,145.28,17,9525.84
2129,20250702,20250703,20250705,5,5,7,4,1066.07,0.0,40.41,1,709.77
2130,20251109,20251112,20251114,29,12,7,3,15522.36,0.0,235.81,17,10231.52
2131,20241128,20241201,20241202,15,39,7,4,7070.64,353.53,119.97,12,4317.79
2132,20251107,20251110,20251112,6,31,6,2,1616.82,0.0,57.77,3,1017.1
2133,20240924,20240927,20240929,13,33,7,5,20953.26,2095.33,584.9,18,12464.78
2134,20250117,20250118,20250120,12,11,8,3,10767.29,0.0,177.12,17,7010.4
2135,20260120,20260121,20260122,10,34,5,4,1009.14,0.0,10.98,2,660.41
2136,20260220,20260225,20260227,10,16,7,1,5709.99,285.5,74.64,13,3970.64
2137,20260128,20260129,20260131,23,32,5,2,6514.43,325.72,85.34,13,3706.97
2138,20241115,20241120,20241121,4,36,5,5,3740.76,187.04,109.52,4,2187.85
2139,20251201,20251204,20251205,11,9,8,1,14668.05,0.0,238.77,15,9453.67
2140,20260206,20260209,20260210,16,38,5,2,1230.45,0.0,31.24,5,821.35
2141,20260309,20260313,20260315,18,26,7,4,1994.04,99.7,61.88,6,1220.36
2142,20240416,20240420,20240421,28,30,7,4,1965.33,196.53,76.33,9,1114.45
2143,20250921,20250924,20250925,29,31,8,4,1106.6,0.0,36.33,11,702.77
2144,20260322,20260324,20260326,10,7,7,4,1172.1,0.0,24.86,2,779.85
2145,20251005,20251006,20251007,18,30,7,5,2939.0,146.95,104.62,5,1670.01
2146,20240916,20240919,20240921,1,9,8,2,1259.28,125.93,20.93,11,828.55
2147,20251004,20251005,20251007,20,11,8,3,1138.48,0.0,40.03,1,664.05
2148,20240616,20240619,20240620,5,5,7,4,6259.82,0.0,157.9,7,4202.77
2149,20250314,20250316,20250318,3,8,5,4,13210.34,0.0,373.09,13,8457.0
2150,20250627,20250628,20250629,22,40,5,1,8873.64,0.0,313.43,12,5186.11
2151,20250225,20250301,20250303,6,14,6,2,325.7,32.57,9.67,2,199.48
2152,20250819,20250820,20250821,16,16,7,3,7694.05,0.0,201.33,7,4760.89
2153,20240921,20240926,20240928,4,20,7,4,3570.54,0.0,36.45,6,2370.08
2154,20250613,20250616,20250618,24,29,8,3,2966.31,148.32,69.5,9,1771.06
2155,20250711,20250715,20250717,24,23,5,4,731.2,0.0,15.55,5,406.58
2156,20250703,20250706,20250708,19,22,5,4,15764.48,0.0,554.39,16,9807.88
2157,20241027,20241030,20241031,27,34,5,1,2638.84,0.0,62.2,4,1835.58
2158,20241107,20241109,20241110,15,20,7,3,2252.6,0.0,82.26,7,1243.98
2159,20241004,20241005,20241007,6,31,7,3,2685.24,0.0,50.51,18,1577.54
2160,20250228,20250304,20250306,5,37,5,1,922.64,92.26,13.52,4,588.89
2161,20250529,20250530,20250601,7,28,8,2,4342.8,434.28,143.7,11,3027.05
2162,20241219,20241223,20241225,7,2,6,3,4495.86,0.0,172.03,9,3097.84
2163,20250122,20250127,20250129,11,11,7,4,9262.32,926.23,225.95,12,5390.87
2164,20241025,20241030,20241101,7,25,8,2,19439.28,0.0,259.98,19,13263.76
2165,20240906,20240907,20240908,19,20,5,1,5159.7,0.0,77.99,6,3416.26
2166,20250720,20250721,20250723,5,12,8,2,12206.74,0.0,207.87,19,7103.16
2167,20251112,20251113,20251114,20,14,8,4,9890.1,0.0,353.94,18,6108.33
2168,20241028,20241102,20241104,12,4,8,3,1169.7,0.0,41.74,1,715.84
2169,20251214,20251215,20251216,22,10,5,1,3223.8,322.38,98.89,6,2050.04
2170,20250518,20250520,20250521,17,32,6,5,3354.0,0.0,126.18,5,2293.66
2171,20240731,20240803,20240805,29,1,5,1,13934.52,0.0,176.12,12,7763.59
2172,20241221,20241223,20241225,15,34,6,1,8152.16,407.61,193.71,16,4497.35
2173,20240406,20240411,20240412,10,14,8,2,8204.79,0.0,288.32,11,5305.23
2174,20240429,20240502,20240504,19,33,8,4,6196.96,619.7,217.86,7,3668.7
2175,20241130,20241202,20241203,21,11,8,4,7083.7,0.0,204.66,13,4303.05
2176,20250223,20250224,20250225,15,34,6,1,8900.97,0.0,143.74,13,5830.7
2177,20251029,20251030,20251031,18,23,8,4,5422.05,0.0,103.47,9,3526.61
2178,20240707,20240708,20240709,16,35,8,4,12289.13,1228.91,296.28,17,8009.71
2179,20251128,20251201,20251203,11,3,8,4,5234.72,523.47,90.64,16,2904.06
2180,20240917,20240921,20240922,11,32,8,5,264.26,0.0,3.65,2,148.72
2181,20240710,20240712,20240714,29,11,7,4,368.34,18.42,12.78,3,233.18
2182,20250820,20250822,20250823,22,15,5,1,999.82,99.98,15.17,2,605.84
2183,20251012,20251015,20251017,3,2,6,1,4431.49,0.0,107.97,7,2486.48
2184,20250612,20250616,20250618,30,39,8,5,2149.02,107.45,63.86,2,1476.33
2185,20240623,20240627,20240628,23,26,6,3,1788.27,0.0,26.59,11,1162.25
2186,20240623,20240627,20240629,2,40,5,3,892.88,0.0,19.45,8,570.71
2187,20250108,20250109,20250111,23,23,8,5,798.24,0.0,27.24,4,532.91
2188,20250220,20250222,20250223,19,7,6,4,7233.2,361.66,121.36,13,4127.06
2189,20260323,20260326,20260327,29,14,8,4,1043.37,0.0,10.53,1,656.67
2190,20241025,20241028,20241029,16,18,6,4,2793.25,0.0,95.79,5,1829.78
2191,20240818,20240822,20240824,17,6,6,1,6172.56,0.0,226.5,18,3680.54
2192,20260213,20260217,20260219,11,38,6,4,18128.64,0.0,270.62,16,10680.11
2193,20240721,20240725,20240726,11,39,6,5,13651.56,0.0,270.16,13,7986.65
2194,20240420,20240421,20240423,20,23,6,1,8466.3,846.63,216.3,9,5429.89
2195,20250131,20250203,20250204,26,24,6,1,8508.5,850.85,90.91,10,5734.89
2196,20250115,20250116,20250117,28,29,8,4,4142.9,0.0,122.23,10,2354.23
2197,20250623,20250626,20250627,25,28,6,3,2039.9,0.0,54.82,10,1370.06
2198,20251226,20251231,20260102,20,3,6,1,13903.26,0.0,197.2,14,9506.23
2199,20260204,20260206,20260207,17,22,8,1,18177.59,0.0,506.88,17,11395.07
2200,20241027,20241101,20241103,12,32,6,1,3253.6,0.0,111.82,16,2071.17
2201,20260311,20260315,20260317,25,33,5,1,6519.76,325.99,96.09,8,3890.12
2202,20250702,20250707,20250708,11,24,5,4,13171.6,0.0,365.19,13,7413.78
2203,20240521,20240525,20240527,10,36,6,4,9693.0,0.0,207.72,9,5851.02
2204,20260208,20260210,20260211,28,24,7,4,3733.31,0.0,88.3,7,2393.29
2205,20240709,20240713,20240715,19,16,8,1,9528.21,476.41,130.41,9,5823.25
2206,20250531,20250601,20250602,12,18,5,2,16411.63,820.58,356.3,19,9752.99
2207,20251024,20251028,20251029,27,28,7,1,10604.85,0.0,363.89,19,6878.61
2208,20240928,20241002,20241003,30,36,6,4,2012.7,100.64,78.66,5,1358.97
2209,20241013,20241014,20241015,11,10,6,5,8636.08,431.8,97.25,8,4925.1
2210,20250311,20250312,20250314,17,12,6,2,4415.75,0.0,68.74,17,2703.58
2211,20251231,20260101,20260102,16,27,6,5,3442.3,0.0,133.55,10,2043.44
2212,20240909,20240914,20240915,23,31,5,1,17929.26,0.0,211.4,18,12104.16
2213,20250724,20250729,20250731,30,16,5,1,1474.2,147.42,25.43,12,987.07
2214,20250222,20250226,20250227,18,26,7,4,7576.92,0.0,278.0,12,4335.02
2215,20240620,20240621,20240623,25,1,5,2,13611.84,0.0,357.53,16,9450.2
2216,20250827,20250828,20250830,19,12,6,5,4389.3,0.0,64.12,18,2911.98
2217,20251123,20251124,20251126,28,39,5,1,609.32,0.0,23.77,4,363.3
2218,20250522,20250524,20250525,14,24,5,4,3377.36,0.0,92.66,14,2315.61
2219,20240806,20240810,20240812,13,35,5,1,3013.92,150.7,30.19,14,1766.61
2220,20240722,20240725,20240727,14,9,6,1,11218.17,0.0,120.17,19,7650.89
2221,20250201,20250206,20250208,31,12,5,2,13801.28,690.06,500.72,17,9453.6
2222,20250402,20250403,20250404,20,39,5,5,4531.92,0.0,73.17,4,2760.27
2223,20250505,20250510,20250512,5,40,6,3,4466.07,0.0,161.81,7,2574.02
2224,20240924,20240929,20240930,2,36,6,3,7459.32,0.0,234.53,11,4825.4
2225,20250329,20250401,20250403,17,13,5,1,2819.7,0.0,55.75,6,1738.66
2226,20241031,20241105,20241107,26,33,5,1,19762.85,1976.28,377.88,19,12733.45
2227,20250810,20250814,20250815,16,19,8,1,7032.35,703.24,147.65,13,4403.8
2228,20251028,20251029,20251031,18,34,7,4,17001.2,0.0,323.75,19,10681.05
2229,20250716,20250717,20250718,25,35,5,1,771.66,0.0,28.64,9,531.34
2230,20240401,20240406,20240407,17,18,6,1,9120.42,0.0,231.22,9,5121.75
2231,20260319,20260323,20260324,29,13,6,3,1387.28,138.73,41.56,4,967.56
2232,20240418,20240423,20240424,21,39,8,3,1923.57,0.0,25.69,11,1318.04
2233,20260324,20260327,20260328,23,19,8,2,1805.64,0.0,61.78,6,1131.33
2234,20240423,20240426,20240427,25,18,8,1,912.11,45.61,25.66,1,586.07
2235,20250409,20250410,20250411,20,27,5,2,2320.64,232.06,42.96,4,1491.95
2236,20240616,20240617,20240618,2,38,6,4,800.1,0.0,25.82,6,543.63
2237,20240608,20240612,20240613,14,6,6,1,10809.79,1080.98,298.09,17,7230.67
2238,20250808,20250811,20250812,5,40,7,4,11945.9,0.0,229.88,10,7992.48
2239,20250909,20250913,20250914,17,17,8,1,3384.24,0.0,103.39,3,2178.76
2240,20240625,20240627,20240629,5,2,6,5,1776.42,0.0,38.08,2,1002.75
2241,20260308,20260310,20260311,17,13,7,5,16696.0,0.0,573.98,16,11431.75
2242,20241118,20241119,20241120,12,19,6,1,2394.24,0.0,84.45,2,1517.33
2243,20241117,20241118,20241120,1,28,5,2,8714.73,871.47,306.86,19,5722.12
2244,20241101,20241103,20241105,4,23,6,2,9620.52,0.0,110.01,12,5461.26
2245,20250228,20250304,20250306,17,6,7,4,1112.0,111.2,24.28,4,693.24
2246,20240807,20240812,20240814,3,20,6,3,2110.12,0.0,26.37,2,1417.61
2247,20250202,20250203,20250205,27,10,7,3,2905.68,0.0,96.71,3,1620.07
2248,20240830,20240901,20240902,24,11,7,1,4333.21,0.0,152.04,7,2542.17
2249,20240508,20240512,20240514,23,29,6,1,3249.74,0.0,123.48,13,1810.4
2250,20241223,20241227,20241228,6,33,8,4,1924.1,0.0,56.66,2,1191.36
2251,20250731,20250805,20250806,25,7,5,3,6235.05,623.51,220.97,15,4258.98
2252,20251004,20251009,20251011,21,25,8,4,19122.11,0.0,712.47,17,11230.23
2253,20241212,20241213,20241215,13,17,5,4,3465.28,0.0,80.23,7,2168.67
2254,20241121,20241123,20241125,1,14,6,3,1447.98,144.8,43.79,3,922.53
2255,20251022,20251024,20251025,17,29,8,3,13412.28,0.0,231.19,14,8386.94
2256,20250806,20250810,20250812,25,10,7,5,1466.46,73.32,18.69,9,1021.34
2257,20251123,20251128,20251130,2,31,6,4,897.24,44.86,33.32,1,604.39
2258,20260116,20260118,20260119,2,17,8,4,104.58,0.0,1.52,1,57.74
2259,20251115,20251119,20251120,13,4,5,5,14987.39,0.0,370.42,19,8597.22
2260,20260207,20260208,20260210,17,32,7,2,1793.92,0.0,30.75,16,1250.6
2261,20250127,20250129,20250130,16,35,7,4,1772.56,0.0,61.14,2,1031.87
2262,20250111,20250114,20250115,14,23,5,4,19454.97,972.75,336.23,17,13512.45
2263,20241119,20241121,20241123,9,29,8,1,9139.23,0.0,176.62,9,5271.67
2264,20240918,20240923,20240924,2,6,8,3,5200.51,0.0,166.96,7,3288.39
2265,20250924,20250927,20250929,1,14,5,2,3142.56,0.0,32.94,16,1785.35
2266,20250830,20250902,20250903,3,14,5,2,7627.83,0.0,138.86,7,4962.81
2267,20251101,20251103,20251104,22,31,5,1,8667.26,0.0,165.15,14,5008.22
2268,20240731,20240802,20240804,25,15,6,4,1879.08,187.91,69.23,7,1105.16
2269,20250322,20250326,20250327,15,30,6,4,5429.65,271.48,173.17,5,3710.46
2270,20240908,20240911,20240913,3,13,7,3,11850.15,0.0,452.02,13,7768.78
2271,20260106,20260108,20260110,14,25,7,1,1493.28,0.0,38.32,2,841.12
2272,20241011,20241012,20241014,31,9,5,3,7093.56,709.36,209.04,12,4167.84
2273,20240714,20240717,20240719,9,23,6,1,4339.44,0.0,163.64,7,2615.75
2274,20250518,20250521,20250523,16,4,8,1,13359.0,0.0,265.18,12,8178.46
2275,20251227,20251231,20260101,18,30,8,2,9693.57,0.0,249.05,17,5601.91
2276,20260123,20260125,20260126,11,2,6,4,14285.76,714.29,405.92,12,9756.34
2277,20240609,20240614,20240616,15,40,5,2,18316.0,0.0,677.6,16,10704.46
2278,20241122,20241127,20241128,16,34,5,3,517.0,0.0,19.65,4,361.42
2279,20240720,20240724,20240726,16,24,6,4,17182.41,0.0,404.8,17,11100.65
2280,20241109,20241112,20241113,23,37,6,2,969.64,0.0,14.64,1,625.76
2281,20250421,20250425,20250426,19,33,6,4,11550.72,0.0,203.32,12,7764.07
2282,20241020,20241025,20241026,2,6,5,1,2086.08,0.0,71.24,4,1429.3
2283,20240519,20240522,20240523,1,30,6,2,905.71,0.0,34.99,1,534.53
2284,20250404,20250409,20250411,14,16,6,1,2555.28,255.53,49.75,4,1598.99
2285,20240509,20240514,20240515,29,35,6,3,11224.44,0.0,447.49,19,6791.78
2286,20240911,20240915,20240917,2,35,5,5,2380.02,0.0,35.42,6,1367.75
2287,20240401,20240405,20240407,3,39,8,4,3429.25,0.0,88.74,5,2288.67
2288,20240602,20240607,20240608,22,19,6,3,17267.2,0.0,176.92,19,10658.38
2289,20250210,20250214,20250215,15,8,6,1,3923.46,196.17,76.95,6,2252.53
2290,20251207,20251212,20251214,8,6,8,5,19031.2,0.0,269.32,16,12039.22
2291,20251013,20251017,20251018,8,7,7,2,6315.52,0.0,216.07,8,3700.98
2292,20240611,20240615,20240616,21,40,5,1,6088.55,0.0,212.28,19,3771.78
2293,20240426,20240427,20240428,17,24,5,5,4369.8,0.0,69.08,10,2902.62
2294,20241201,20241202,20241204,21,15,5,2,5958.95,297.95,211.29,5,4058.0
2295,20250716,20250720,20250722,10,18,7,2,8429.68,842.97,192.16,14,4757.48
2296,20250922,20250927,20250928,17,7,6,1,2378.76,0.0,94.97,12,1549.24
2297,20251117,20251121,20251123,27,23,6,1,1172.0,0.0,16.85,5,744.75
2298,20241204,20241206,20241207,11,18,7,4,12256.65,0.0,282.74,15,7058.72
2299,20240731,20240804,20240805,13,32,7,2,7145.71,0.0,212.79,13,4335.88
2300,20240420,20240422,20240423,5,1,5,5,2486.16,0.0,79.57,4,1384.94
2301,20240716,20240718,20240720,21,38,5,1,10144.07,507.2,142.03,17,7017.83
2302,20240518,20240519,20240520,1,3,8,3,10348.47,0.0,202.92,11,6540.62
2303,20251214,20251219,20251220,9,17,8,4,13293.54,1329.35,512.5,13,8522.06
2304,20241012,20241015,20241017,23,14,8,3,2947.12,147.36,45.31,17,2024.03
2305,20251117,20251120,20251122,1,29,8,3,4392.7,0.0,70.39,5,2626.74
2306,20250505,20250506,20250507,31,27,6,3,5419.65,0.0,182.42,15,3787.42
2307,20250425,20250430,20250502,14,8,8,4,10321.09,0.0,137.15,13,6471.15
2308,20250223,20250227,20250228,13,20,8,4,1757.12,0.0,49.23,17,1189.66
2309,20251114,20251115,20251116,18,22,8,1,6336.36,0.0,151.84,6,4390.81
2310,20240502,20240504,20240505,21,19,5,2,6011.36,300.57,107.79,8,3389.15
2311,20240607,20240612,20240613,15,1,5,3,13433.19,0.0,483.63,19,8586.41
2312,20250201,20250206,20250207,28,8,6,1,5560.92,556.09,131.28,9,3743.94
2313,20250111,20250112,20250114,30,21,7,1,21956.02,0.0,232.08,19,13774.46
2314,20250430,20250505,20250506,7,11,8,5,3076.48,0.0,111.67,4,2091.97
2315,20250916,20250921,20250923,23,22,6,1,4489.17,448.92,119.48,7,2673.34
2316,20250530,20250601,20250602,11,7,8,1,9602.4,0.0,347.41,16,5713.07
2317,20241004,20241008,20241010,31,30,8,3,12327.72,1232.77,183.58,12,8040.3
2318,20241123,20241128,20241130,9,8,8,1,3598.11,0.0,99.17,9,2159.27
2319,20250926,20250927,20250929,10,26,5,1,5131.36,0.0,169.42,13,2946.42
2320,20240824,20240825,20240827,23,34,5,1,1718.0,171.8,42.19,5,1154.27
2321,20250331,20250402,20250404,25,15,5,1,3165.76,316.58,112.11,13,1859.82
2322,20250425,20250426,20250427,4,6,7,2,420.0,42.0,13.5,5,252.9
2323,20250925,20250929,20251001,18,1,7,4,959.84,0.0,22.86,1,648.87
2324,20250830,20250831,20250901,12,15,6,1,2526.15,252.62,76.28,5,1564.71
2325,20250302,20250306,20250308,20,5,5,2,4948.65,0.0,100.95,9,2912.09
2326,20241110,20241113,20241114,18,36,7,3,4305.7,0.0,118.69,7,2775.76
2327,20241222,20241224,20241225,31,39,7,1,14610.81,0.0,189.08,19,9702.56
2328,20250123,20250127,20250128,30,40,6,2,10505.5,525.28,177.66,10,7241.45
2329,20240906,20240911,20240912,21,37,6,2,11801.53,0.0,243.63,13,7907.09
2330,20250627,20250630,20250701,22,24,7,1,685.47,0.0,12.09,1,451.57
2331,20240829,20240830,20240831,28,14,7,2,16135.95,0.0,487.99,15,11162.33
2332,20250713,20250717,20250718,6,18,7,1,8935.85,0.0,294.09,11,5946.71
2333,20250926,20251001,20251003,23,11,8,4,7383.09,738.31,229.0,11,4665.49
2334,20260225,20260301,20260302,25,34,6,5,1432.88,0.0,23.1,4,879.1
2335,20240625,20240628,20240630,4,18,7,4,731.34,0.0,19.21,3,487.85
2336,20251002,20251007,20251009,28,16,8,1,399.91,39.99,4.04,1,221.87
2337,20240602,20240603,20240604,22,28,5,4,1817.2,0.0,46.31,10,1066.34
2338,20241130,20241204,20241205,12,15,6,3,10412.64,1041.26,281.54,16,6777.5
2339,20240806,20240808,20240810,16,15,5,1,12371.92,618.6,275.88,11,8398.41
2340,20240727,20240729,20240731,16,10,6,5,15108.86,0.0,383.58,13,9748.35
2341,20240805,20240809,20240811,29,3,5,4,1783.68,0.0,32.9,8,1162.45
2342,20240502,20240505,20240507,31,2,7,1,14688.05,0.0,352.91,13,8956.71
2343,20251117,20251118,20251120,26,17,5,5,2353.01,235.3,69.91,11,1404.91
2344,20240515,20240518,20240520,21,40,7,1,4908.15,0.0,182.67,13,2717.93
2345,20250114,20250116,20250117,4,11,7,2,6768.06,0.0,148.37,6,4183.44
2346,20250819,20250820,20250822,29,26,8,1,9947.47,497.37,380.12,13,6057.19
2347,20260318,20260322,20260323,5,13,6,1,11596.5,0.0,445.84,10,8027.59
2348,20251209,20251210,20251212,6,13,6,5,2946.33,0.0,103.55,19,1759.12
2349,20240709,20240712,20240714,3,7,5,3,4406.64,220.33,156.73,12,3072.23
2350,20260316,20260317,20260319,30,23,7,1,431.76,0.0,5.44,2,278.34
2351,20250717,20250720,20250721,16,27,5,4,7621.32,0.0,102.19,14,4536.1
2352,20240808,20240812,20240813,9,15,5,4,2863.2,0.0,81.99,16,1681.01
2353,20250219,20250221,20250222,3,22,8,5,10176.5,0.0,234.83,10,5624.94
2354,20260124,20260126,20260128,14,20,7,5,6687.38,0.0,84.64,14,4462.72
2355,20250110,20250115,20250116,23,11,5,5,15187.2,0.0,260.21,16,9302.31
2356,20240811,20240815,20240816,31,28,7,3,2799.68,279.97,86.58,8,1740.87
2357,20251224,20251227,20251229,18,23,6,1,16602.39,0.0,367.22,19,10584.7
2358,20260219,20260222,20260223,20,3,5,5,2957.13,0.0,89.25,9,1785.42
2359,20260307,20260310,20260312,27,20,6,1,1940.88,0.0,33.64,6,1289.65
2360,20260220,20260222,20260224,29,16,8,1,5217.68,0.0,153.24,13,2981.23
2361,20251223,20251228,20251230,10,32,5,2,14786.4,739.32,251.43,16,9931.01
2362,20250223,20250226,20250227,31,13,6,1,1644.6,164.46,55.99,3,1059.92
2363,20240818,20240823,20240824,17,39,8,3,453.1,0.0,14.34,1,304.3
2364,20250621,20250626,20250628,29,25,6,5,2267.32,113.37,45.28,2,1532.91
2365,20240907,20240909,20240911,4,6,5,2,6402.0,0.0,230.36,8,3671.03
2366,20250309,20250312,20250314,3,17,6,3,1576.48,78.82,59.42,2,961.64
2367,20250719,20250724,20250725,28,36,7,2,7247.52,0.0,77.74,14,4258.04
2368,20260214,20260216,20260217,22,11,8,4,1523.4,0.0,54.49,4,884.34
2369,20241027,20241029,20241031,6,29,7,1,16679.36,0.0,529.33,16,9970.77
2370,20240930,20241003,20241005,28,32,5,1,874.81,0.0,20.86,1,599.07
2371,20250914,20250918,20250920,4,28,8,3,7793.1,0.0,282.75,14,5437.22
2372,20240405,20240406,20240408,22,4,8,3,12224.94,1222.49,209.04,13,8396.21
2373,20250515,20250518,20250520,7,15,7,2,9721.46,0.0,246.5,14,5431.94
2374,20250922,20250926,20250927,3,14,8,1,1115.92,0.0,16.38,13,670.69
2375,20250504,20250506,20250508,26,14,8,1,3046.86,0.0,99.9,18,2070.23
2376,20250103,20250105,20250106,27,36,5,4,16254.56,812.73,525.74,14,9969.09
2377,20251121,20251125,20251126,4,1,6,2,3583.8,0.0,105.75,6,2386.04
2378,20241225,20241229,20241231,3,22,7,2,10812.84,0.0,213.12,12,6857.27
2379,20250827,20250828,20250830,20,40,6,4,1101.77,55.09,13.94,1,715.75
2380,20250302,20250304,20250305,1,36,7,4,2837.48,141.87,42.5,4,1873.44
2381,20240420,20240422,20240424,24,25,7,1,5786.96,0.0,153.77,8,3548.47
2382,20250419,20250421,20250422,29,40,5,4,893.89,0.0,33.81,1,599.97
2383,20240506,20240509,20240511,24,17,7,1,1410.53,0.0,37.34,11,952.47
2384,20260203,20260207,20260209,8,25,5,1,904.97,0.0,30.75,11,511.23
2385,20250609,20250614,20250615,6,22,7,4,8699.99,870.0,319.12,13,5110.68
2386,20241225,20241228,20241229,22,2,6,1,313.59,0.0,5.12,1,204.2
2387,20250318,20250323,20250324,2,2,5,1,15852.8,0.0,163.0,16,11070.83
2388,20250622,20250623,20250624,18,36,8,4,1664.85,83.24,57.14,11,1141.66
2389,20241006,20241007,20241009,15,7,6,4,4963.2,0.0,52.97,10,3398.98
2390,20241026,20241030,20241031,24,15,5,5,1469.1,146.91,17.5,5,893.85
2391,20250128,20250130,20250201,7,25,6,4,8931.86,0.0,146.6,14,5445.61
2392,20241004,20241008,20241010,24,24,8,1,7212.7,360.64,246.89,10,4064.59
2393,20250930,20251001,20251003,22,21,5,3,719.32,35.97,8.86,2,396.46
2394,20240615,20240619,20240621,9,40,6,2,4214.34,0.0,125.07,9,2723.37
2395,20251119,20251120,20251122,12,32,6,4,1012.14,0.0,40.18,3,673.37
2396,20241208,20241210,20241212,2,38,8,1,8129.03,0.0,174.04,7,5622.39
2397,20250511,20250514,20250515,15,27,5,1,9710.26,971.03,380.49,14,5563.35
2398,20240724,20240728,20240729,9,40,5,1,3860.78,0.0,48.36,7,2188.09
2399,20250104,20250109,20250111,4,25,7,4,2425.95,0.0,50.51,9,1642.2
2400,20250928,20251002,20251004,18,22,5,1,9109.5,0.0,118.65,15,5804.25
2401,20241013,20241018,20241019,19,33,7,3,4266.48,0.0,111.17,12,2675.3
2402,20240705,20240706,20240708,3,35,6,4,4140.24,207.01,162.87,13,2347.74
2403,20250413,20250414,20250415,6,3,7,4,16841.03,0.0,340.08,19,11454.77
2404,20240727,20240731,20240801,3,37,5,2,15993.18,0.0,396.55,18,8982.97
2405,20241114,20241118,20241120,22,28,7,1,1850.98,185.1,38.9,19,1233.53
2406,20250220,20250223,20250225,12,36,7,5,10967.88,0.0,187.61,14,6187.24
2407,20250513,20250514,20250515,3,29,5,3,4239.28,423.93,56.73,19,2879.89
2408,20250707,20250712,20250714,6,38,6,2,11126.83,0.0,367.91,11,7339.5
2409,20250803,20250807,20250809,31,12,5,5,5636.25,563.62,90.53,5,3358.68
2410,20251202,20251206,20251208,9,8,5,1,11744.15,0.0,223.86,11,7672.14
2411,20240518,20240522,20240524,22,8,7,2,452.56,22.63,6.58,1,272.9
2412,20241218,20241223,20241225,16,11,6,1,105.91,10.59,1.38,1,66.03
2413,20240401,20240402,20240404,6,9,8,1,3146.4,0.0,94.53,18,1810.23
2414,20240407,20240412,20240413,11,18,6,2,1784.94,0.0,56.68,6,1063.22
2415,20240901,20240905,20240907,1,8,7,4,537.98,0.0,6.84,2,339.18
2416,20250607,20250611,20250612,24,7,7,1,10203.36,0.0,242.75,12,6321.08
2417,20260107,20260108,20260110,12,21,7,4,9679.36,0.0,132.64,16,6331.94
2418,20251012,20251015,20251017,16,32,8,4,10595.76,1059.58,384.19,12,7222.09
2419,20250712,20250716,20250717,5,6,7,4,1705.8,0.0,53.55,6,1186.63
2420,20251015,20251020,20251022,26,21,7,1,11577.1,0.0,320.81,10,7230.02
2421,20240803,20240804,20240805,7,27,7,4,296.05,0.0,3.5,1,204.93
2422,20251129,20251130,20251201,18,29,6,1,20496.44,1024.82,715.73,19,14139.0
2423,20260104,20260109,20260110,28,5,7,4,1470.84,0.0,35.86,4,967.14
2424,20240608,20240613,20240614,23,30,8,2,4645.52,0.0,150.73,11,2925.81
2425,20250306,20250308,20250310,20,2,7,4,5397.56,0.0,130.9,7,3517.52
2426,20251122,20251125,20251126,28,10,7,1,10295.37,0.0,400.02,9,6971.54
2427,20250311,20250314,20250315,6,13,5,3,15892.79,0.0,412.9,17,10056.14
2428,20251129,20251203,20251204,30,35,6,1,1280.48,0.0,41.45,4,728.25
2429,20260206,20260207,20260208,18,8,5,1,2813.64,0.0,73.18,12,1915.99
2430,20250310,20250311,20250313,14,32,5,3,7766.71,0.0,186.18,7,4442.67
2431,20240514,20240515,20240517,9,40,6,1,639.48,0.0,20.07,6,414.5
2432,20241202,20241203,20241205,24,39,6,4,4357.16,217.86,87.51,4,2662.87
2433,20240903,20240907,20240908,31,13,7,4,6061.62,0.0,85.22,6,3517.3
2434,20250309,20250312,20250314,22,4,8,3,3189.18,0.0,124.14,6,1879.35
2435,20250529,20250601,20250603,1,9,8,4,747.81,74.78,22.62,7,519.32
2436,20250302,20250304,20250305,16,31,6,4,3182.4,318.24,111.89,15,1840.55
2437,20240820,20240825,20240827,23,8,6,5,15836.22,0.0,376.49,18,9186.63
2438,20241104,20241108,20241110,13,26,7,1,9835.84,491.79,143.6,16,5934.07
2439,20250805,20250810,20250811,25,15,6,3,10093.44,1009.34,313.38,14,6661.7
2440,20240420,20240423,20240425,23,31,8,4,4811.4,481.14,126.82,11,3221.95
2441,20240902,20240906,20240908,3,25,8,1,8272.94,0.0,124.16,13,4967.81
2442,20260106,20260107,20260108,18,24,7,1,11609.28,0.0,324.99,12,7654.31
2443,20240611,20240616,20240618,6,32,5,1,6742.92,0.0,148.48,12,4167.43
2444,20250125,20250129,20250131,16,39,7,3,12807.36,0.0,329.32,18,8875.36
2445,20240828,20240829,20240830,13,15,8,2,2335.46,0.0,62.64,2,1400.96
2446,20240615,20240620,20240622,26,22,5,4,97.37,0.0,3.26,1,67.32
2447,20250131,20250202,20250204,28,26,5,3,1878.84,0.0,40.22,3,1185.54
2448,20250413,20250416,20250418,15,33,7,4,10280.7,0.0,308.05,18,5702.77
2449,20240806,20240807,20240808,18,20,6,1,20388.06,2038.81,540.83,18,13652.02
2450,20240527,20240528,20240530,20,15,7,4,5545.98,277.3,93.81,9,3488.12
2451,20240707,20240712,20240714,21,34,6,4,1256.19,0.0,39.56,3,806.22
2452,20250716,20250721,20250723,21,39,8,1,3098.34,0.0,80.71,3,1812.59
2453,20251213,20251215,20251217,25,23,6,1,7096.0,354.8,178.66,10,4335.0
2454,20240809,20240811,20240813,31,5,6,1,9648.24,0.0,110.85,14,5345.08
2455,20241118,20241123,20241125,26,12,5,5,851.24,0.0,13.62,4,470.23
2456,20241205,20241208,20241209,5,19,5,1,3901.86,390.19,90.34,6,2709.48
2457,20241217,20241221,20241223,16,29,5,1,2623.0,0.0,89.71,4,1516.52
2458,20240924,20240926,20240928,15,27,8,1,16769.4,838.47,435.51,19,10134.93
2459,20240510,20240513,20240515,17,33,6,1,1104.94,0.0,15.52,1,627.95
2460,20250415,20250419,20250420,17,2,5,2,5608.32,0.0,166.15,6,3089.79
2461,20241215,20241218,20241220,23,19,6,4,4780.26,0.0,183.63,18,3154.66
2462,20241204,20241206,20241207,14,29,7,2,10464.7,1046.47,128.6,10,5999.14
2463,20241009,20241010,20241012,9,40,8,4,5244.66,524.47,119.48,6,3500.22
2464,20260201,20260204,20260206,15,6,8,1,1229.97,0.0,40.58,7,763.95
2465,20250616,20250618,20250619,27,36,5,2,19738.34,986.92,655.22,19,12576.65
2466,20250128,20250201,20250202,11,1,8,4,13331.88,0.0,211.67,18,8958.55
2467,20240827,20240829,20240830,1,8,6,4,7726.48,386.32,169.68,8,4644.47
2468,20251101,20251106,20251107,31,34,8,4,2449.56,122.48,47.48,4,1525.71
2469,20260103,20260107,20260108,6,32,5,1,4270.97,213.55,70.34,11,2863.57
2470,20240424,20240425,20240426,20,39,7,3,572.88,57.29,17.46,6,379.74
2471,20260202,20260205,20260206,26,25,8,4,5763.84,0.0,211.4,8,3723.35
2472,20250819,20250823,20250825,10,25,5,1,2667.28,0.0,97.81,14,1531.31
2473,20240612,20240615,20240617,12,22,8,4,5035.92,503.59,59.28,6,3427.32
2474,20250927,20251002,20251004,10,21,5,1,5220.8,522.08,173.67,5,3594.9
2475,20240617,20240622,20240623,5,21,8,1,21207.99,0.0,507.09,19,11999.08
2476,20240507,20240510,20240512,5,12,7,4,4053.25,202.66,155.12,5,2367.33
2477,20240623,20240624,20240625,6,35,8,4,686.94,0.0,10.29,2,438.37
2478,20250227,20250228,20250302,15,15,8,4,5863.8,586.38,184.23,6,3848.08
2479,20250622,20250625,20250627,17,25,6,4,430.11,0.0,13.34,3,247.85
2480,20250120,20250125,20250126,1,27,6,1,5837.0,583.7,98.43,13,3872.09
2481,20240628,20240629,20240630,27,22,7,3,5522.0,0.0,70.57,8,3235.27
2482,20240822,20240823,20240825,22,25,5,5,9257.67,0.0,137.03,9,5190.97
2483,20251208,20251212,20251214,3,2,6,1,5173.05,0.0,176.95,5,3131.96
2484,20260225,20260228,20260302,27,13,5,2,8953.2,0.0,215.81,12,5245.55
2485,20250928,20251002,20251004,1,18,8,5,10545.57,0.0,334.77,9,7294.47
2486,20240614,20240616,20240617,18,16,5,1,6908.66,345.43,225.21,11,4744.34
2487,20251114,20251115,20251117,15,37,6,5,5811.34,0.0,122.67,19,3735.95
2488,20250814,20250819,20250820,17,36,6,2,1791.0,0.0,43.96,5,1244.14
2489,20250416,20250420,20250422,30,29,6,4,6380.4,0.0,89.56,6,3738.08
2490,20240713,20240716,20240717,29,15,8,3,15087.45,754.37,336.46,15,9416.47
2491,20260322,20260323,20260324,10,3,8,4,9704.28,970.43,176.63,12,5500.28
2492,20250215,20250220,20250222,19,31,7,4,4517.08,0.0,74.86,4,3016.87
2493,20240502,20240505,20240507,30,36,8,1,5896.92,294.85,197.45,12,3877.91
2494,20240830,20240831,20240901,23,20,5,3,1887.45,188.74,56.84,5,1121.38
2495,20250116,20250118,20250120,28,34,8,5,3010.86,301.09,71.67,6,1826.41
2496,20240516,20240521,20240522,15,38,5,5,7969.59,796.96,316.58,9,4964.33
2497,20241121,20241126,20241127,10,22,5,5,4049.55,0.0,120.14,9,2447.97
2498,20250305,20250309,20250310,17,9,5,3,3105.2,0.0,54.54,10,1870.67
2499,20260215,20260219,20260220,26,1,5,3,652.5,0.0,20.92,2,426.85
2500,20240602,20240603,20240605,29,31,8,3,5648.5,0.0,206.3,11,3617.44
2501,20250523,20250528,20250530,22,23,6,3,12636.26,631.81,211.62,13,7904.03
2502,20260123,20260127,20260128,23,7,8,3,2959.53,147.98,116.52,3,1688.34
2503,20251104,20251108,20251110,17,3,6,1,8908.9,445.44,317.17,10,5169.83
2504,20260129,20260203,20260205,11,39,5,1,22402.9,0.0,636.43,19,15117.26
2505,20240802,20240807,20240808,14,13,6,3,732.24,73.22,18.43,2,508.69
2506,20251101,20251102,20251104,16,14,5,1,7755.8,775.58,205.61,13,4798.1
2507,20260309,20260313,20260315,26,26,6,1,7838.64,0.0,267.13,12,4854.96
2508,20241122,20241126,20241127,18,15,7,1,5645.68,0.0,128.1,8,3823.04
2509,20250327,20250401,20250402,25,37,8,4,1126.56,0.0,18.38,12,645.02
2510,20250419,20250422,20250424,1,28,7,5,4389.55,0.0,114.59,5,2740.35
2511,20250323,20250327,20250328,24,15,5,3,8583.68,0.0,282.69,8,5092.13
2512,20241027,20241101,20241102,17,11,7,5,17953.74,0.0,363.57,18,10756.82
2513,20260303,20260304,20260306,31,35,7,4,9334.78,0.0,157.98,14,5774.74
2514,20260221,20260223,20260224,16,24,5,1,8447.01,422.35,241.58,13,5911.53
2515,20250101,20250103,20250105,16,37,8,1,2687.24,134.36,44.48,4,1830.88
2516,20251104,20251106,20251107,4,14,8,1,8972.18,897.22,114.42,19,5766.09
2517,20250113,20250115,20250117,26,1,7,1,635.76,0.0,19.18,1,438.25
2518,20251027,20251028,20251029,23,36,6,3,1902.14,0.0,29.08,2,1309.43
2519,20250528,20250602,20250604,27,10,6,1,8149.56,0.0,151.93,12,4513.32
2520,20250306,20250310,20250312,3,34,6,5,8212.95,410.65,188.1,9,4841.92
2521,20240702,20240707,20240709,7,29,5,3,3383.25,0.0,126.3,3,1954.04
2522,20250718,20250720,20250722,28,10,6,2,331.13,16.56,6.78,1,227.21
2523,20241119,20241122,20241124,2,31,5,5,2330.9,116.55,50.51,11,1519.38
2524,20240904,20240908,20240910,17,4,5,5,17757.3,1775.73,372.95,15,10921.45
2525,20240818,20240821,20240823,14,16,7,4,4676.8,0.0,81.47,8,3265.17
2526,20260311,20260312,20260313,30,15,5,4,2413.44,0.0,81.47,18,1328.39
2527,20240614,20240619,20240621,27,27,6,5,20800.98,1040.05,699.95,18,12478.09
2528,20251030,20251103,20251104,28,22,6,3,9892.74,989.27,189.33,11,6404.36
2529,20251218,20251221,20251223,10,25,5,4,16261.28,0.0,379.91,16,9038.2
2530,20240423,20240424,20240426,19,20,8,1,4565.86,0.0,130.34,13,2785.6
2531,20250601,20250606,20250607,23,30,8,3,4371.92,437.19,55.18,14,2786.75
2532,20250523,20250524,20250525,31,7,7,3,5601.33,0.0,62.34,17,3377.61
2533,20241216,20241220,20241221,1,29,7,1,13070.2,653.51,378.74,13,8095.7
2534,20250727,20250801,20250803,31,3,5,1,777.46,0.0,21.37,2,467.57
2535,20250121,20250126,20250128,12,4,8,1,1036.5,0.0,23.19,5,715.69
2536,20250212,20250216,20250217,4,29,8,1,8969.22,0.0,130.3,9,5300.65
2537,20250206,20250207,20250208,20,7,6,1,4695.8,234.79,96.04,4,2948.84
2538,20251031,20251105,20251106,25,31,7,2,8360.77,0.0,171.14,11,4706.19
2539,20250702,20250703,20250704,4,6,8,4,9573.66,478.68,360.21,18,5709.88
2540,20241231,20250104,20250105,2,6,7,3,913.12,0.0,22.82,2,512.48
2541,20260131,20260204,20260205,28,38,5,4,1727.02,0.0,22.94,2,1155.74
2542,20251101,20251105,20251106,30,8,6,1,1094.73,0.0,34.94,7,709.79
2543,20260204,20260206,20260207,5,37,5,4,3932.1,0.0,84.34,10,2392.7
2544,20250911,20250914,20250915,29,14,6,1,5899.2,589.92,110.35,10,3358.81
2545,20250109,20250110,20250112,29,32,8,1,6642.6,664.26,83.88,12,3997.09
2546,20251011,20251015,20251016,31,38,5,3,732.56,0.0,10.2,4,422.13
2547,20241125,20241129,20241201,7,5,8,5,2855.23,285.52,113.24,7,1751.28
2548,20241013,20241018,20241019,19,14,6,5,2551.56,127.58,61.19,4,1411.14
2549,20250221,20250224,20250226,31,23,6,4,713.79,0.0,19.57,3,486.57
2550,20260302,20260304,20260305,29,35,7,4,4718.7,0.0,51.8,5,3055.26
2551,20250516,20250518,20250519,20,8,5,3,5550.05,277.5,72.99,5,3214.63
2552,20250103,20250108,20250110,6,8,5,4,4403.24,0.0,143.26,4,2611.81
2553,20250228,20250301,20250302,3,15,6,1,3342.72,334.27,100.69,12,1849.1
2554,20241028,20241102,20241103,9,9,5,1,3011.55,150.58,104.86,5,1831.16
2555,20250721,20250724,20250726,2,11,8,5,5348.7,0.0,198.59,18,3444.58
2556,20241210,20241215,20241217,6,6,7,5,10257.34,0.0,105.68,19,6064.16
2557,20250506,20250510,20250512,3,34,8,1,11671.55,0.0,319.6,11,7917.75
2558,20241224,20241229,20241231,24,32,8,1,15144.16,1514.42,368.9,16,9433.89
2559,20241118,20241119,20241120,19,6,6,1,11046.6,1104.66,427.43,15,6994.7
2560,20260303,20260308,20260309,17,22,8,2,11325.28,566.26,274.98,16,7859.06
2561,20241206,20241210,20241212,26,26,5,1,14754.72,0.0,362.41,16,10024.89
2562,20240521,20240523,20240525,14,26,6,3,21550.68,2155.07,688.01,18,12156.34
2563,20241230,20250103,20250104,14,40,7,1,7025.25,351.26,72.62,15,4848.53
2564,20250420,20250425,20250427,7,26,6,1,2233.1,111.66,68.69,10,1489.41
2565,20240608,20240612,20240613,15,28,7,1,9796.92,489.85,351.58,14,6833.46
2566,20241108,20241109,20241110,6,2,8,4,1783.65,89.18,32.26,15,1238.41
2567,20240730,20240803,20240804,19,4,6,1,366.66,0.0,11.95,2,237.49
2568,20250328,20250329,20250331,31,25,6,2,6668.9,0.0,155.97,14,3802.05
2569,20250905,20250910,20250912,17,37,7,4,10096.2,0.0,217.61,15,6629.24
2570,20260302,20260305,20260306,10,16,8,4,630.12,0.0,20.41,1,371.7
2571,20250107,20250110,20250112,22,26,8,1,2191.05,219.1,35.71,5,1429.95
2572,20251216,20251219,20251220,26,9,8,4,3864.77,386.48,82.34,7,2532.14
2573,20240903,20240906,20240908,16,19,5,1,12059.58,0.0,253.52,13,6996.6
2574,20251017,20251020,20251022,9,31,5,3,9520.02,0.0,156.72,9,6185.98
2575,20250512,20250513,20250514,23,27,7,2,12167.43,0.0,442.35,11,8016.19
2576,20251001,20251002,20251004,6,5,6,5,7561.65,0.0,78.88,15,5052.02
2577,20250929,20251001,20251003,31,36,7,5,1333.04,0.0,48.11,4,790.74
2578,20250420,20250422,20250424,11,38,8,4,8253.27,0.0,278.43,9,5202.14
2579,20241004,20241009,20241011,12,20,7,5,256.78,25.68,5.76,1,155.18
2580,20250416,20250418,20250420,23,14,6,1,5414.7,0.0,62.63,10,3786.01
2581,20251119,20251123,20251124,1,22,8,4,7737.72,0.0,301.08,17,5341.89
2582,20260303,20260305,20260307,8,33,6,1,1174.16,117.42,34.77,8,767.84
2583,20260131,20260205,20260207,4,19,7,1,5981.7,0.0,144.2,6,3954.98
2584,20240810,20240813,20240814,13,2,5,3,4487.44,0.0,130.98,8,3121.81
2585,20250606,20250610,20250612,18,3,7,4,4834.5,0.0,125.8,11,2745.68
2586,20240615,20240617,20240619,6,33,6,4,6205.08,0.0,97.88,12,3873.91
2587,20250728,20250730,20250801,12,32,5,4,760.05,0.0,28.24,1,478.04
2588,20260319,20260321,20260323,25,31,5,3,15499.95,775.0,559.84,15,9049.19
2589,20240509,20240514,20240516,30,6,7,5,5237.34,523.73,148.11,6,3412.96
2590,20250719,20250722,20250724,1,7,5,4,805.5,40.28,23.17,3,541.79
2591,20260213,20260217,20260218,20,16,5,4,4376.4,218.82,95.1,14,2650.75
2592,20251204,20251205,20251206,1,10,5,1,12480.9,0.0,313.62,15,7404.98
2593,20250109,20250114,20250116,17,16,5,3,3213.6,160.68,80.31,10,1966.85
2594,20240615,20240616,20240618,28,23,6,4,887.83,88.78,10.84,1,582.86
2595,20260128,20260201,20260203,25,12,6,5,1319.56,0.0,32.95,2,873.7
2596,20260127,20260131,20260202,8,5,7,1,2548.08,0.0,51.64,8,1459.26
2597,20250524,20250527,20250529,9,17,7,1,2750.4,0.0,76.39,9,1835.42
2598,20260309,20260312,20260313,25,29,7,1,14081.78,0.0,376.46,17,9245.6
2599,20240404,20240409,20240411,26,25,8,1,15057.45,1505.74,558.22,15,9349.6
2600,20250620,20250624,20250625,10,13,5,4,10038.08,501.9,155.22,19,6361.53
2601,20240428,20240429,20240501,1,13,7,1,256.28,25.63,7.36,1,147.32
2602,20260206,20260208,20260210,15,24,5,2,9049.92,904.99,269.82,11,5316.94
2603,20250805,20250809,20250811,20,7,8,4,20421.96,0.0,222.1,19,12851.67
2604,20260121,20260123,20260124,15,34,6,2,17009.86,850.49,664.84,17,11174.7
2605,20250512,20250517,20250519,30,35,6,1,483.12,0.0,7.75,4,270.16
2606,20240531,20240601,20240603,26,2,5,3,8621.46,0.0,294.07,9,5938.43
2607,20240420,20240421,20240423,25,39,7,3,311.73,0.0,11.24,3,205.91
2608,20241129,20241202,20241204,1,1,6,5,834.06,83.41,15.12,1,540.48
2609,20250920,20250925,20250926,27,19,8,4,3103.0,0.0,51.79,10,2097.85
2610,20240719,20240724,20240725,24,27,5,5,4583.88,0.0,49.41,14,2683.59
2611,20251208,20251212,20251214,13,14,6,1,6455.34,322.77,117.03,6,4010.05
2612,20240921,20240926,20240927,19,9,8,4,15691.91,1569.19,341.19,19,9622.53
2613,20250325,20250326,20250327,26,2,8,3,3973.8,0.0,122.17,6,2395.14
2614,20240825,20240829,20240831,29,30,8,4,9494.24,474.71,127.38,14,5798.27
2615,20250303,20250307,20250309,18,2,7,2,3792.16,0.0,101.3,8,2305.19
2616,20250221,20250225,20250227,2,20,8,1,9558.12,955.81,313.7,11,6477.74
2617,20240404,20240408,20240410,20,16,5,1,4226.4,0.0,84.36,15,2746.72
2618,20250516,20250521,20250523,22,39,8,4,7790.0,0.0,120.47,19,5434.4
2619,20251021,20251023,20251025,2,38,7,4,8621.37,0.0,132.88,9,4823.46
2620,20260206,20260207,20260208,26,33,6,1,3189.44,0.0,95.4,16,2189.33
2621,20241126,20241201,20241202,7,30,5,3,5349.92,534.99,128.28,8,3416.5
2622,20251228,20251229,20251230,28,22,7,4,2357.96,0.0,42.5,2,1514.62
2623,20251227,20251228,20251229,18,14,5,3,3479.0,0.0,54.5,10,2210.04
2624,20260316,20260321,20260322,11,7,7,1,428.64,0.0,14.63,3,269.91
2625,20241226,20241229,20241231,2,39,5,4,592.44,59.24,9.69,6,376.9
2626,20251207,20251212,20251214,1,16,6,3,188.87,18.89,2.53,1,118.92
2627,20250514,20250515,20250516,24,18,5,4,7819.52,0.0,179.32,8,4803.04
2628,20240513,20240514,20240515,13,6,6,4,937.4,93.74,9.9,5,571.62
2629,20241013,20241014,20241016,27,12,6,4,1043.8,0.0,24.38,2,604.1
2630,20250730,20250802,20250803,8,26,5,1,5194.0,0.0,59.01,10,2898.68
2631,20240726,20240731,20240802,29,18,8,5,6047.04,302.35,219.11,16,3809.09
2632,20250209,20250210,20250211,30,24,8,1,1067.04,106.7,18.97,12,708.66
2633,20251013,20251015,20251017,4,9,6,4,5813.84,0.0,229.88,8,3308.65
2634,20240718,20240723,20240724,21,4,5,4,9493.44,474.67,356.98,11,6258.56
2635,20250326,20250330,20250331,30,36,8,4,1968.26,0.0,55.04,14,1288.18
2636,20240903,20240906,20240908,11,18,7,3,6462.96,646.3,252.18,12,3873.68
2637,20250423,20250426,20250427,3,15,7,1,11404.95,570.25,255.81,15,7191.78
2638,20240922,20240925,20240927,28,12,7,2,3468.96,0.0,115.25,16,2089.54
2639,20260227,20260304,20260305,16,27,5,3,197.85,9.89,2.59,1,111.87
2640,20240526,20240527,20240529,1,23,6,1,15532.12,1553.21,417.57,19,9985.95
2641,20260226,20260303,20260304,27,16,5,1,6347.97,317.4,234.74,17,4382.92
2642,20251025,20251029,20251030,22,38,7,5,9355.68,0.0,165.94,9,5497.81
2643,20251210,20251213,20251215,3,37,8,1,3319.56,0.0,43.71,9,2248.61
2644,20251207,20251208,20251209,9,8,7,1,17982.77,0.0,684.36,17,11236.78
2645,20240814,20240817,20240819,1,26,7,1,5501.79,550.18,156.28,9,3396.49
2646,20260203,20260205,20260206,30,39,7,3,5179.78,517.98,106.36,19,3016.35
2647,20250604,20250605,20250607,1,20,8,2,13406.59,670.33,392.57,19,8284.83
2648,20260225,20260227,20260301,25,2,5,4,2087.44,0.0,60.8,4,1403.77
2649,20251226,20251228,20251229,17,6,6,3,3879.45,0.0,81.86,5,2417.4
2650,20250525,20250529,20250530,19,27,6,1,3483.55,0.0,65.71,7,2171.12
2651,20241227,20241230,20241231,26,37,7,2,7824.15,0.0,129.41,15,4830.83
2652,20240624,20240629,20240630,28,6,6,1,8261.52,0.0,163.0,12,5011.81
2653,20240613,20240618,20240620,4,22,8,4,8975.16,0.0,303.68,12,4950.97
2654,20250107,20250111,20250112,1,20,6,1,13260.15,0.0,258.7,15,9097.24
2655,20251108,20251111,20251112,4,12,8,1,5522.4,552.24,172.93,15,3797.47
2656,20250401,20250403,20250404,22,26,8,2,10647.0,532.35,232.69,10,6951.33
2657,20250315,20250317,20250319,19,36,5,1,235.59,0.0,4.07,1,135.76
2658,20240924,20240928,20240930,3,10,8,3,663.68,0.0,13.43,2,458.44
2659,20250514,20250516,20250518,9,3,8,2,11134.63,1113.46,175.7,13,7625.0
2660,20250706,20250707,20250709,18,15,5,5,12828.53,641.43,350.43,13,8022.08
2661,20260312,20260314,20260316,23,13,6,1,4014.96,200.75,96.39,4,2288.32
2662,20250910,20250912,20250913,12,30,8,3,12558.91,627.95,494.12,13,7392.65
2663,20250614,20250617,20250619,30,22,8,4,15091.92,0.0,486.25,17,9420.8
2664,20260118,20260123,20260125,31,1,6,1,8071.44,0.0,223.31,8,5289.37
2665,20250202,20250207,20250208,24,14,7,3,2921.22,0.0,86.5,9,1899.91
2666,20260205,20260206,20260208,15,30,5,4,9228.7,461.44,159.3,13,5166.74
2667,20241224,20241226,20241227,28,20,7,4,2351.07,0.0,87.53,3,1322.68
2668,20240702,20240706,20240708,23,23,7,5,11985.76,0.0,380.83,16,8370.89
2669,20250127,20250129,20250130,17,11,6,4,6261.84,0.0,101.13,8,3584.09
2670,20240703,20240705,20240706,15,13,6,2,890.67,0.0,26.98,1,606.05
2671,20240625,20240626,20240627,26,6,8,5,7052.28,0.0,164.26,17,4070.53
2672,20251229,20251230,20251231,18,4,6,1,5736.64,0.0,94.94,8,3350.74
2673,20251027,20251031,20251102,6,2,6,3,19350.59,0.0,516.75,17,12552.94
2674,20240907,20240911,20240912,31,25,6,4,3254.04,0.0,97.92,3,1898.07
2675,20251127,20251129,20251130,3,7,6,4,12933.9,646.7,295.68,14,8291.34
2676,20240520,20240524,20240525,22,23,6,5,10641.0,532.05,268.35,12,6944.97
2677,20241023,20241026,20241028,21,39,7,1,3243.12,0.0,102.95,4,1972.91
2678,20250824,20250825,20250826,19,28,8,4,2864.32,0.0,43.01,16,1948.68
2679,20241106,20241109,20241110,2,24,7,1,1870.26,0.0,63.46,3,1107.77
2680,20250911,20250912,20250914,16,5,5,4,3246.72,0.0,43.54,12,2053.96
2681,20251224,20251226,20251228,28,20,6,4,1192.24,0.0,34.44,1,707.02
2682,20240518,20240521,20240523,9,36,7,1,5138.35,0.0,150.55,5,3405.93
2683,20240418,20240422,20240424,22,16,7,4,4504.72,0.0,162.45,4,2974.96
2684,20260209,20260212,20260213,27,34,8,2,4305.78,0.0,47.85,6,2643.63
2685,20250412,20250417,20250419,30,29,6,3,5528.16,0.0,179.45,12,3800.33
2686,20250402,20250404,20250406,17,11,6,5,12561.89,0.0,211.34,11,7074.31
2687,20250302,20250303,20250304,11,6,7,4,7037.28,0.0,165.07,9,4592.95
2688,20250208,20250210,20250211,22,1,5,3,10202.4,1020.24,404.0,13,6703.88
2689,20250812,20250816,20250817,16,12,7,1,20626.92,0.0,265.16,18,12982.31
2690,20250525,20250530,20250601,20,14,8,1,1509.76,0.0,24.74,8,962.11
2691,20240728,20240731,20240802,24,27,7,1,8337.6,833.76,275.09,16,5591.55
2692,20250628,20250703,20250704,23,23,6,1,3404.7,170.24,120.24,3,1887.73
2693,20250728,20250729,20250730,9,20,8,1,1732.76,86.64,64.08,4,1126.25
2694,20240622,20240626,20240628,24,29,7,3,5663.7,283.18,125.92,14,3890.61
2695,20241229,20250103,20250105,18,31,7,4,7370.1,0.0,223.94,15,5093.26
2696,20251024,20251026,20251028,29,29,8,1,13524.16,0.0,269.13,13,8530.68
2697,20250622,20250627,20250629,21,36,5,3,3878.88,387.89,69.25,12,2544.67
2698,20240708,20240712,20240713,28,15,8,5,10170.7,508.54,280.71,10,5870.13
2699,20240429,20240502,20240503,31,33,7,1,8486.08,848.61,300.25,16,5277.56
2700,20250526,20250529,20250530,31,17,7,4,2263.56,226.36,42.41,6,1359.91
2701,20250228,20250303,20250305,24,8,5,1,2899.2,0.0,74.73,5,1852.38
2702,20260224,20260227,20260228,19,6,8,3,5895.84,294.79,149.46,12,3978.62
2703,20250413,20250418,20250419,4,4,5,4,5445.99,0.0,83.37,11,3787.42
2704,20260203,20260207,20260208,13,39,8,1,2163.37,108.17,67.88,11,1211.96
2705,20240902,20240905,20240906,16,7,8,1,5576.5,278.82,82.39,5,3149.37
2706,20250218,20250220,20250221,25,34,6,4,8461.32,0.0,327.8,12,4730.03
2707,20240710,20240714,20240715,19,32,6,1,1367.52,68.38,18.64,4,836.21
2708,20250521,20250524,20250526,15,18,5,4,4212.8,0.0,157.3,16,2641.21
2709,20240815,20240820,20240821,5,37,6,3,14906.96,0.0,400.29,17,8459.59
2710,20250322,20250324,20250325,23,37,5,1,10095.8,0.0,216.67,10,6557.56
2711,20241205,20241208,20241210,14,38,8,4,2956.02,0.0,43.39,19,2050.12
2712,20240813,20240815,20240816,2,20,7,3,2477.53,123.88,61.97,11,1384.69
2713,20240609,20240613,20240614,10,12,5,1,14863.1,743.16,576.54,17,8529.79
2714,20250406,20250407,20250409,28,2,8,5,558.54,27.93,15.14,1,333.29
2715,20260214,20260215,20260217,4,34,5,2,4734.36,473.44,106.25,4,2812.85
2716,20240822,20240824,20240825,14,35,7,4,4806.4,240.32,175.16,16,2775.72
2717,20250118,20250119,20250120,17,22,5,1,12368.52,0.0,149.72,17,8590.47
2718,20240910,20240915,20240916,3,3,5,1,873.96,87.4,13.42,6,526.71
2719,20251106,20251110,20251112,5,33,5,4,1882.2,0.0,46.44,12,1154.33
2720,20250125,20250127,20250128,30,12,6,4,9856.77,0.0,218.15,11,5823.94
2721,20260306,20260308,20260310,19,22,7,1,960.05,0.0,14.58,7,631.18
2722,20240925,20240928,20240930,7,27,8,4,147.06,0.0,3.4,1,96.18
2723,20240529,20240531,20240602,6,6,8,3,16382.52,1638.25,192.99,14,11126.84
2724,20250527,20250529,20250530,14,3,7,1,2188.2,109.41,53.17,14,1315.65
2725,20250716,20250717,20250719,23,4,7,4,3905.52,390.55,99.06,12,2587.83
2726,20260318,20260323,20260325,23,39,6,3,2312.88,0.0,24.72,3,1459.42
2727,20251222,20251227,20251228,6,39,6,3,3079.0,0.0,94.53,5,2041.92
2728,20251231,20260105,20260106,23,18,8,4,5062.1,253.1,61.15,5,3439.22
2729,20250703,20250707,20250708,28,18,7,3,224.44,11.22,2.33,2,126.42
2730,20241217,20241222,20241224,7,17,7,5,1065.91,0.0,22.58,1,620.94
2731,20250205,20250206,20250207,1,15,5,4,2838.22,0.0,93.83,7,1937.8
2732,20240706,20240711,20240712,30,22,6,2,6299.86,314.99,163.12,14,3801.97
2733,20250206,20250207,20250209,17,15,7,2,1606.8,0.0,30.51,13,995.15
2734,20241220,20241224,20241225,25,25,6,5,6107.36,0.0,99.52,19,3681.06
2735,20240426,20240427,20240428,11,16,7,4,12956.35,1295.64,407.46,11,8526.31
2736,20240826,20240831,20240902,10,26,8,1,6715.98,0.0,99.9,6,4651.12
2737,20250422,20250425,20250427,7,38,5,1,2541.7,0.0,43.24,10,1469.48
2738,20241224,20241228,20241230,7,9,8,2,4366.02,0.0,49.01,6,2655.08
2739,20260320,20260322,20260324,16,3,8,4,3264.1,0.0,40.29,5,1915.36
2740,20250312,20250315,20250316,4,22,6,5,3737.46,186.87,61.89,6,2144.29
2741,20260223,20260228,20260301,27,5,8,4,759.28,75.93,22.86,1,496.21
2742,20250722,20250724,20250725,17,10,5,1,548.62,0.0,10.01,1,345.32
2743,20240430,20240505,20240506,29,32,6,4,4090.02,204.5,41.35,11,2388.65
2744,20240826,20240830,20240831,17,17,5,1,13288.44,1328.84,372.42,12,7315.35
2745,20250824,20250825,20250826,11,22,7,2,6491.88,324.59,253.35,12,4234.89
2746,20250430,20250503,20250505,17,32,8,2,4788.08,478.81,146.41,4,3122.04
2747,20241105,20241107,20241108,5,6,7,3,8954.41,0.0,257.69,17,5511.11
2748,20250413,20250417,20250419,26,20,7,3,6518.88,325.94,188.47,18,3771.43
2749,20260113,20260115,20260116,23,2,5,1,7367.04,0.0,224.47,16,5029.96
2750,20250107,20250110,20250111,5,20,8,1,2597.14,0.0,84.41,14,1782.06
2751,20240503,20240505,20240506,19,9,5,4,9719.97,486.0,236.6,13,5976.17
2752,20241111,20241113,20241114,18,37,7,1,208.96,0.0,5.29,2,122.6
2753,20260206,20260210,20260212,8,11,7,2,5293.63,0.0,178.14,17,3578.67
2754,20251003,20251007,20251008,4,9,8,1,15511.68,1551.17,445.45,16,10527.11
2755,20251127,20251130,20251202,24,1,8,1,6650.88,665.09,179.18,8,3798.7
2756,20260120,20260121,20260122,9,6,7,1,6526.65,326.33,135.9,13,4276.34
2757,20240624,20240626,20240627,17,9,7,4,1667.34,0.0,51.97,18,1059.28
2758,20241022,20241023,20241024,9,10,6,2,5669.79,0.0,100.58,7,3531.43
2759,20240514,20240519,20240521,21,30,7,1,1139.52,0.0,28.66,1,796.3
2760,20240404,20240409,20240411,2,36,7,4,4566.25,0.0,159.48,5,2980.69
2761,20251125,20251129,20251201,12,35,7,1,729.16,0.0,26.07,4,445.01
2762,20260207,20260208,20260209,18,39,7,4,1192.62,0.0,26.57,11,751.57
2763,20240722,20240725,20240727,15,36,6,1,1316.0,0.0,50.66,8,842.99
2764,20250905,20250906,20250907,20,19,5,5,14368.51,718.43,409.02,13,9029.97
2765,20250422,20250425,20250427,6,16,5,1,1715.56,171.56,40.0,4,996.09
2766,20240521,20240526,20240528,15,26,6,3,2844.48,0.0,88.19,16,1694.07
2767,20260123,20260127,20260128,24,13,6,3,2328.36,0.0,85.22,4,1565.36
2768,20251221,20251225,20251227,12,25,7,3,988.53,0.0,30.94,3,544.99
2769,20250516,20250520,20250522,5,40,8,4,555.9,0.0,16.91,3,384.39
2770,20250825,20250827,20250828,27,8,7,1,1293.64,0.0,28.39,2,724.71
2771,20250113,20250115,20250116,25,31,8,2,2176.5,0.0,63.68,6,1404.81
2772,20251026,20251030,20251101,22,38,7,4,4631.4,0.0,47.88,10,2650.04
2773,20250216,20250218,20250219,25,22,8,4,5863.15,0.0,193.66,5,3761.5
2774,20260317,20260322,20260324,25,15,8,2,9783.93,0.0,162.19,13,6814.56
2775,20240516,20240520,20240522,24,11,5,3,5135.25,0.0,172.94,15,3526.24
2776,20240803,20240806,20240807,17,7,7,4,4974.24,0.0,105.94,8,2905.73
2777,20260302,20260304,20260305,1,13,7,4,546.29,0.0,18.24,1,343.28
2778,20241026,20241029,20241030,19,30,8,4,4191.81,419.18,102.4,7,2654.58
2779,20241111,20241115,20241117,10,21,7,4,354.2,17.71,6.39,4,213.28
2780,20251025,20251030,20251101,25,9,5,2,1963.68,0.0,60.05,3,1332.04
2781,20240815,20240819,20240821,16,22,5,3,2594.52,259.45,61.48,6,1751.76
2782,20250407,20250412,20250413,29,33,5,2,3390.84,0.0,66.91,12,2191.39
2783,20241024,20241029,20241031,19,1,5,1,3623.75,0.0,64.62,5,2530.52
2784,20240822,20240825,20240827,18,1,5,4,1728.51,86.43,52.69,3,1070.49
2785,20260227,20260228,20260301,29,39,8,3,9485.63,948.56,369.7,11,6446.43
2786,20240823,20240827,20240828,16,30,6,1,6261.78,0.0,88.2,7,3875.68
2787,20240608,20240609,20240610,13,24,7,4,5817.96,581.8,170.13,9,4032.73
2788,20250801,20250804,20250806,13,37,8,1,1921.44,0.0,30.74,4,1341.35
2789,20251219,20251220,20251221,28,24,7,1,319.32,0.0,6.0,1,201.74
2790,20240702,20240705,20240706,24,21,6,3,16499.79,0.0,503.05,19,11233.69
2791,20250825,20250828,20250830,5,9,6,4,4414.8,220.74,141.34,5,2483.87
2792,20250426,20250430,20250502,16,33,8,3,13476.26,0.0,214.5,14,7738.09
2793,20251122,20251126,20251128,13,31,7,1,12081.45,0.0,285.63,15,7060.37
2794,20240701,20240706,20240708,21,12,8,3,13775.25,688.76,446.06,15,8218.16
2795,20260307,20260310,20260312,2,30,5,1,1106.15,0.0,32.78,5,651.26
2796,20250622,20250624,20250626,23,30,5,5,6115.41,611.54,157.94,17,3557.53
2797,20251130,20251204,20251206,24,4,5,1,12642.3,1264.23,237.02,11,7970.63
2798,20241218,20241223,20241225,7,7,7,4,1815.96,0.0,68.8,3,1171.12
2799,20260212,20260214,20260215,5,24,7,1,4765.68,0.0,66.91,4,3192.69
2800,20250627,20250701,20250703,20,25,6,1,5811.19,290.56,106.56,11,3341.95
2801,20240701,20240702,20240703,9,27,6,2,6171.68,0.0,240.93,16,4315.14
2802,20260128,20260131,20260201,30,15,7,4,15596.48,0.0,528.79,16,9633.05
2803,20251028,20251102,20251103,25,34,8,5,626.74,0.0,11.26,2,375.65
2804,20241104,20241107,20241108,30,18,8,3,1396.76,0.0,24.81,2,896.1
2805,20250430,20250502,20250504,18,9,6,2,3680.46,0.0,111.94,6,2495.8
2806,20250106,20250108,20250109,30,5,7,1,1996.46,0.0,77.76,2,1345.96
2807,20250428,20250503,20250504,1,36,5,3,1745.48,87.27,27.75,11,1077.07
2808,20260227,20260228,20260301,10,29,8,2,5251.6,0.0,209.76,19,2899.23
2809,20260110,20260113,20260114,1,19,5,5,382.3,0.0,9.54,1,234.38
2810,20240903,20240905,20240906,22,9,6,2,2936.76,146.84,48.28,12,1814.33
2811,20260304,20260308,20260310,17,4,7,4,973.6,97.36,15.83,1,623.36
2812,20250211,20250215,20250216,10,7,8,4,9048.78,0.0,124.29,9,5642.06
2813,20250823,20250828,20250829,11,5,5,1,4598.2,0.0,121.1,5,3120.17
2814,20251005,20251006,20251007,21,22,7,2,8147.52,814.75,305.94,8,5448.39
2815,20250316,20250317,20250318,6,8,5,4,1810.4,90.52,54.52,8,1030.73
2816,20250225,20250228,20250301,17,6,5,2,16816.14,0.0,319.12,18,10342.17
2817,20250224,20250301,20250302,20,12,6,3,1933.2,193.32,26.6,5,1257.77
2818,20251215,20251216,20251218,9,28,7,4,688.35,68.84,21.42,3,458.93
2819,20250105,20250108,20250109,7,20,6,1,3669.0,183.45,105.57,12,2159.99
2820,20241020,20241023,20241025,12,7,8,4,3350.19,0.0,61.36,3,1958.91
2821,20241218,20241219,20241220,19,30,7,2,10917.23,1091.72,380.43,17,7240.64
2822,20240819,20240824,20240826,9,20,6,3,1862.72,186.27,73.59,4,1269.79
2823,20250109,20250114,20250116,13,8,6,1,15178.53,0.0,386.17,19,9392.08
2824,20240622,20240625,20240626,18,28,6,3,1267.35,0.0,16.04,3,756.32
2825,20240604,20240605,20240607,6,40,5,1,9975.68,0.0,323.89,13,6119.12
2826,20250906,20250909,20250911,19,22,7,1,5941.62,594.16,163.1,9,3936.54
2827,20240526,20240527,20240528,5,7,8,2,6224.34,0.0,158.08,6,4239.84
2828,20250516,20250518,20250519,5,13,6,1,10878.9,1087.89,144.33,15,7124.57
2829,20251016,20251020,20251022,9,24,6,3,2096.16,0.0,82.02,12,1208.89
2830,20250906,20250907,20250908,10,40,8,1,7000.74,0.0,186.67,18,4507.64
2831,20250217,20250219,20250220,1,38,7,1,4702.5,470.25,145.87,10,2866.04
2832,20240818,20240821,20240822,30,38,6,1,5551.37,277.57,105.28,11,3239.74
2833,20260202,20260204,20260206,11,34,5,2,17729.4,1772.94,281.58,15,12315.51
2834,20251125,20251126,20251127,26,23,8,1,3609.55,180.48,74.29,7,2252.02
2835,20250617,20250621,20250622,29,26,7,1,12826.08,0.0,211.79,18,7557.36
2836,20240602,20240606,20240608,26,30,7,3,18830.73,941.54,257.26,17,12668.94
2837,20240426,20240501,20240502,26,29,6,4,748.14,0.0,17.05,1,465.25
2838,20241114,20241118,20241119,4,26,5,4,16233.9,0.0,229.78,15,10462.73
2839,20240723,20240724,20240725,13,6,6,1,1487.65,148.77,23.66,5,924.68
2840,20251214,20251216,20251217,24,36,8,4,19141.36,0.0,238.02,19,12459.87
2841,20240827,20240830,20240901,19,1,6,3,8565.84,0.0,257.39,9,4968.25
2842,20241022,20241025,20241026,1,18,7,3,15247.2,1524.72,593.26,16,8752.8
2843,20260307,20260309,20260311,19,18,8,1,934.71,0.0,12.46,1,536.45
2844,20251113,20251117,20251119,26,40,5,1,800.64,80.06,9.23,3,502.73
2845,20240906,20240909,20240910,26,4,5,2,10735.8,536.79,133.92,12,5961.31
2846,20250103,20250108,20250109,13,20,5,1,1373.37,0.0,13.91,3,897.99
2847,20250408,20250411,20250413,9,15,8,4,6835.25,341.76,222.81,19,4548.91
2848,20250725,20250726,20250728,11,4,7,1,771.4,0.0,22.36,1,508.32
2849,20260206,20260208,20260210,10,9,8,1,1860.25,186.02,51.1,5,1270.41
2850,20251221,20251225,20251227,12,17,8,1,9757.4,0.0,292.44,10,5647.25
2851,20260308,20260312,20260313,11,37,6,1,4288.68,428.87,48.68,6,2390.82
2852,20240430,20240501,20240503,15,16,5,2,15327.72,0.0,596.29,18,10041.88
2853,20240918,20240923,20240924,2,36,6,1,6165.0,0.0,222.17,10,4157.94
2854,20250513,20250517,20250519,10,30,7,3,9463.3,0.0,203.76,10,5627.36
2855,20240506,20240509,20240510,11,33,6,1,610.6,0.0,9.25,2,418.37
2856,20241213,20241217,20241219,5,35,5,3,274.52,13.73,4.58,2,155.23
2857,20240721,20240724,20240726,28,29,8,5,1341.14,0.0,35.77,2,767.46
2858,20260204,20260206,20260207,22,30,6,4,110.53,11.05,3.74,1,68.23
2859,20240516,20240517,20240519,29,7,7,3,12719.88,0.0,459.7,12,8418.59
2860,20240717,20240719,20240720,18,29,8,2,14773.22,0.0,387.28,14,9196.77
2861,20240820,20240821,20240823,4,2,7,4,4505.15,0.0,176.62,13,2792.53
2862,20240717,20240718,20240719,29,30,7,5,1120.45,56.02,16.17,5,647.01
2863,20250517,20250520,20250521,15,27,5,2,2140.73,0.0,64.51,19,1247.05
2864,20241220,20241221,20241223,22,31,7,1,2813.12,0.0,64.47,4,1876.89
2865,20260120,20260124,20260125,13,26,8,4,12445.6,0.0,429.24,16,6873.14
2866,20241006,20241009,20241011,16,15,8,1,2241.8,0.0,86.24,10,1234.24
2867,20250424,20250426,20250427,16,15,5,4,1517.28,0.0,53.6,6,923.47
2868,20250722,20250725,20250727,10,24,5,1,9168.96,458.45,324.66,16,5288.87
2869,20250627,20250702,20250703,18,19,5,1,5026.39,0.0,79.82,17,3055.89
2870,20251028,20251031,20251101,24,14,8,4,17802.24,0.0,677.63,19,10751.76
2871,20240824,20240827,20240828,1,20,6,4,4033.72,0.0,137.7,4,2231.77
2872,20250402,20250403,20250405,4,22,7,3,2868.96,143.45,49.64,6,1624.48
2873,20251031,20251102,20251103,27,10,6,4,947.68,0.0,14.08,1,532.91
2874,20251215,20251218,20251220,19,26,7,4,2861.4,0.0,37.29,6,1994.36
2875,20250621,20250624,20250625,31,13,8,2,3445.5,172.28,66.52,6,1937.66
2876,20250716,20250720,20250721,20,11,6,5,5593.76,0.0,117.68,8,3822.93
2877,20251216,20251221,20251223,21,17,8,2,9719.49,0.0,358.38,11,5656.91
2878,20250626,20250627,20250629,28,5,6,1,4665.43,0.0,95.04,7,2720.3
2879,20260216,20260221,20260222,21,25,5,4,18724.12,0.0,417.34,19,11479.16
2880,20240702,20240706,20240707,11,30,5,2,2987.37,0.0,83.75,19,2077.01
2881,20241208,20241212,20241214,17,39,6,4,4336.2,216.81,171.58,11,2975.15
2882,20240621,20240625,20240626,9,12,7,1,2807.46,0.0,78.46,6,1548.99
2883,20240605,20240609,20240610,12,22,8,1,527.25,0.0,10.1,3,366.48
2884,20250308,20250309,20250311,22,21,8,1,1837.29,0.0,42.44,13,1218.32
2885,20240911,20240915,20240916,5,30,7,3,2601.68,0.0,30.54,17,1716.73
2886,20250120,20250125,20250126,22,25,6,4,16594.74,829.74,269.49,18,9229.61
2887,20250211,20250212,20250213,19,33,5,2,445.02,22.25,11.95,3,249.88
2888,20250623,20250624,20250626,11,35,8,1,7873.38,787.34,229.64,9,5224.6
2889,20260213,20260214,20260216,2,5,6,2,6739.26,0.0,174.49,11,4221.42
2890,20251206,20251210,20251211,23,15,8,1,16288.96,0.0,365.92,16,10915.46
2891,20241230,20250101,20250102,26,27,7,3,9341.53,934.15,120.14,11,5883.02
2892,20241122,20241123,20241124,23,22,8,4,6952.48,695.25,228.11,16,4639.09
2893,20251010,20251015,20251017,14,20,8,1,5840.48,292.02,79.16,16,3545.48
2894,20240629,20240701,20240702,21,7,7,2,921.67,0.0,15.12,1,574.65
2895,20250426,20250501,20250502,14,23,7,3,11851.45,592.57,189.86,13,6956.9
2896,20250131,20250205,20250207,12,30,5,1,3210.96,160.55,44.95,17,1989.74
2897,20240811,20240815,20240816,11,2,5,2,11280.24,1128.02,391.67,12,7643.31
2898,20250620,20250621,20250622,7,24,7,3,18076.64,0.0,597.24,16,11513.02
2899,20241118,20241123,20241124,31,37,7,2,18757.92,937.9,324.1,16,11014.22
2900,20240813,20240817,20240819,21,23,7,1,19010.88,0.0,743.37,16,11221.05
2901,20250717,20250719,20250721,6,39,6,1,8777.04,0.0,237.06,8,6078.22
2902,20240804,20240809,20240811,27,15,7,4,17856.12,0.0,385.47,17,9903.0
2903,20250731,20250805,20250806,5,1,8,1,653.6,0.0,7.62,4,386.63
2904,20240727,20240729,20240731,19,28,5,4,2855.88,0.0,47.76,12,1611.47
2905,20250209,20250211,20250213,5,9,6,2,14042.47,0.0,428.67,13,9793.96
2906,20251106,20251110,20251111,12,1,8,2,1858.5,92.93,54.13,14,1200.32
2907,20240913,20240915,20240916,21,8,5,4,4126.24,0.0,105.17,16,2839.11
2908,20251007,20251012,20251013,31,38,6,2,3182.74,0.0,52.94,11,1876.65
2909,20250904,20250906,20250908,31,32,6,1,8545.56,0.0,178.91,17,5491.28
2910,20260113,20260114,20260115,28,12,7,1,548.4,0.0,9.42,4,378.65
2911,20240801,20240806,20240807,9,24,6,4,808.94,80.89,11.88,1,525.64
2912,20250831,20250904,20250906,3,14,8,2,4060.64,0.0,156.63,8,2336.97
2913,20260207,20260212,20260213,29,8,5,4,3292.64,329.26,47.7,13,2124.41
2914,20251004,20251005,20251006,29,40,6,2,9070.32,0.0,298.64,14,5208.57
2915,20240814,20240819,20240821,10,33,7,2,2990.44,0.0,29.98,4,1655.64
2916,20251116,20251118,20251120,1,15,5,1,5331.6,533.16,175.38,8,3707.14
2917,20240617,20240621,20240622,21,15,8,1,7658.4,382.92,126.19,16,5324.98
2918,20250531,20250603,20250604,3,33,7,4,3955.93,197.8,97.46,11,2767.21
2919,20250326,20250330,20250401,2,19,8,1,911.46,45.57,21.73,2,543.93
2920,20250419,20250424,20250425,30,16,6,5,9890.76,0.0,175.87,12,5898.32
2921,20250411,20250412,20250413,16,16,6,1,2544.1,0.0,81.27,5,1627.82
2922,20240423,20240425,20240426,4,18,8,3,2736.0,273.6,42.17,9,1895.56
2923,20250403,20250406,20250407,21,21,5,1,4166.88,416.69,143.03,4,2847.16
2924,20260207,20260211,20260212,13,2,6,4,11840.16,1184.02,352.84,16,6520.69
2925,20250210,20250212,20250213,18,20,6,1,8327.36,0.0,148.38,8,5694.47
2926,20241018,20241021,20241022,28,18,6,3,1068.88,53.44,15.38,1,597.97
2927,20260321,20260325,20260327,9,11,6,5,2946.52,294.65,66.65,19,1776.83
2928,20240611,20240616,20240617,21,15,7,3,8262.41,0.0,241.3,13,4978.18
2929,20250318,20250320,20250321,26,17,5,1,1003.6,0.0,30.71,1,638.57
2930,20250406,20250409,20250411,14,15,8,4,3902.52,0.0,91.44,12,2684.99
2931,20250312,20250317,20250319,31,37,8,2,14183.84,0.0,151.47,16,8471.75
2932,20260127,20260130,20260201,15,22,5,1,5854.29,0.0,149.48,13,3355.51
2933,20250130,20250131,20250202,15,21,8,2,3852.84,192.64,51.54,6,2240.48
2934,20260305,20260306,20260308,28,11,6,4,13502.16,0.0,426.6,12,7809.74
2935,20240519,20240521,20240523,21,37,5,2,3045.25,304.53,98.29,13,1985.83
2936,20250913,20250918,20250919,28,1,6,4,1016.78,50.84,26.44,1,677.68
2937,20250603,20250604,20250606,25,23,8,4,12965.03,0.0,423.73,13,7711.8
2938,20240921,20240925,20240927,23,7,8,2,5133.04,256.65,157.84,8,3250.94
2939,20240912,20240915,20240917,9,31,7,1,3483.76,0.0,130.29,14,2029.44
2940,20250903,20250905,20250906,13,16,8,4,2742.54,137.13,65.08,3,1801.23
2941,20250705,20250706,20250707,27,12,6,2,10896.9,0.0,273.39,10,7563.84
2942,20250616,20250621,20250623,20,3,8,1,2051.76,0.0,55.77,6,1205.75
2943,20240507,20240511,20240512,10,32,7,1,2727.92,0.0,57.36,8,1878.54
2944,20250607,20250609,20250610,11,16,5,4,10462.56,0.0,114.51,16,6479.93
2945,20260311,20260314,20260315,25,11,5,1,11424.24,0.0,429.34,12,7723.12
2946,20240413,20240415,20240416,6,34,6,1,2182.6,0.0,82.28,2,1406.91
2947,20250306,20250308,20250309,4,1,5,1,4550.64,0.0,160.71,8,3074.13
2948,20250324,20250327,20250328,24,19,6,1,8247.28,412.36,185.78,8,4836.93
2949,20260109,20260112,20260113,10,7,8,5,12391.52,0.0,370.15,16,8415.72
2950,20241022,20241025,20241026,24,6,5,3,2078.16,103.91,25.52,4,1247.13
2951,20250310,20250312,20250313,18,1,7,4,5456.1,0.0,210.92,15,3184.16
2952,20250901,20250906,20250907,31,8,8,4,1816.72,90.84,44.45,8,1159.62
2953,20240514,20240518,20240519,17,38,6,2,14239.8,711.99,519.32,15,9822.47
2954,20251101,20251104,20251105,28,18,7,4,1476.24,0.0,54.26,12,935.19
2955,20251116,20251120,20251121,27,40,6,5,6702.78,335.14,227.51,14,4567.24
2956,20250903,20250906,20250908,8,11,6,4,297.75,0.0,6.47,3,198.3
2957,20250713,20250715,20250717,31,31,8,4,935.68,0.0,28.95,1,586.1
2958,20250923,20250926,20250927,24,4,7,2,9112.32,0.0,265.13,16,5619.26
2959,20251018,20251020,20251022,4,5,6,4,6619.02,0.0,105.28,6,4375.28
2960,20260114,20260118,20260119,1,1,8,1,2815.15,281.52,37.72,5,1716.85
2961,20250204,20250206,20250207,10,36,8,4,4602.18,460.22,80.49,11,2700.78
2962,20250224,20250225,20250226,1,27,8,2,4752.12,0.0,114.57,12,2803.53
2963,20250706,20250709,20250711,12,30,8,3,12415.5,1241.55,285.65,15,7418.13
2964,20240818,20240822,20240823,31,38,6,4,13850.16,692.51,414.93,12,8536.58
2965,20251211,20251214,20251215,16,14,6,3,6776.64,338.83,168.13,18,4467.82
2966,20251010,20251013,20251015,1,29,5,1,12714.38,0.0,306.32,14,7289.59
2967,20250701,20250705,20250706,16,21,7,4,7544.77,0.0,104.6,17,4709.55
2968,20241105,20241106,20241108,7,22,8,5,7408.35,740.84,97.96,9,4404.36
2969,20241208,20241212,20241213,27,27,7,3,16896.24,1689.62,180.11,18,11604.56
2970,20250209,20250214,20250216,3,19,7,4,9971.35,0.0,181.08,17,6469.29
2971,20250724,20250728,20250729,25,1,8,4,9945.28,994.53,223.67,16,6551.42
2972,20251015,20251016,20251017,15,4,5,4,8745.24,0.0,118.16,14,5017.52
2973,20250730,20250804,20250806,1,21,6,1,4899.85,244.99,162.59,5,3341.42
2974,20260202,20260206,20260208,22,23,7,2,3931.2,196.56,87.65,9,2471.06
2975,20260224,20260228,20260301,15,30,5,4,1571.85,78.59,19.84,3,1099.0
2976,20250823,20250826,20250828,25,23,8,5,1109.86,55.49,39.71,1,701.69
2977,20241225,20241226,20241227,20,8,5,1,1356.36,0.0,45.87,4,775.94
2978,20250608,20250610,20250611,25,15,8,1,4279.0,0.0,96.81,5,2392.31
2979,20250202,20250206,20250208,15,18,7,1,3704.03,0.0,67.54,11,2581.89
2980,20250629,20250703,20250705,1,40,8,4,8638.32,0.0,343.76,12,5760.69
2981,20251109,20251114,20251116,4,22,8,4,12565.8,1256.58,413.75,12,8192.71
2982,20241224,20241225,20241226,15,26,7,3,11558.47,0.0,364.11,11,7934.44
2983,20250401,20250405,20250406,13,30,8,1,5124.98,512.5,130.15,14,2999.33
2984,20240503,20240504,20240505,25,15,6,1,14333.62,1433.36,536.14,14,9489.37
2985,20250915,20250917,20250919,14,39,7,4,5748.45,574.84,167.91,19,3819.49
2986,20250321,20250324,20250325,27,27,8,1,19407.96,0.0,440.06,18,12765.5
2987,20250227,20250301,20250302,6,34,5,1,3463.47,0.0,120.75,3,2376.34
2988,20250420,20250424,20250425,13,30,6,1,2211.16,0.0,76.67,4,1460.91
2989,20240903,20240907,20240909,24,25,5,4,2409.45,240.94,53.48,3,1684.53
2990,20250607,20250609,20250611,4,2,7,2,590.73,59.07,21.22,3,339.27
2991,20250921,20250924,20250925,11,24,8,1,1098.22,109.82,16.08,2,736.56
2992,20241209,20241213,20241214,24,6,5,1,11310.27,0.0,288.22,17,6584.02
2993,20240704,20240705,20240707,19,25,7,5,8378.19,0.0,83.82,9,4775.71
2994,20250105,20250106,20250108,25,29,6,2,371.67,0.0,12.41,1,206.11
2995,20240822,20240825,20240827,17,22,8,2,7846.86,392.34,273.09,7,4884.88
2996,20241227,20241230,20241231,27,13,5,1,578.74,0.0,20.79,2,358.89
2997,20250628,20250702,20250704,28,3,5,1,5841.4,0.0,75.15,10,4081.87
2998,20240621,20240622,20240624,31,27,5,4,470.85,23.54,10.71,1,328.37
2999,20250923,20250927,20250928,4,28,6,4,1059.51,105.95,17.11,1,666.69
3000,20240910,20240911,20240913,19,20,6,2,9244.09,0.0,203.83,17,5215.07
3001,20260107,20260109,20260111,4,29,8,4,17680.64,0.0,412.67,16,11353.14
3002,20250912,20250916,20250917,8,32,6,2,1515.14,0.0,45.01,11,1026.01
3003,20241015,20241017,20241018,11,21,5,4,6983.06,0.0,264.51,7,4877.07
3004,20250513,20250517,20250518,21,2,7,1,569.97,0.0,19.78,1,320.57
3005,20240620,20240624,20240625,14,35,5,1,13035.24,0.0,266.19,12,7941.42
3006,20240612,20240614,20240616,27,19,6,4,5672.88,0.0,189.34,8,3224.64
3007,20260221,20260222,20260223,10,27,7,5,1586.4,79.32,32.77,16,1028.59
3008,20251102,20251106,20251108,20,37,6,4,2725.8,0.0,27.58,4,1795.68
3009,20240721,20240723,20240724,24,15,7,4,3397.41,0.0,34.14,3,2350.12
3010,20241022,20241025,20241027,31,25,6,4,3042.03,0.0,82.26,3,2054.46
3011,20240821,20240823,20240825,9,1,8,4,841.66,84.17,26.51,1,483.2
3012,20250111,20250112,20250114,24,36,6,1,254.09,0.0,10.05,1,176.72
3013,20241028,20241101,20241102,3,3,8,2,15052.95,0.0,389.13,15,8795.29
3014,20241124,20241129,20241201,18,22,7,4,3101.54,0.0,69.36,13,1829.83
3015,20250418,20250423,20250424,14,15,7,3,3477.18,0.0,133.91,17,2229.98
3016,20240815,20240820,20240821,30,2,5,4,1702.54,170.25,62.21,14,939.34
3017,20251230,20260102,20260103,25,19,5,2,2857.8,285.78,89.01,6,1599.73
3018,20250909,20250913,20250915,29,38,7,1,5022.8,0.0,93.4,5,2884.78
3019,20251002,20251003,20251004,27,7,6,1,1655.4,165.54,42.99,15,911.96
3020,20240801,20240803,20240804,14,12,6,4,20018.4,0.0,463.9,19,11476.47
3021,20250825,20250829,20250830,24,8,8,1,3827.01,0.0,54.98,11,2516.52
3022,20251126,20251130,20251201,1,5,6,4,4495.54,0.0,79.52,7,2776.14
3023,20240805,20240806,20240808,18,10,6,1,10797.75,0.0,135.31,9,6787.82
3024,20250926,20250928,20250930,2,23,7,2,7441.77,0.0,265.45,7,4833.7
3025,20241215,20241217,20241218,23,32,8,4,2135.52,0.0,54.78,4,1301.74
3026,20251022,20251025,20251027,31,28,8,2,10593.0,0.0,297.38,12,7192.0
3027,20250312,20250315,20250316,22,31,7,4,5462.6,0.0,76.15,10,3243.9
3028,20251101,20251103,20251104,27,29,5,1,7487.76,374.39,232.6,8,4207.04
3029,20240716,20240718,20240719,9,16,5,3,1781.96,0.0,27.49,4,1010.02
3030,20250107,20250110,20250112,31,37,7,3,5955.73,297.79,114.58,11,3607.31
3031,20241015,20241018,20241019,18,7,7,4,1532.2,153.22,39.33,4,1050.92
3032,20240927,20240930,20241001,22,28,5,1,1407.2,140.72,51.55,16,840.4
3033,20241109,20241111,20241113,25,5,7,1,8359.8,0.0,84.82,10,4856.91
3034,20250102,20250105,20250107,21,31,8,4,535.52,0.0,15.36,2,327.19
3035,20240702,20240703,20240705,11,4,5,5,344.34,17.22,5.04,2,202.5
3036,20250825,20250830,20250831,20,9,8,4,3185.16,0.0,38.79,11,2220.45
3037,20250503,20250504,20250506,21,16,6,4,8079.72,0.0,224.88,12,4762.69
3038,20251121,20251126,20251127,27,28,6,3,5534.01,0.0,180.46,9,3134.75
3039,20250823,20250825,20250826,16,2,7,3,1987.44,0.0,78.75,4,1240.9
3040,20240717,20240718,20240720,17,11,5,4,760.84,38.04,16.91,1,473.3
3041,20240521,20240525,20240527,17,14,5,4,4786.32,239.32,138.46,14,3210.17
3042,20250131,20250203,20250204,4,30,8,4,19274.43,0.0,664.74,17,12553.72
3043,20250314,20250315,20250316,3,39,6,4,8908.4,0.0,296.03,8,4976.43
3044,20240921,20240926,20240928,1,25,5,4,4434.12,0.0,81.23,4,2623.26
3045,20251018,20251023,20251025,21,21,7,1,1983.84,0.0,77.49,12,1179.48
3046,20250526,20250529,20250530,14,14,5,1,10018.35,500.92,224.15,15,6338.23
3047,20250923,20250925,20250927,27,33,8,5,10285.35,1028.54,138.94,15,7134.48
3048,20240618,20240623,20240624,23,5,5,3,5707.13,285.36,107.79,11,3513.82
3049,20251111,20251112,20251113,5,6,7,1,16689.6,0.0,331.07,18,10409.55
3050,20240828,20240829,20240830,4,9,6,3,16143.2,0.0,185.87,17,9199.3
3051,20250219,20250221,20250222,12,11,8,3,1806.6,0.0,62.58,10,1102.56
3052,20250212,20250214,20250215,29,19,7,4,17607.3,0.0,180.07,19,11076.42
3053,20251115,20251117,20251118,2,38,8,4,8484.7,0.0,280.32,14,5328.73
3054,20241018,20241023,20241025,6,27,5,1,458.84,22.94,8.03,1,310.01
3055,20240922,20240925,20240927,1,16,6,2,2774.34,0.0,78.37,9,1607.9
3056,20241202,20241206,20241208,14,9,8,1,9436.46,943.65,179.97,11,6166.26
3057,20241217,20241220,20241221,31,26,5,4,1385.58,0.0,40.72,14,808.65
3058,20240810,20240812,20240813,22,11,8,1,4984.27,0.0,199.12,19,3000.46
3059,20240806,20240810,20240812,16,40,8,3,2380.8,238.08,94.34,12,1656.87
3060,20240915,20240919,20240921,5,20,7,3,7992.72,799.27,158.4,8,5382.39
3061,20250304,20250309,20250310,12,23,5,3,4705.36,0.0,119.13,4,2859.91
3062,20241205,20241210,20241212,17,37,8,3,2873.88,287.39,70.72,18,1745.02
3063,20250109,20250112,20250114,10,13,8,4,1084.65,54.23,37.14,3,732.94
3064,20250902,20250907,20250909,23,19,6,3,8212.4,410.62,249.01,10,5580.49
3065,20240922,20240925,20240927,31,22,7,1,5725.0,0.0,129.26,5,3987.59
3066,20260118,20260123,20260125,8,11,5,2,2123.13,0.0,66.28,17,1417.3
3067,20250926,20250927,20250928,9,3,6,3,3192.95,0.0,74.61,5,1789.23
3068,20240805,20240808,20240810,4,12,5,1,4961.25,0.0,142.21,5,3200.62
3069,20241113,20241114,20241116,23,5,7,4,22533.05,0.0,591.26,19,12534.38
3070,20240811,20240816,20240817,15,28,7,1,3675.36,0.0,40.84,6,2200.08
3071,20241015,20241016,20241017,10,1,7,4,5844.4,0.0,127.03,8,3256.58
3072,20241221,20241226,20241228,7,13,7,1,5290.12,0.0,121.38,11,3164.92
3073,20240704,20240709,20240711,3,36,8,4,8854.16,885.42,128.93,14,5368.09
3074,20240411,20240414,20240415,16,23,5,1,925.46,0.0,12.6,1,590.84
3075,20250212,20250214,20250215,22,27,5,3,5204.28,0.0,151.27,12,3585.54
3076,20250820,20250825,20250826,9,27,5,1,4188.12,209.41,93.81,6,2333.47
3077,20241106,20241109,20241110,1,12,8,3,5268.2,263.41,69.29,5,2911.85
3078,20251214,20251219,20251220,16,26,5,1,1590.92,159.09,52.31,2,876.4
3079,20241223,20241225,20241226,22,9,5,4,15018.64,0.0,541.0,14,10328.02
3080,20260112,20260113,20260114,12,26,5,3,4385.37,438.54,84.71,11,3025.82
3081,20240918,20240921,20240922,9,28,8,5,10720.05,536.0,199.95,11,6700.24
3082,20250425,20250429,20250430,5,36,7,4,8649.94,0.0,334.69,17,5190.91
3083,20251004,20251006,20251007,24,37,8,3,4754.39,0.0,135.31,17,2700.63
3084,20240513,20240517,20240519,27,1,5,4,828.2,0.0,17.23,2,489.2
3085,20260202,20260206,20260208,25,12,6,1,13762.32,0.0,403.75,12,9452.79
3086,20241220,20241221,20241223,17,22,7,3,12758.79,0.0,385.04,11,8531.7
3087,20250327,20250330,20250331,23,13,5,2,2829.68,0.0,38.5,4,1749.67
3088,20250629,20250703,20250704,13,25,8,4,1883.85,0.0,27.07,15,1085.78
3089,20250709,20250712,20250714,1,35,8,1,1130.2,56.51,12.17,10,778.52
3090,20240418,20240421,20240423,13,11,5,2,5389.51,0.0,94.42,17,2987.18
3091,20251218,20251219,20251221,23,36,8,4,10118.64,0.0,359.81,14,6793.62
3092,20250625,20250628,20250629,21,36,6,2,6108.64,0.0,175.44,8,3498.59
3093,20260324,20260327,20260329,31,37,6,1,2172.66,217.27,48.7,6,1431.73
3094,20250307,20250308,20250309,31,3,8,2,9444.4,944.44,363.08,8,5468.62
3095,20250618,20250620,20250622,9,12,7,4,1846.39,0.0,27.17,7,1188.57
3096,20250213,20250215,20250216,1,5,5,1,701.4,0.0,21.29,4,430.87
3097,20260104,20260106,20260107,10,5,8,2,453.18,0.0,14.1,3,280.62
3098,20251123,20251127,20251129,28,3,7,5,3842.85,0.0,122.43,11,2558.3
3099,20260117,20260120,20260121,26,18,5,5,5882.17,0.0,189.29,7,3844.69
3100,20250331,20250403,20250404,3,4,7,1,3970.05,0.0,71.26,15,2449.76
3101,20251025,20251027,20251028,5,12,7,3,7446.42,0.0,204.0,9,4802.55
3102,20241216,20241219,20241221,18,40,6,1,1999.62,0.0,66.75,6,1128.96
3103,20250228,20250302,20250303,21,36,6,5,2757.37,275.74,104.02,7,1879.95
3104,20251002,20251005,20251006,31,38,8,2,2055.12,102.76,69.41,3,1245.83
3105,20240529,20240530,20240531,24,2,5,2,3110.95,311.1,119.13,5,1726.51
3106,20250827,20250830,20250901,8,27,7,1,6507.5,0.0,209.9,19,4089.23
3107,20240412,20240413,20240415,2,26,8,3,12379.5,0.0,200.36,18,8572.38
3108,20250525,20250528,20250529,21,6,8,1,9798.88,0.0,127.76,13,6662.87
3109,20250312,20250316,20250317,18,37,6,4,9784.8,0.0,230.31,10,6511.36
3110,20250305,20250309,20250311,29,17,6,2,1178.38,117.84,29.77,14,796.49
3111,20250324,20250328,20250330,19,40,8,3,4338.08,433.81,68.93,16,2868.2
3112,20250322,20250323,20250324,17,5,6,4,14698.88,734.94,405.94,17,9201.18
3113,20250120,20250125,20250127,11,27,7,1,3234.94,0.0,59.33,19,1838.44
3114,20250221,20250224,20250226,3,6,7,1,4498.08,0.0,63.41,12,2737.07
3115,20250516,20250519,20250520,28,38,7,2,4338.28,216.91,147.44,4,2702.14
3116,20251004,20251007,20251008,26,25,7,4,857.9,42.9,18.75,1,542.23
3117,20250505,20250506,20250508,5,4,6,1,16296.45,0.0,487.38,15,10112.51
3118,20250709,20250711,20250713,23,9,6,4,16989.45,0.0,316.06,15,11379.13
3119,20251126,20251129,20251130,12,15,6,3,11749.65,0.0,447.82,11,6493.21
3120,20260317,20260320,20260322,15,1,7,3,7021.8,0.0,268.73,15,4550.74
3121,20240618,20240622,20240624,27,1,8,3,3855.3,192.76,104.87,15,2369.43
3122,20250829,20250830,20250831,27,38,7,1,2687.22,268.72,34.25,3,1497.58
3123,20240910,20240914,20240915,6,40,7,1,6311.12,315.56,145.38,8,3550.73
3124,20240821,20240826,20240828,11,22,6,4,3518.24,0.0,78.82,16,2415.04
3125,20251026,20251030,20251031,26,37,8,2,1122.24,0.0,17.29,14,664.96
3126,20240520,20240522,20240523,29,27,6,3,5490.8,0.0,69.14,8,3383.24
3127,20251204,20251208,20251209,3,2,6,5,9588.68,958.87,319.86,17,6299.13
3128,20251010,20251013,20251014,27,29,5,1,11631.4,0.0,135.33,10,7142.89
3129,20260321,20260322,20260324,16,1,6,2,967.47,0.0,29.77,3,593.24
3130,20250727,20250728,20250729,19,33,7,2,5766.88,576.69,94.6,16,3184.31
3131,20251223,20251227,20251228,3,15,5,1,3401.72,0.0,104.5,14,2211.87
3132,20240625,20240629,20240630,22,6,5,5,12853.32,1285.33,487.84,12,7196.51
3133,20260104,20260105,20260106,22,11,8,5,11140.2,557.01,391.43,10,7118.35
3134,20240725,20240727,20240728,21,28,8,1,2284.8,228.48,35.78,17,1262.83
3135,20241114,20241117,20241118,25,34,6,5,12875.1,0.0,409.55,14,8626.2
3136,20240702,20240706,20240707,30,23,6,1,4223.61,0.0,126.68,9,2449.7
3137,20250116,20250120,20250122,27,7,7,5,2556.27,0.0,44.51,9,1644.72
3138,20250924,20250928,20250930,24,37,8,4,16668.4,0.0,602.96,14,10828.68
3139,20241011,20241014,20241015,31,32,6,1,518.23,25.91,7.04,1,319.0
3140,20251116,20251118,20251119,22,17,5,3,3046.89,304.69,47.21,3,1950.84
3141,20250613,20250615,20250616,22,23,6,4,19161.04,0.0,698.64,17,11538.93
3142,20250629,20250704,20250706,18,39,6,1,4958.7,0.0,63.4,10,3139.59
3143,20260208,20260213,20260214,25,16,7,2,5162.1,0.0,185.37,5,3557.75
3144,20250207,20250209,20250211,3,2,5,3,3699.04,184.95,81.74,4,2186.71
3145,20241206,20241208,20241210,17,6,7,1,5572.2,0.0,185.86,12,3394.97
3146,20260321,20260325,20260326,14,25,5,1,154.01,15.4,5.95,1,93.8
3147,20250508,20250510,20250512,29,40,8,1,16926.15,0.0,454.28,15,11473.36
3148,20250619,20250621,20250622,3,30,7,4,2468.28,0.0,91.63,12,1642.19
3149,20241101,20241105,20241106,21,25,5,2,13895.7,694.79,242.26,15,9541.15
3150,20240903,20240907,20240908,6,13,8,3,3019.71,0.0,91.24,3,2025.51
3151,20240801,20240803,20240804,28,18,7,1,4167.68,208.38,68.5,16,2362.31
3152,20240909,20240913,20240914,27,2,7,1,11860.3,593.02,322.62,10,7896.9
3153,20240820,20240825,20240827,9,15,5,4,1656.45,0.0,55.62,5,1095.37
3154,20250922,20250926,20250927,28,25,5,1,958.06,95.81,32.18,2,571.73
3155,20240512,20240513,20240514,16,37,8,4,6555.15,655.52,135.19,9,4320.45
3156,20250630,20250701,20250702,31,37,6,2,4313.58,431.36,58.43,6,2546.03
3157,20260216,20260221,20260222,23,33,7,4,9752.34,0.0,107.65,13,6648.16
3158,20251006,20251011,20251013,2,1,8,2,3341.3,167.07,74.73,10,1927.6
3159,20250117,20250120,20250121,7,33,6,4,2013.6,100.68,25.16,5,1134.31
3160,20240513,20240516,20240517,14,9,6,1,6105.19,0.0,63.25,7,4248.3
3161,20251125,20251130,20251202,8,25,8,4,15247.4,1524.74,364.23,14,10181.82
3162,20240403,20240406,20240408,4,38,5,1,11935.55,596.78,309.29,11,7591.78
3163,20250806,20250811,20250812,31,36,6,1,7669.17,383.46,226.38,9,4289.77
3164,20250730,20250803,20250804,28,27,8,3,8661.53,866.15,141.46,19,4853.86
3165,20240817,20240819,20240821,15,12,5,1,1138.95,0.0,11.57,9,656.27
3166,20250917,20250918,20250920,8,21,6,2,13042.17,1304.22,351.15,19,8348.54
3167,20240805,20240806,20240807,6,29,6,4,5019.41,501.94,71.67,11,2925.99
3168,20240911,20240915,20240917,29,21,5,4,10363.74,518.19,171.11,19,6825.76
3169,20251109,20251110,20251112,11,17,5,3,1429.38,71.47,24.07,3,888.4
3170,20260309,20260311,20260312,1,17,6,5,1774.08,0.0,69.38,3,1136.71
3171,20241009,20241010,20241011,13,24,8,2,587.22,0.0,18.76,2,355.12
3172,20260127,20260131,20260201,15,2,5,1,2040.72,0.0,26.33,3,1228.31
3173,20260121,20260123,20260125,20,40,7,4,7149.6,0.0,97.32,15,4571.83
3174,20251009,20251010,20251011,12,5,6,1,8358.5,0.0,208.27,10,5192.87
3175,20240711,20240714,20240715,29,40,8,1,19869.63,1986.96,588.22,19,10989.2
3176,20241103,20241105,20241106,21,2,6,1,436.8,0.0,16.5,1,284.99
3177,20250803,20250807,20250809,31,21,8,1,1623.58,0.0,20.46,14,1123.58
3178,20260324,20260329,20260330,13,17,6,1,352.17,0.0,4.72,3,195.22
3179,20251110,20251113,20251114,21,23,8,1,11789.05,1178.9,306.58,13,7520.31
3180,20250129,20250131,20250202,12,18,8,3,2291.48,229.15,83.8,4,1404.29
3181,20240918,20240922,20240923,22,36,6,4,8986.32,898.63,302.57,14,5657.63
3182,20260224,20260228,20260302,24,1,7,5,2120.9,212.09,59.43,2,1328.57
3183,20241017,20241021,20241023,11,40,5,1,2498.08,249.81,53.74,4,1429.81
3184,20241204,20241207,20241209,30,28,6,1,8870.7,443.54,101.21,15,5550.01
3185,20260227,20260303,20260305,27,32,6,3,1803.12,180.31,42.45,2,1254.84
3186,20250512,20250515,20250517,28,6,8,1,3875.48,193.77,99.8,7,2514.33
3187,20241009,20241013,20241015,7,3,8,2,16324.04,0.0,265.76,19,11108.16
3188,20240404,20240405,20240407,23,16,8,3,650.28,0.0,21.65,1,368.94
3189,20250205,20250210,20250212,4,13,8,4,7618.8,0.0,207.11,15,4817.49
3190,20260314,20260319,20260320,4,32,8,1,359.61,0.0,11.41,1,225.84
3191,20250207,20250210,20250211,31,36,8,4,2013.99,201.4,56.25,17,1306.7
3192,20250819,20250821,20250822,5,18,7,3,5267.1,0.0,162.69,10,3610.91
3193,20240930,20241001,20241003,27,31,5,4,13846.08,0.0,459.15,16,9228.55
3194,20251013,20251017,20251019,14,3,8,1,480.79,0.0,17.08,1,315.64
3195,20251013,20251018,20251020,11,30,5,4,5841.96,584.2,97.69,6,3682.54
3196,20250614,20250616,20250618,3,4,5,4,5208.39,260.42,162.88,11,3005.41
3197,20251011,20251015,20251016,22,27,8,1,5182.92,518.29,189.35,6,2951.4
3198,20250524,20250529,20250531,23,16,5,3,10738.2,1073.82,314.58,11,6594.82
3199,20241230,20250101,20250103,16,17,5,4,1507.48,75.37,28.97,13,923.79
3200,20250916,20250918,20250920,26,12,7,1,1707.03,0.0,18.44,3,1015.92
3201,20251125,20251128,20251130,11,17,7,2,4675.28,0.0,134.75,4,2853.22
3202,20251130,20251201,20251202,18,35,5,2,6219.36,0.0,177.93,6,3508.02
3203,20240902,20240906,20240907,10,33,6,4,1948.35,97.42,73.34,5,1189.56
3204,20250803,20250806,20250808,19,14,5,1,1116.15,111.62,12.91,7,675.03
3205,20240404,20240406,20240407,5,12,6,3,13353.01,0.0,253.39,19,8488.04
3206,20250519,20250521,20250522,16,21,5,1,1087.52,0.0,26.94,1,714.97
3207,20250518,20250521,20250523,18,28,7,3,416.96,0.0,6.17,4,230.09
3208,20241219,20241223,20241224,18,8,6,4,17334.54,1733.45,639.48,18,9709.7
3209,20260320,20260321,20260323,15,30,8,3,8707.36,0.0,261.65,16,4918.04
3210,20251230,20260102,20260104,21,38,5,3,4335.84,0.0,55.26,18,2496.58
3211,20240428,20240503,20240505,17,34,8,1,1051.04,0.0,30.22,2,708.69
3212,20240829,20240901,20240902,10,22,8,1,7164.63,0.0,211.59,11,4916.94
3213,20240829,20240831,20240902,7,13,6,4,3353.84,0.0,56.42,7,2129.71
3214,20260109,20260111,20260112,21,13,7,1,3044.91,0.0,46.34,3,1706.02
3215,20250411,20250412,20250414,30,30,6,4,7428.48,0.0,171.07,8,4347.67
3216,20250909,20250914,20250916,24,19,7,4,11910.08,0.0,277.54,14,7560.46
3217,20251107,20251111,20251112,21,5,8,4,720.02,0.0,8.1,2,428.58
3218,20251007,20251012,20251014,29,28,7,1,1129.35,0.0,15.56,5,704.04
3219,20240604,20240609,20240611,28,6,7,3,1349.44,67.47,27.34,16,772.05
3220,20240711,20240712,20240714,17,40,8,1,2968.36,0.0,86.57,4,2040.24
3221,20250111,20250112,20250114,4,17,6,5,1588.8,0.0,16.59,5,968.36
3222,20241201,20241202,20241204,21,14,5,4,2847.5,142.38,40.46,10,1857.1
3223,20250923,20250925,20250926,20,3,7,3,7219.6,0.0,153.91,8,4649.1
3224,20240722,20240725,20240726,10,7,7,4,853.21,42.66,21.68,1,536.25
3225,20241225,20241227,20241229,27,38,5,1,9533.37,953.34,235.18,11,5362.26
3226,20240919,20240920,20240922,28,22,7,3,1459.9,0.0,41.14,5,984.9
3227,20240815,20240818,20240820,11,37,5,4,9140.4,457.02,128.02,10,6015.71
3228,20240803,20240808,20240810,16,39,6,1,2740.01,0.0,44.37,7,1882.89
3229,20240820,20240825,20240826,6,2,8,5,17025.12,0.0,468.89,16,10391.92
3230,20250514,20250517,20250518,6,16,7,4,8262.0,0.0,203.25,8,5778.93
3231,20250122,20250124,20250126,9,34,7,5,7009.1,0.0,75.36,7,4478.91
3232,20250209,20250211,20250212,12,20,7,4,9610.7,0.0,116.45,10,6525.2
3233,20250313,20250314,20250316,10,21,5,1,6471.4,0.0,244.47,10,4446.91
3234,20250918,20250920,20250921,5,23,8,3,3239.6,323.96,119.13,10,2035.15
3235,20251215,20251220,20251221,15,29,6,1,6869.16,343.46,209.12,12,4467.5
3236,20250416,20250418,20250419,20,38,8,4,10913.98,0.0,391.02,11,6357.97
3237,20250709,20250712,20250713,11,36,8,1,5884.11,0.0,165.35,19,3318.41
3238,20250916,20250917,20250919,18,26,5,4,3586.08,0.0,121.94,4,2056.02
3239,20250813,20250815,20250816,10,24,7,1,4101.12,0.0,91.5,8,2493.55
3240,20240707,20240710,20240711,23,15,5,1,678.79,0.0,16.43,7,411.34
3241,20260312,20260316,20260317,21,5,7,1,5391.8,269.59,202.88,5,3141.21
3242,20240729,20240731,20240801,30,29,6,4,10454.37,0.0,198.26,19,7222.69
3243,20250123,20250126,20250127,2,1,5,1,5387.04,0.0,144.17,6,3562.11
3244,20250716,20250717,20250719,27,28,7,1,7204.68,360.23,180.17,9,4198.27
3245,20250117,20250121,20250123,12,20,8,1,7187.76,359.39,208.16,8,4113.15
3246,20240923,20240925,20240926,2,32,5,1,13596.12,0.0,466.97,18,9103.63
3247,20260128,20260131,20260202,22,38,8,5,847.82,0.0,17.14,2,506.65
3248,20240522,20240525,20240527,6,23,8,2,1673.7,167.37,29.81,7,938.13
3249,20240925,20240926,20240927,6,23,7,1,2515.1,251.51,88.32,10,1604.95
3250,20260319,20260320,20260321,31,20,8,1,21265.2,0.0,720.45,18,12204.76
3251,20250910,20250913,20250914,8,15,6,1,9737.0,0.0,127.96,14,6722.15
3252,20240602,20240606,20240607,18,4,7,2,7591.2,379.56,274.8,8,4530.09
3253,20250928,20251003,20251005,8,2,7,1,6451.92,0.0,143.94,8,4180.88
3254,20260302,20260305,20260306,4,29,7,1,7679.52,0.0,232.48,18,4902.91
3255,20240610,20240611,20240612,1,37,8,1,16412.04,820.6,475.95,18,11149.6
3256,20250125,20250127,20250129,1,3,8,1,668.43,0.0,7.2,7,461.63
3257,20250305,20250309,20250310,16,14,8,4,1996.72,0.0,24.76,4,1099.5
3258,20240704,20240709,20240711,15,25,7,1,2368.72,0.0,51.02,2,1566.75
3259,20240824,20240829,20240830,2,29,8,4,2685.06,0.0,98.46,14,1543.52
3260,20240804,20240806,20240808,12,30,7,3,3534.5,176.73,56.18,10,2058.36
3261,20240813,20240816,20240818,10,28,7,4,1188.99,0.0,26.71,1,728.42
3262,20250117,20250118,20250119,19,4,5,1,5815.62,0.0,167.28,6,3672.27
3263,20250302,20250304,20250305,31,11,6,4,16962.94,1696.29,551.35,17,11346.26
3264,20240920,20240922,20240924,22,19,8,4,20858.4,0.0,490.13,18,12388.75
3265,20241027,20241031,20241102,29,3,6,5,18792.14,1879.21,500.43,17,10699.85
3266,20240817,20240818,20240819,6,14,7,4,2545.9,0.0,80.14,5,1430.4
3267,20251028,20251030,20251031,8,16,8,1,8774.16,877.42,113.19,12,5263.54
3268,20240901,20240905,20240906,24,40,6,5,12279.26,0.0,292.9,14,8530.94
3269,20260117,20260120,20260121,11,13,6,4,1736.91,0.0,59.56,7,1017.06
3270,20250425,20250430,20250501,27,39,5,1,6163.86,0.0,177.87,17,3836.31
3271,20251102,20251107,20251109,15,29,5,1,17756.82,887.84,553.43,18,11869.11
3272,20250705,20250706,20250708,8,28,7,5,4281.2,0.0,167.93,11,2635.16
3273,20241010,20241012,20241013,27,33,7,1,7499.5,749.95,93.29,10,4347.61
3274,20250609,20250610,20250612,18,34,6,4,2172.58,217.26,36.49,2,1370.02
3275,20241016,20241017,20241019,26,9,6,2,2428.38,0.0,76.54,18,1524.72
3276,20240625,20240627,20240629,15,17,5,4,1187.88,0.0,32.5,12,802.0
3277,20241002,20241007,20241009,4,22,8,1,17100.38,855.02,536.03,19,10850.54
3278,20241017,20241018,20241020,22,40,7,4,765.76,76.58,28.9,2,512.52
3279,20240707,20240708,20240709,4,2,5,3,13088.88,0.0,466.72,14,7647.72
3280,20240418,20240422,20240423,21,20,7,5,3713.8,0.0,130.26,5,2586.43
3281,20260212,20260217,20260219,14,9,6,1,5110.05,0.0,119.41,15,3308.87
3282,20250407,20250409,20250411,25,9,8,1,1555.7,77.79,53.69,10,911.71
3283,20250116,20250119,20250121,28,31,6,1,4967.17,496.72,154.13,13,2886.34
3284,20260202,20260205,20260207,14,9,8,1,12565.5,0.0,463.03,15,8382.16
3285,20240910,20240912,20240914,28,32,7,5,1726.1,0.0,34.34,10,1017.31
3286,20250117,20250120,20250121,4,40,5,1,14460.42,1446.04,466.34,13,9301.77
3287,20251204,20251205,20251207,4,32,8,1,13345.93,667.3,365.5,13,7894.43
3288,20250701,20250703,20250704,31,7,7,4,3929.28,392.93,68.54,6,2250.47
3289,20250114,20250115,20250116,19,6,6,1,1532.34,0.0,22.42,3,996.49
3290,20241002,20241003,20241004,15,18,5,1,14799.46,0.0,536.01,13,9673.57
3291,20240426,20240501,20240503,5,23,6,4,1677.24,83.86,65.06,6,1049.39
3292,20240601,20240606,20240607,10,32,7,2,946.22,94.62,24.96,11,546.22
3293,20240727,20240728,20240729,22,17,5,4,9703.1,485.16,347.85,10,5679.78
3294,20251021,20251026,20251027,26,7,6,3,7038.63,0.0,281.35,9,4162.94
3295,20250707,20250710,20250711,29,40,7,1,1028.82,0.0,22.24,2,615.14
3296,20250208,20250211,20250213,14,37,7,3,2793.9,0.0,40.42,5,1899.38
3297,20251019,20251023,20251025,15,27,8,4,2603.25,130.16,30.04,13,1467.08
3298,20240726,20240727,20240728,5,28,5,2,14738.88,1473.89,273.11,13,10020.63
3299,20240831,20240901,20240903,3,38,8,4,5583.9,0.0,72.78,10,3255.07
3300,20250109,20250112,20250114,15,19,6,2,15212.16,1521.22,584.29,19,9273.7
3301,20260124,20260126,20260127,19,6,5,3,3483.45,0.0,113.51,3,1927.66
3302,20250619,20250623,20250624,4,25,8,4,6833.28,0.0,247.39,6,4548.03
3303,20251207,20251208,20251209,14,19,7,1,8585.04,858.5,309.11,8,5246.51
3304,20240927,20241002,20241003,21,32,7,2,5074.32,0.0,188.07,12,3537.68
3305,20251205,20251206,20251207,26,31,6,1,1700.54,0.0,48.02,2,947.31
3306,20240523,20240528,20240530,30,19,8,4,644.59,0.0,11.84,1,388.4
3307,20240912,20240917,20240918,12,15,5,3,15645.76,0.0,550.11,16,9999.02
3308,20250414,20250419,20250421,13,17,5,1,13826.7,0.0,144.7,18,8549.31
3309,20240507,20240511,20240513,28,26,5,1,1086.62,108.66,20.87,1,759.83
3310,20251212,20251213,20251215,22,26,7,5,14857.44,0.0,171.41,16,8813.88
3311,20251219,20251223,20251224,10,21,5,1,17328.32,0.0,308.14,16,10143.73
3312,20250427,20250429,20250430,22,22,8,1,4471.17,223.56,97.12,11,2830.52
3313,20241108,20241109,20241110,5,40,5,1,6033.43,0.0,111.72,13,3882.51
3314,20240611,20240613,20240614,15,11,7,3,6641.28,0.0,224.0,6,3971.22
3315,20250622,20250624,20250625,11,7,8,1,11217.7,1121.77,240.05,13,6384.41
3316,20250424,20250425,20250427,31,32,8,4,10985.5,0.0,341.1,10,6508.45
3317,20251002,20251005,20251007,2,38,6,4,8187.03,0.0,111.76,9,4778.48
3318,20250610,20250611,20250612,27,25,5,1,5789.45,578.95,76.16,5,3303.76
3319,20240702,20240703,20240704,10,17,8,3,1971.88,0.0,24.91,4,1124.94
3320,20240628,20240629,20240630,2,14,6,1,10599.68,529.98,162.19,16,6315.03
3321,20251017,20251021,20251023,21,19,8,1,3343.05,0.0,63.09,19,1842.36
3322,20240724,20240727,20240729,22,3,5,3,7656.11,0.0,185.03,11,4660.98
3323,20260208,20260210,20260211,5,22,7,1,9268.29,463.41,170.6,9,5430.58
3324,20240616,20240620,20240621,2,11,5,4,4640.44,232.02,162.34,14,2728.01
3325,20250909,20250914,20250915,4,11,6,3,4708.96,470.9,182.87,16,3127.7
3326,20260307,20260308,20260309,14,23,5,1,10243.9,0.0,329.76,10,7103.62
3327,20250214,20250215,20250216,4,39,8,5,9015.68,0.0,331.53,16,5352.84
3328,20240512,20240514,20240516,23,9,7,3,7888.14,394.41,134.7,18,4953.14
3329,20251225,20251226,20251227,3,37,5,1,1516.65,0.0,19.44,3,973.96
3330,20240814,20240819,20240820,25,21,6,3,6441.2,0.0,233.82,8,3931.55
3331,20250417,20250420,20250422,28,39,6,5,2257.5,112.88,30.35,10,1439.09
3332,20260313,20260316,20260317,23,16,7,2,8616.42,0.0,249.17,9,4815.28
3333,20250921,20250924,20250926,30,40,6,2,16132.62,1613.26,166.09,14,10333.7
3334,20240504,20240507,20240508,30,27,6,2,1812.36,0.0,42.2,3,1234.53
3335,20251115,20251116,20251117,2,27,8,1,1914.36,95.72,34.13,3,1237.63
3336,20240726,20240728,20240730,12,23,7,1,15871.2,1587.12,192.41,15,9782.09
3337,20250924,20250926,20250928,24,19,8,3,10899.96,545.0,391.4,12,6045.93
3338,20250623,20250627,20250629,12,22,8,4,22093.77,1104.69,428.59,19,14688.63
3339,20241026,20241027,20241028,24,35,8,4,852.0,42.6,23.32,10,581.01
3340,20250201,20250203,20250204,25,32,8,1,18238.08,0.0,619.15,16,10306.53
3341,20240625,20240628,20240630,31,1,7,2,11065.7,0.0,328.3,10,6333.79
3342,20260315,20260320,20260321,11,28,7,1,3360.36,168.02,66.82,4,2275.45
3343,20240920,20240922,20240924,12,34,7,1,519.62,0.0,5.62,1,302.67
3344,20241110,20241112,20241113,1,30,5,4,2580.04,258.0,62.31,4,1758.78
3345,20250330,20250402,20250404,10,20,8,1,7956.9,795.69,202.95,10,4740.05
3346,20250731,20250804,20250806,10,14,7,4,10273.68,0.0,275.07,18,6925.96
3347,20250401,20250404,20250406,15,27,8,2,6509.03,0.0,217.39,11,3902.14
3348,20250401,20250404,20250406,14,27,7,4,18507.6,0.0,361.22,18,12693.31
3349,20250527,20250528,20250529,27,15,6,4,2614.68,0.0,30.41,6,1625.73
3350,20251212,20251214,20251215,25,17,6,4,12288.0,0.0,315.82,15,7367.19
3351,20250111,20250112,20250114,23,15,8,4,6939.14,0.0,241.85,13,4545.52
3352,20251123,20251128,20251130,1,2,7,4,7420.5,0.0,251.11,10,5092.21
3353,20251021,20251024,20251026,16,2,8,3,14263.11,0.0,313.73,19,7862.84
3354,20260224,20260228,20260301,23,4,7,1,15765.68,0.0,573.22,14,9622.09
3355,20260121,20260126,20260127,9,17,7,1,11130.56,0.0,161.93,14,7082.56
3356,20251030,20251102,20251104,14,21,5,4,5208.12,260.41,165.77,6,3067.21
3357,20240926,20241001,20241003,23,17,5,1,6413.85,320.69,92.59,9,4033.28
3358,20251012,20251016,20251017,25,39,7,5,1885.3,94.26,68.65,17,1261.95
3359,20250915,20250919,20250920,27,9,5,1,17219.52,1721.95,418.57,18,9552.98
3360,20241027,20241030,20241031,14,16,5,4,796.21,79.62,15.3,1,534.3
3361,20250804,20250806,20250807,13,10,8,1,1193.67,0.0,13.03,3,749.59
3362,20240930,20241004,20241005,13,12,7,5,1866.12,93.31,52.73,2,1088.31
3363,20250414,20250418,20250419,22,24,5,1,5850.32,0.0,74.66,14,3302.0
3364,20251029,20251101,20251102,14,13,6,2,1287.72,128.77,17.45,4,878.04
3365,20240815,20240816,20240817,14,13,6,4,8545.24,427.26,99.68,11,5941.0
3366,20241130,20241202,20241204,6,27,5,1,2002.68,0.0,44.51,2,1325.75
3367,20251027,20251031,20251101,16,34,7,1,15955.35,797.77,261.85,15,10145.8
3368,20250223,20250226,20250227,9,9,6,4,1002.76,0.0,17.61,2,681.64
3369,20260224,20260228,20260302,17,5,8,4,3135.38,313.54,75.85,19,1742.3
3370,20240406,20240408,20240410,28,10,5,1,2177.44,0.0,37.94,2,1335.96
3371,20250904,20250905,20250906,25,24,8,3,987.87,0.0,21.58,1,573.23
3372,20251110,20251115,20251117,16,39,5,1,14279.66,0.0,310.9,17,9008.92
3373,20260124,20260127,20260128,31,7,8,1,2917.75,0.0,65.18,5,1904.54
3374,20240723,20240727,20240728,31,2,8,3,13862.4,0.0,215.31,15,9081.04
3375,20260313,20260316,20260317,15,22,6,1,2969.6,148.48,113.55,16,1930.94
3376,20250109,20250114,20250115,24,40,6,2,2436.39,0.0,46.56,3,1353.45
3377,20241211,20241213,20241215,12,23,5,1,10005.52,0.0,216.73,14,6121.16
3378,20241214,20241217,20241218,28,37,6,4,5533.11,276.66,118.46,9,3096.36
3379,20250706,20250707,20250708,13,26,7,3,9973.65,0.0,228.19,15,5714.55
3380,20250721,20250725,20250727,9,2,7,1,2051.52,0.0,69.07,6,1164.23
3381,20250309,20250312,20250313,5,18,5,5,1462.48,0.0,40.18,8,819.5
3382,20240522,20240524,20240525,27,31,5,4,1796.34,0.0,36.9,2,1172.92
3383,20260315,20260318,20260320,10,21,7,1,2085.76,104.29,45.24,2,1293.81
3384,20240908,20240912,20240913,26,8,7,5,7675.68,767.57,231.36,8,4569.96
3385,20240607,20240608,20240610,3,8,8,1,17729.7,886.49,414.44,15,11207.63
3386,20250606,20250608,20250610,17,27,8,1,2808.96,0.0,89.09,11,1942.69
3387,20250124,20250127,20250128,14,19,7,2,10579.8,0.0,136.88,14,6825.56
3388,20250620,20250622,20250623,15,23,7,1,12240.96,612.05,185.59,12,7145.16
3389,20251225,20251228,20251229,6,15,7,4,4295.0,214.75,56.85,10,2627.91
3390,20240610,20240611,20240613,3,14,6,3,8127.77,406.39,126.02,7,5388.74
3391,20241023,20241028,20241029,12,27,7,4,11172.3,1117.23,180.1,10,6473.18
3392,20250409,20250413,20250415,16,1,5,1,21060.93,0.0,566.92,19,13311.87
3393,20251022,20251025,20251026,25,18,8,1,9171.3,917.13,180.94,15,5825.99
3394,20250609,20250610,20250611,15,15,8,2,6938.19,0.0,119.75,7,4741.36
3395,20250102,20250107,20250109,9,32,6,1,10323.46,0.0,230.51,14,7219.23
3396,20250616,20250617,20250618,9,30,6,5,9654.97,482.75,189.49,13,6017.2
3397,20260310,20260311,20260312,20,18,6,4,13519.61,1351.96,246.51,13,8006.21
3398,20250314,20250317,20250319,15,11,8,4,729.0,0.0,24.06,3,446.14
3399,20251230,20260101,20260103,29,10,5,4,19431.85,1943.18,608.7,17,10936.05
3400,20251016,20251017,20251018,15,9,6,1,777.72,77.77,23.25,2,511.29
3401,20241104,20241105,20241107,19,11,7,1,9417.2,941.72,312.44,13,6408.77
3402,20240928,20241002,20241003,2,31,7,2,6700.12,670.01,165.61,14,3793.47
3403,20251009,20251012,20251014,6,2,6,4,17638.4,881.92,307.6,16,9954.16
3404,20240829,20240903,20240905,27,2,5,1,2942.43,0.0,96.17,3,2017.86
3405,20241130,20241204,20241205,12,22,7,1,2438.9,121.94,43.37,5,1526.52
3406,20240918,20240922,20240923,14,9,7,4,6720.66,672.07,88.12,9,4184.93
3407,20250613,20250618,20250620,19,34,8,1,8922.78,892.28,337.98,19,5229.56
3408,20241030,20241103,20241104,2,31,5,3,329.56,16.48,6.76,2,187.5
3409,20250721,20250722,20250724,17,31,5,1,7396.96,739.7,180.36,8,4209.65
3410,20260205,20260207,20260209,12,19,6,3,6101.2,305.06,235.75,14,4060.0
3411,20251121,20251122,20251123,5,18,7,2,11566.88,1156.69,219.19,13,7229.28
3412,20260215,20260218,20260220,14,18,5,4,18551.2,927.56,394.97,16,12201.7
3413,20240418,20240422,20240424,15,8,5,4,5000.24,500.02,70.11,14,3051.86
3414,20250224,20250227,20250301,6,23,6,1,6473.55,323.68,128.37,15,3703.29
3415,20240907,20240911,20240912,18,35,6,4,11100.45,555.02,337.11,15,7465.93
3416,20260124,20260129,20260131,24,11,7,4,2304.99,0.0,74.67,3,1468.31
3417,20250828,20250830,20250831,10,3,5,4,1355.14,0.0,24.23,2,878.37
3418,20241118,20241122,20241124,30,23,8,5,2447.84,122.39,89.66,16,1392.73
3419,20250513,20250516,20250517,20,16,5,4,4686.18,0.0,158.4,6,3019.58
3420,20250612,20250615,20250616,25,32,6,1,6446.77,0.0,178.79,11,3697.18
3421,20250325,20250326,20250328,3,35,8,2,3190.48,0.0,107.26,19,1803.18
3422,20250309,20250310,20250312,25,39,7,1,8950.4,0.0,152.02,8,5259.74
3423,20240510,20240514,20240515,12,16,8,3,7497.72,0.0,110.66,12,5026.73
3424,20250222,20250223,20250224,23,37,5,5,6824.23,341.21,190.96,7,4270.37
3425,20241208,20241209,20241211,26,5,7,3,5331.27,0.0,190.29,7,3526.68
3426,20251113,20251114,20251116,9,15,5,1,4378.62,0.0,99.26,6,2646.88
3427,20251217,20251222,20251224,9,11,7,5,1301.28,130.13,21.44,16,851.22
3428,20250925,20250929,20250930,2,37,6,4,924.57,0.0,24.41,9,552.01
3429,20240423,20240428,20240430,20,25,8,1,8896.3,0.0,262.51,14,6186.75
3430,20251130,20251201,20251203,25,15,5,5,5232.4,0.0,64.55,5,3450.75
3431,20250112,20250116,20250118,14,7,8,1,8720.82,436.04,87.94,9,4961.66
3432,20250127,20250131,20250202,5,32,6,3,4337.76,0.0,150.34,7,2907.35
3433,20260213,20260218,20260220,11,27,7,2,2024.11,101.21,25.5,11,1141.03
3434,20251219,20251223,20251225,14,35,7,5,5566.35,556.64,68.46,5,3828.74
3435,20240507,20240511,20240512,29,18,5,1,11341.2,0.0,222.33,15,6749.17
3436,20241217,20241218,20241219,4,6,6,1,9599.33,0.0,185.58,13,6026.14
3437,20250925,20250927,20250929,12,14,7,4,3763.29,376.33,150.04,17,2493.03
3438,20250425,20250429,20250430,21,25,8,4,8095.32,809.53,267.59,9,4467.92
3439,20241004,20241009,20241011,9,10,8,1,600.0,0.0,18.86,3,354.06
3440,20250415,20250416,20250417,28,3,7,1,11564.42,578.22,136.36,14,6890.03
3441,20251218,20251221,20251222,29,33,6,5,1099.22,109.92,14.12,1,604.99
3442,20240909,20240911,20240912,13,22,6,4,9305.88,930.59,173.63,12,5183.18
3443,20250922,20250927,20250928,24,16,6,1,6316.95,0.0,235.19,15,4019.51
3444,20250914,20250916,20250918,24,23,6,2,9156.96,0.0,97.47,8,5353.45
3445,20260101,20260103,20260105,22,30,6,2,536.68,53.67,21.07,1,351.55
3446,20241102,20241107,20241108,6,1,8,4,9676.08,0.0,141.53,18,6048.83
3447,20240904,20240906,20240908,2,18,6,3,1403.08,140.31,19.24,7,927.38
3448,20250501,20250506,20250507,12,11,5,4,1340.74,0.0,22.84,2,752.62
3449,20250420,20250424,20250425,4,4,7,1,9063.12,453.16,192.92,12,5046.72
3450,20250122,20250124,20250126,10,2,7,4,6411.06,320.55,154.13,6,4176.96
3451,20251016,20251017,20251019,21,18,6,1,2734.24,0.0,78.8,16,1584.79
3452,20251030,20251102,20251104,19,22,7,4,1025.69,51.28,12.13,1,653.06
3453,20240925,20240928,20240930,7,21,8,1,1358.64,0.0,26.91,8,864.42
3454,20251028,20251030,20251031,1,32,8,1,1598.64,159.86,50.94,8,1000.9
3455,20240914,20240918,20240919,7,19,8,1,391.22,39.12,6.13,2,233.22
3456,20250120,20250125,20250127,15,24,7,1,13536.04,676.8,295.84,14,9459.58
3457,20240420,20240425,20240427,25,33,5,2,2011.44,100.57,76.66,2,1368.54
3458,20241203,20241205,20241206,12,27,7,4,11343.0,0.0,270.62,15,6297.84
3459,20260223,20260225,20260226,10,37,8,4,2936.92,0.0,50.96,14,1962.43
3460,20250214,20250216,20250218,18,9,8,3,5429.52,542.95,108.72,8,3403.14
3461,20250827,20250829,20250830,3,32,8,3,3410.36,341.04,134.74,4,2001.81
3462,20240618,20240621,20240623,7,28,8,1,8924.96,0.0,218.89,8,5074.19
3463,20250704,20250709,20250710,2,24,7,4,5902.48,590.25,92.87,8,3716.88
3464,20241225,20241227,20241228,17,1,5,1,4237.92,423.79,167.91,4,2672.82
3465,20250920,20250921,20250922,15,22,6,1,17512.3,0.0,294.61,19,9912.7
3466,20260131,20260201,20260202,19,35,6,1,3764.6,376.46,134.72,14,2303.02
3467,20250420,20250424,20250425,20,26,8,1,14074.06,0.0,195.95,13,8358.26
3468,20240614,20240618,20240620,13,1,8,3,4135.78,0.0,159.58,11,2555.81
3469,20250311,20250314,20250315,28,12,6,1,1220.85,0.0,20.62,5,706.92
3470,20240629,20240704,20240706,29,23,6,1,6568.32,656.83,179.71,11,4173.58
3471,20250220,20250222,20250223,4,33,5,4,1089.42,54.47,23.37,2,762.21
3472,20240515,20240519,20240521,29,18,5,1,3179.65,158.98,84.06,5,1767.44
3473,20250708,20250712,20250713,6,35,6,3,11624.0,581.2,156.75,10,6430.27
3474,20241111,20241114,20241115,9,32,5,2,2300.24,230.02,88.72,8,1589.65
3475,20240824,20240829,20240830,17,11,6,4,4714.64,235.73,65.4,8,2988.4
3476,20240413,20240415,20240417,1,8,8,4,586.16,0.0,19.9,4,403.83
3477,20260103,20260108,20260110,12,37,7,1,7386.47,0.0,89.99,7,4569.83
3478,20251127,20251129,20251130,6,24,7,4,6203.34,310.17,127.51,11,4268.89
3479,20251108,20251112,20251114,16,34,5,2,1773.72,177.37,47.17,2,1209.33
3480,20240513,20240518,20240519,26,37,8,1,1347.78,0.0,40.02,14,741.28
3481,20241209,20241213,20241214,29,17,7,4,987.68,0.0,39.11,8,682.53
3482,20260304,20260306,20260308,8,2,7,4,6872.18,343.61,76.6,14,4128.41
3483,20250524,20250526,20250528,18,37,6,1,9925.2,992.52,126.38,15,6827.05
3484,20240702,20240705,20240707,16,24,7,2,3053.1,152.66,60.64,6,1953.67
3485,20240711,20240713,20240715,14,5,8,1,9004.68,0.0,351.96,12,5916.96
3486,20241008,20241009,20241010,20,22,7,3,4400.11,220.01,139.27,17,2750.54
3487,20260305,20260310,20260311,31,2,6,5,363.57,36.36,7.77,1,236.95
3488,20240801,20240806,20240808,14,12,7,2,13282.22,1328.22,495.36,14,7887.38
3489,20260113,20260115,20260116,2,14,8,5,8891.2,0.0,180.52,16,5956.52
3490,20250804,20250806,20250807,29,19,6,1,2796.96,0.0,85.63,12,1638.81
3491,20260127,20260128,20260130,29,23,8,4,3677.76,0.0,44.31,4,2257.13
3492,20251119,20251121,20251122,11,34,7,5,8290.37,0.0,195.71,11,5006.84
3493,20241127,20241128,20241130,17,15,5,4,1140.3,0.0,33.42,9,648.7
3494,20251120,20251122,20251124,27,30,8,1,22670.42,0.0,689.83,19,14629.26
3495,20240801,20240803,20240804,17,38,7,1,2059.12,0.0,28.48,4,1310.17
3496,20241028,20241102,20241103,16,30,6,1,3211.56,160.58,120.51,12,1822.07
3497,20240901,20240904,20240905,29,11,5,3,1465.2,146.52,40.03,4,916.53
3498,20240706,20240710,20240711,26,28,8,5,18810.56,1881.06,646.36,16,11390.04
3499,20240605,20240606,20240608,17,12,8,2,1101.9,0.0,40.74,3,685.12
3500,20240814,20240816,20240818,5,20,5,1,1406.64,0.0,53.66,12,950.53
3501,20240626,20240627,20240628,15,26,7,1,3044.5,304.45,119.53,10,1677.07
3502,20250101,20250102,20250104,22,12,5,3,4229.85,0.0,57.15,5,2817.43
3503,20240522,20240527,20240529,10,1,6,3,5888.96,0.0,211.68,7,3863.65
3504,20240515,20240516,20240517,18,34,7,1,12211.49,0.0,320.09,19,7655.61
3505,20260317,20260322,20260324,21,30,5,4,1983.74,99.19,55.55,2,1284.68
3506,20240603,20240606,20240607,3,5,7,1,10865.85,0.0,278.41,15,6976.88
3507,20240524,20240528,20240529,19,16,6,3,8546.22,0.0,218.04,9,4888.39
3508,20240422,20240427,20240429,24,11,7,2,8165.84,816.58,147.08,8,5643.95
3509,20240705,20240710,20240712,7,40,8,1,6654.84,665.48,167.34,6,4609.03
3510,20250417,20250422,20250424,18,38,5,3,5547.96,277.4,73.54,11,3231.68
3511,20251120,20251125,20251126,23,28,8,4,3883.6,0.0,136.4,5,2660.19
3512,20250914,20250918,20250920,2,18,5,2,14345.11,0.0,262.03,17,9450.43
3513,20250525,20250530,20250601,21,3,5,4,440.52,22.03,5.76,2,306.1
3514,20240601,20240603,20240605,9,10,6,3,9859.59,492.98,305.55,9,5898.57
3515,20251012,20251015,20251017,13,4,6,1,2262.52,0.0,87.13,19,1511.87
3516,20240427,20240501,20240503,21,32,5,5,6640.96,0.0,93.54,16,4027.48
3517,20250701,20250704,20250706,1,4,6,5,952.22,0.0,29.54,1,639.46
3518,20250121,20250126,20250127,1,28,8,1,2946.7,0.0,55.92,10,1823.8
3519,20251229,20260102,20260104,15,39,7,5,8958.42,447.92,98.1,18,5869.72
3520,20241109,20241111,20241112,30,13,7,4,3980.75,0.0,133.87,5,2720.78
3521,20250706,20250708,20250709,1,28,5,1,4836.95,0.0,68.82,5,2971.18
3522,20250213,20250214,20250216,25,36,5,3,8299.34,0.0,304.64,7,4733.94
3523,20250413,20250418,20250420,3,18,6,1,10595.2,1059.52,358.22,14,7184.26
3524,20260208,20260209,20260211,16,18,8,3,20386.8,1019.34,743.41,18,14103.67
3525,20250829,20250830,20250901,14,9,8,5,4002.74,200.14,50.85,14,2204.06
3526,20250125,20250128,20250129,16,18,5,2,21042.36,2104.24,370.74,18,13533.74
3527,20250218,20250223,20250224,3,35,6,3,6355.7,635.57,243.01,10,4249.63
3528,20250823,20250826,20250827,24,27,6,1,2018.92,0.0,56.41,17,1309.89
3529,20241207,20241210,20241212,10,9,7,3,4806.72,240.34,176.87,18,3008.97
3530,20240731,20240801,20240802,25,22,5,4,11844.8,0.0,378.12,11,6845.16
3531,20250305,20250309,20250310,21,29,6,1,7008.96,0.0,191.14,12,3882.56
3532,20240520,20240524,20240525,18,4,8,3,4149.18,0.0,53.87,7,2841.28
3533,20240801,20240804,20240806,11,31,6,2,4397.05,0.0,138.83,7,2667.71
3534,20250130,20250203,20250204,21,9,8,4,936.6,93.66,16.23,3,599.94
3535,20251028,20251029,20251030,31,12,7,4,2957.57,0.0,35.23,11,2030.2
3536,20251017,20251021,20251023,29,17,7,4,8153.97,0.0,206.7,11,5006.04
3537,20241006,20241008,20241010,29,21,6,2,3142.03,0.0,106.03,19,1984.78
3538,20250131,20250203,20250205,7,37,8,3,12106.16,0.0,121.81,11,8339.34
3539,20240721,20240723,20240725,19,9,5,4,973.09,97.31,10.33,1,586.97
3540,20250929,20250930,20251002,13,11,8,4,2063.29,206.33,37.91,17,1164.15
3541,20240926,20240928,20240930,31,16,8,3,2194.32,0.0,42.43,2,1285.32
3542,20251031,20251104,20251106,30,35,7,4,481.84,0.0,18.07,1,280.95
3543,20251130,20251202,20251204,28,39,8,1,6750.88,675.09,225.84,8,4448.41
3544,20250812,20250814,20250815,5,19,7,1,1038.53,103.85,13.37,1,679.98
3545,20241125,20241127,20241128,11,28,7,5,2392.95,0.0,88.21,15,1556.41
3546,20260218,20260220,20260221,23,37,5,1,7090.71,354.54,209.82,11,3973.11
3547,20250810,20250814,20250816,24,34,5,5,4688.95,0.0,151.37,7,3004.8
3548,20250711,20250715,20250717,12,28,5,3,5902.56,295.13,221.3,12,3995.72
3549,20251211,20251216,20251217,5,22,5,5,18663.79,0.0,474.36,17,11761.57
3550,20251229,20251231,20260102,5,40,8,3,10303.1,0.0,152.89,10,6090.63
3551,20240527,20240529,20240531,22,10,5,4,1600.08,0.0,20.2,3,988.29
3552,20251229,20251230,20251231,15,15,5,4,9126.72,0.0,357.29,12,5186.37
3553,20251006,20251007,20251008,16,29,8,3,13978.64,0.0,354.55,13,8270.01
3554,20240828,20240902,20240903,26,1,6,2,12257.6,612.88,269.66,16,8421.15
3555,20241109,20241113,20241114,1,21,8,1,16304.94,815.25,384.88,18,9443.32
3556,20250927,20251002,20251004,24,35,8,1,10553.01,0.0,188.04,13,6792.46
3557,20240904,20240907,20240909,10,8,7,5,3694.76,0.0,55.42,4,2486.72
3558,20250222,20250227,20250228,29,33,8,1,2561.92,0.0,31.98,4,1443.55
3559,20250812,20250817,20250819,30,17,8,4,4900.29,0.0,116.48,19,2700.08
3560,20250715,20250717,20250719,17,35,5,3,4031.24,201.56,87.95,4,2629.56
3561,20260118,20260121,20260122,11,26,5,1,3998.12,0.0,132.85,7,2531.19
3562,20240620,20240625,20240627,7,7,6,5,11281.38,1128.14,227.64,11,6911.75
3563,20241031,20241104,20241105,6,30,7,1,4618.64,0.0,101.41,4,2789.58
3564,20260314,20260318,20260320,31,3,8,3,8703.9,0.0,305.18,18,5974.97
3565,20250517,20250521,20250522,6,10,5,2,7497.36,0.0,287.3,8,4136.1
3566,20240927,20240929,20240930,15,36,5,1,7162.65,0.0,118.11,11,4033.24
3567,20241027,20241101,20241102,16,36,6,1,8025.87,802.59,105.61,17,5521.87
3568,20241202,20241204,20241206,22,2,6,4,11118.25,0.0,392.65,13,6868.54
3569,20250506,20250511,20250512,27,16,8,1,3331.96,0.0,38.03,4,2282.09
3570,20241023,20241027,20241029,18,4,6,4,3921.61,0.0,146.51,7,2257.17
3571,20250624,20250627,20250629,24,11,8,3,5132.0,0.0,119.02,8,3129.39
3572,20250216,20250221,20250222,19,39,5,1,14775.66,1477.57,225.68,18,9554.95
3573,20250616,20250617,20250618,15,8,5,1,810.36,0.0,30.95,9,536.54
3574,20240722,20240725,20240726,5,26,8,1,3284.82,164.24,131.06,11,2131.38
3575,20250625,20250627,20250629,7,33,5,4,5439.3,0.0,114.86,6,3178.56
3576,20260129,20260130,20260131,14,36,5,3,16260.48,0.0,361.54,18,11037.42
3577,20240707,20240710,20240712,2,15,7,1,654.92,0.0,23.38,4,384.09
3578,20241123,20241128,20241130,11,28,5,3,3551.44,0.0,101.78,4,2326.85
3579,20250815,20250816,20250818,15,20,5,2,6697.92,669.79,253.85,12,4392.87
3580,20250621,20250626,20250628,16,5,6,3,9561.52,478.08,128.96,8,5520.7
3581,20250801,20250804,20250805,26,9,7,1,1901.55,0.0,19.82,7,1161.62
3582,20250510,20250514,20250515,31,30,7,1,3601.79,0.0,136.92,17,2019.67
3583,20250807,20250810,20250811,23,28,7,1,855.26,0.0,19.26,7,591.92
3584,20250615,20250619,20250621,3,21,5,4,10558.38,0.0,146.65,14,7047.9
3585,20240524,20240529,20240531,14,32,6,4,11676.56,0.0,160.33,14,7847.89
3586,20250926,20250930,20251002,23,28,6,1,12272.65,0.0,322.44,13,8511.49
3587,20250218,20250223,20250225,19,14,6,1,253.56,0.0,4.18,3,160.51
3588,20240508,20240510,20240512,15,12,7,4,5104.26,255.21,168.84,6,3129.1
3589,20250121,20250126,20250128,15,38,5,1,17930.68,896.53,289.45,19,11709.36
3590,20250209,20250214,20250216,14,39,7,3,687.1,0.0,21.41,2,380.06
3591,20240602,20240603,20240604,19,2,8,2,7260.57,0.0,152.61,9,4938.81
3592,20260322,20260324,20260325,6,32,7,1,18751.32,0.0,343.63,18,10523.27
3593,20240908,20240912,20240914,17,6,6,3,11153.2,1115.32,181.65,10,7438.6
3594,20241126,20241128,20241130,7,35,6,1,6393.84,0.0,175.68,12,4399.22
3595,20250213,20250218,20250220,22,24,7,3,4041.52,0.0,85.0,7,2331.78
3596,20251123,20251124,20251125,27,28,7,1,366.45,18.32,6.38,1,207.54
3597,20250920,20250923,20250925,17,29,6,2,2210.31,221.03,85.77,9,1373.47
3598,20251010,20251011,20251013,13,25,5,3,4340.48,0.0,55.11,16,2655.38
3599,20240919,20240922,20240923,30,11,7,1,17278.08,0.0,321.24,16,11403.88
3600,20251203,20251206,20251207,21,33,7,3,7890.09,0.0,195.65,13,4741.05
3601,20251121,20251124,20251125,14,23,5,4,1442.6,0.0,35.9,10,884.44
3602,20250302,20250305,20250306,1,22,7,5,5434.73,0.0,70.79,7,3294.36
3603,20250430,20250503,20250505,1,13,5,1,1009.34,0.0,21.93,2,606.86
3604,20240427,20240430,20240502,7,1,7,1,3045.54,0.0,121.26,6,1928.74
3605,20251002,20251003,20251004,9,23,7,1,3706.56,0.0,100.58,13,2268.99
3606,20260224,20260301,20260303,23,14,5,4,5892.18,0.0,88.85,14,3977.02
3607,20250308,20250313,20250315,17,27,7,2,11984.25,0.0,145.57,19,7706.93
3608,20250426,20250501,20250503,31,15,5,1,3416.21,0.0,95.32,7,2194.58
3609,20250327,20250330,20250331,18,39,6,4,3060.12,0.0,88.67,6,1729.9
3610,20240530,20240601,20240603,29,28,7,1,10583.19,0.0,270.28,9,6213.59
3611,20250623,20250628,20250629,18,19,6,3,7524.96,0.0,298.54,12,4508.02
3612,20250904,20250905,20250907,12,29,8,2,5241.52,262.08,178.07,8,3044.45
3613,20260131,20260205,20260206,23,26,8,3,14833.14,0.0,210.27,14,9357.26
3614,20260202,20260206,20260208,15,25,8,4,4785.44,0.0,143.98,16,3088.07
3615,20250322,20250325,20250326,10,24,5,1,1172.25,58.61,19.06,3,703.42
3616,20260223,20260226,20260228,16,38,5,3,762.08,0.0,30.36,8,465.81
3617,20250418,20250421,20250422,21,13,5,3,2180.1,0.0,51.63,6,1480.94
3618,20250709,20250712,20250713,13,18,7,1,6844.37,0.0,180.8,13,4024.53
3619,20250610,20250612,20250613,23,11,6,4,3593.16,359.32,94.85,9,2432.65
3620,20260324,20260327,20260328,31,23,7,4,5466.45,0.0,173.86,5,3508.1
3621,20250916,20250919,20250921,14,40,6,5,13163.52,0.0,285.76,16,9092.76
3622,20240626,20240627,20240628,10,25,5,4,9070.11,907.01,181.2,9,6155.51
3623,20240522,20240527,20240529,14,9,7,1,867.2,0.0,30.01,8,535.71
3624,20250122,20250126,20250127,27,37,7,2,3076.48,153.82,91.2,4,1856.25
3625,20250408,20250412,20250413,6,32,7,2,4864.93,0.0,172.15,7,2750.38
3626,20250728,20250729,20250730,31,18,6,1,10425.7,0.0,342.26,10,6108.8
3627,20250315,20250318,20250320,14,6,7,2,7907.67,790.77,231.63,9,4637.18
3628,20250408,20250413,20250414,27,17,8,1,3067.56,0.0,47.6,3,1910.63
3629,20260127,20260130,20260201,25,33,7,1,593.37,59.34,15.63,3,348.51
3630,20241129,20241204,20241206,25,24,8,4,20378.75,0.0,660.84,17,14149.17
3631,20250323,20250328,20250330,29,8,6,1,4252.08,425.21,46.63,4,2359.3
3632,20250508,20250510,20250511,6,7,5,3,3812.12,381.21,52.76,4,2580.07
3633,20250305,20250310,20250311,19,39,8,4,2077.35,103.87,23.17,15,1224.36
3634,20260301,20260305,20260307,3,18,6,3,12082.07,604.1,247.07,11,7690.69
3635,20260225,20260226,20260227,10,28,5,1,16578.6,0.0,584.01,15,10652.63
3636,20250406,20250409,20250411,2,15,5,3,2916.56,0.0,90.73,4,1728.59
3637,20250220,20250222,20250223,22,4,6,4,5694.05,0.0,134.11,5,3785.52
3638,20250531,20250605,20250607,20,17,5,4,3405.94,340.59,59.96,19,2281.99
3639,20240809,20240813,20240815,24,28,7,1,1926.94,96.35,45.63,2,1295.04
3640,20250202,20250204,20250205,6,14,7,1,2239.1,223.91,56.03,2,1478.22
3641,20240904,20240906,20240907,11,25,6,3,2285.4,228.54,63.02,3,1484.08
3642,20240714,20240717,20240719,22,18,5,1,3316.96,331.7,126.61,8,2024.03
3643,20240608,20240609,20240611,26,14,5,4,833.1,0.0,21.52,6,482.07
3644,20250530,20250603,20250604,28,11,8,4,19139.11,1913.91,513.49,17,11598.15
3645,20240401,20240406,20240407,3,11,6,4,2010.04,0.0,33.76,4,1245.41
3646,20250712,20250716,20250717,14,11,5,5,9891.31,0.0,356.18,11,6116.9
3647,20250207,20250208,20250209,1,29,7,3,13597.8,0.0,496.79,12,9119.56
3648,20241221,20241222,20241224,26,14,8,5,9883.99,988.4,103.04,19,6611.3
3649,20251009,20251010,20251011,4,30,5,3,1268.19,0.0,29.5,3,741.49
3650,20250425,20250430,20250502,26,13,8,1,5762.1,0.0,84.82,15,3567.46
3651,20250913,20250916,20250917,5,14,7,4,2837.61,0.0,55.52,3,1983.68
3652,20250826,20250828,20250829,1,37,6,4,11206.4,0.0,183.13,16,7127.53
3653,20240424,20240429,20240430,28,36,8,5,12925.26,0.0,443.98,18,7378.02
3654,20240903,20240905,20240907,15,17,6,1,2696.58,0.0,31.06,3,1636.45
3655,20250518,20250519,20250521,14,11,7,1,4848.08,0.0,131.22,8,3185.35
3656,20260307,20260311,20260312,21,29,5,4,433.59,43.36,9.9,1,252.95
3657,20240721,20240726,20240727,10,3,5,1,10272.92,0.0,171.7,19,6661.51
3658,20240616,20240619,20240620,22,19,8,3,3052.44,305.24,90.27,4,1720.22
3659,20260210,20260214,20260215,14,24,8,3,2046.86,0.0,28.8,2,1241.05
3660,20260228,20260305,20260307,10,28,5,1,13204.62,0.0,408.82,13,7554.64
3661,20240731,20240805,20240807,13,5,5,1,15631.65,0.0,388.05,15,8987.53
3662,20250116,20250118,20250120,1,1,7,4,6325.08,0.0,207.92,6,3571.43
3663,20250628,20250629,20250701,11,12,8,1,4393.8,439.38,132.96,6,2624.98
3664,20240820,20240821,20240822,19,5,7,4,17584.05,0.0,191.66,15,11910.27
3665,20241122,20241125,20241126,5,21,7,4,1478.7,0.0,25.1,6,947.54
3666,20250111,20250116,20250117,4,37,6,3,4389.75,219.49,110.95,5,2779.83
3667,20250708,20250712,20250714,21,12,5,2,522.8,0.0,19.18,5,348.54
3668,20241109,20241114,20241116,14,19,8,1,8519.84,0.0,261.97,14,4719.43
3669,20250124,20250127,20250129,5,9,8,4,2984.85,298.48,96.94,9,1804.37
3670,20241027,20241029,20241030,24,2,6,1,17526.75,0.0,610.49,15,11882.24
3671,20251002,20251007,20251008,25,29,7,1,7194.96,0.0,284.11,8,4577.68
3672,20240720,20240724,20240725,2,11,5,5,9159.66,915.97,125.91,9,5857.07
3673,20240914,20240918,20240919,7,22,6,1,9449.04,0.0,265.15,12,6430.1
3674,20240928,20241003,20241004,13,28,5,1,1009.82,0.0,26.24,7,681.63
3675,20260115,20260117,20260118,23,34,6,5,7478.51,0.0,298.39,13,4271.74
3676,20260212,20260215,20260216,3,8,5,1,3121.28,0.0,68.2,4,1731.75
3677,20250328,20250401,20250403,26,24,7,1,2416.8,0.0,49.16,10,1378.42
3678,20240723,20240724,20240725,11,37,5,2,8397.9,839.79,209.92,9,5244.88
3679,20250929,20250930,20251002,4,20,7,4,906.84,90.68,34.43,1,585.73
3680,20250322,20250323,20250324,27,2,7,4,6697.86,334.89,119.27,6,4070.12
3681,20251206,20251209,20251210,3,11,8,4,10685.16,0.0,402.16,12,7409.36
3682,20241217,20241221,20241223,4,32,5,5,4408.2,0.0,170.63,4,2596.0
3683,20260324,20260325,20260326,30,32,6,1,3312.78,0.0,115.39,6,1884.01
3684,20251105,20251106,20251107,17,13,5,3,9864.09,493.2,278.31,9,6896.94
3685,20240909,20240913,20240914,15,8,7,1,438.17,0.0,6.81,1,255.19
3686,20250907,20250908,20250909,22,12,5,5,4617.12,0.0,148.4,12,2817.77
3687,20241025,20241029,20241030,20,10,7,5,2507.34,0.0,56.6,11,1692.94
3688,20241209,20241213,20241215,20,30,8,1,8603.8,0.0,182.0,10,5295.43
3689,20240929,20241001,20241003,1,34,7,4,8415.16,0.0,97.99,13,5765.07
3690,20250807,20250812,20250814,18,2,5,3,6360.48,0.0,172.72,18,3559.49
3691,20241008,20241009,20241010,10,30,6,1,3242.35,0.0,51.32,5,2236.93
3692,20250706,20250710,20250712,26,31,7,3,1008.36,0.0,38.2,4,687.52
3693,20250527,20250528,20250529,17,25,6,5,893.81,44.69,10.96,1,501.79
3694,20250925,20250926,20250928,4,35,6,1,8939.68,0.0,97.66,16,6124.88
3695,20260320,20260323,20260325,28,2,8,1,6524.6,0.0,198.11,19,4534.22
3696,20240407,20240411,20240412,10,28,8,5,3464.6,0.0,101.13,10,2151.08
3697,20260317,20260319,20260320,10,6,6,2,1968.5,0.0,47.93,2,1237.24
3698,20240619,20240624,20240626,30,36,6,2,6733.2,336.66,154.92,10,4155.61
3699,20250416,20250417,20250419,25,20,5,4,2555.31,0.0,63.58,19,1730.16
3700,20241203,20241205,20241207,27,4,6,3,3653.37,0.0,69.09,9,2309.84
3701,20250707,20250710,20250712,21,30,7,1,9442.72,944.27,105.4,14,6126.63
3702,20250904,20250908,20250910,29,30,7,1,11982.16,1198.22,317.13,19,7855.5
3703,20251213,20251218,20251220,4,19,6,4,6977.34,0.0,103.08,6,3885.18
3704,20250116,20250118,20250120,19,13,5,2,8504.87,0.0,128.99,11,5508.74
3705,20260204,20260208,20260209,10,1,5,4,3702.36,0.0,83.9,4,2240.24
3706,20241120,20241122,20241124,13,37,5,4,6212.22,310.61,160.4,7,3790.42
3707,20240826,20240831,20240901,9,8,5,1,4676.52,233.83,155.19,6,2997.67
3708,20241231,20250103,20250104,7,34,5,4,9178.96,0.0,281.65,8,5614.02
3709,20250418,20250419,20250420,15,24,7,4,551.46,0.0,7.96,3,374.12
3710,20250728,20250801,20250803,29,28,8,5,2790.6,0.0,46.34,6,1537.78
3711,20251124,20251128,20251129,21,28,8,1,6041.07,302.05,143.41,9,3925.85
3712,20240910,20240913,20240914,12,35,7,1,8319.29,0.0,98.84,17,5174.92
3713,20241106,20241110,20241111,15,2,6,4,4814.8,0.0,68.2,8,2860.1
3714,20260208,20260209,20260210,17,40,8,5,3067.86,0.0,51.03,6,1972.28
3715,20250212,20250215,20250217,9,2,5,5,1178.8,0.0,31.6,8,755.65
3716,20240922,20240924,20240926,17,40,7,2,5679.04,283.95,137.91,16,3846.28
3717,20260314,20260317,20260319,22,11,8,3,3189.48,159.47,65.88,14,2210.91
3718,20250219,20250224,20250225,9,34,7,1,3631.26,0.0,43.24,6,2387.01
3719,20260314,20260317,20260319,19,4,6,4,527.72,0.0,20.49,2,367.28
3720,20260125,20260127,20260129,23,19,7,4,6773.2,677.32,152.68,10,4725.41
3721,20260116,20260118,20260120,17,22,8,4,13777.44,0.0,453.16,16,9575.09
3722,20250526,20250528,20250530,10,39,5,1,14283.63,714.18,555.95,19,9015.92
3723,20251030,20251031,20251101,18,5,7,5,171.28,0.0,6.0,1,118.39
3724,20260224,20260227,20260301,25,2,5,1,13104.9,1310.49,189.86,18,7393.79
3725,20241012,20241017,20241018,7,26,5,2,947.03,0.0,33.33,1,654.35
3726,20240428,20240503,20240505,19,2,8,3,10280.71,0.0,339.24,11,6815.67
3727,20241118,20241120,20241122,22,32,6,3,1161.18,116.12,42.45,9,740.94
3728,20250705,20250707,20250709,11,2,5,4,9128.64,0.0,181.13,8,6075.79
3729,20250501,20250503,20250505,13,39,6,3,4058.46,0.0,92.95,7,2428.35
3730,20240529,20240602,20240603,28,22,5,1,1043.84,52.19,37.1,1,670.85
3731,20250511,20250514,20250516,12,38,8,1,1946.96,0.0,62.68,4,1230.92
3732,20240805,20240808,20240810,19,6,8,3,12004.85,0.0,437.69,13,7418.9
3733,20250401,20250403,20250405,5,11,5,4,4217.07,421.71,135.16,13,2541.04
3734,20250522,20250524,20250525,29,19,5,3,14016.84,0.0,300.07,17,9607.15
3735,20250705,20250709,20250711,19,2,8,2,6640.02,0.0,247.06,18,3752.89
3736,20250124,20250127,20250129,24,5,8,1,6893.76,689.38,265.73,6,4184.69
3737,20250121,20250124,20250125,20,14,8,4,6474.82,0.0,243.01,11,4235.8
3738,20250804,20250807,20250808,12,30,7,2,8083.44,808.34,252.45,18,4605.11
3739,20250924,20250929,20251001,12,29,8,3,2868.08,0.0,108.66,8,1990.43
3740,20251105,20251107,20251109,23,4,6,2,234.6,23.46,8.31,1,150.53
3741,20241128,20241130,20241202,27,3,8,1,8250.77,0.0,150.77,11,4690.55
3742,20250201,20250206,20250207,4,27,8,1,13981.56,0.0,514.01,12,9569.38
3743,20241126,20241130,20241202,27,15,5,1,4239.35,423.94,55.28,5,2745.92
3744,20250417,20250422,20250424,26,32,5,4,6001.62,600.16,127.25,6,3910.12
3745,20240701,20240703,20240705,4,12,7,1,2358.07,0.0,86.25,11,1646.68
3746,20250205,20250207,20250208,4,15,8,1,1273.16,0.0,37.28,14,778.88
3747,20240815,20240819,20240821,22,9,8,5,1327.9,0.0,38.75,5,797.53
3748,20250420,20250421,20250423,27,11,5,2,6682.3,334.12,186.01,10,4195.56
3749,20251206,20251210,20251212,13,29,6,3,330.87,33.09,7.51,3,202.33
3750,20260314,20260317,20260318,21,19,8,2,1864.53,93.23,55.68,9,1169.19
3751,20250217,20250218,20250219,31,27,5,1,2698.32,269.83,57.15,12,1732.22
3752,20240511,20240516,20240518,11,4,7,1,5440.68,0.0,72.42,9,3053.41
3753,20240912,20240916,20240917,7,22,6,4,2389.48,119.47,74.11,2,1474.62
3754,20240615,20240620,20240622,31,19,5,2,1998.8,0.0,36.35,2,1351.43
3755,20251002,20251003,20251005,10,37,5,4,5129.65,0.0,180.15,5,3340.14
3756,20260313,20260317,20260319,16,17,7,5,5680.85,0.0,184.53,7,3859.03
3757,20250506,20250511,20250513,15,5,8,1,16206.24,810.31,294.2,19,11279.91
3758,20240806,20240811,20240812,17,28,5,4,2271.42,227.14,56.99,18,1527.17
3759,20240416,20240419,20240420,10,6,6,1,2012.88,0.0,44.01,3,1406.66
3760,20260307,20260310,20260312,22,37,5,2,5971.13,0.0,84.62,11,3541.68
3761,20241115,20241120,20241122,22,16,7,4,6754.44,675.44,190.48,6,4038.78
3762,20240620,20240625,20240627,7,32,8,1,6477.12,0.0,114.5,9,3689.19
3763,20240806,20240809,20240811,16,27,8,5,14359.5,717.98,570.0,18,8783.59
3764,20241002,20241003,20241004,2,19,6,3,3890.88,0.0,48.15,14,2697.83
3765,20250719,20250724,20250726,8,24,6,2,4683.14,234.16,164.44,14,2603.77
3766,20260105,20260106,20260107,31,8,6,1,2500.8,0.0,65.61,3,1590.78
3767,20241016,20241017,20241019,17,3,8,3,502.42,25.12,19.6,1,292.56
3768,20250810,20250811,20250812,20,31,6,2,11684.68,0.0,234.39,14,6749.77
3769,20240517,20240521,20240523,28,39,5,1,9434.26,0.0,108.19,11,6253.96
3770,20240408,20240412,20240413,23,35,8,2,2002.8,0.0,27.66,3,1391.14
3771,20240510,20240513,20240515,25,13,5,1,4299.88,0.0,142.97,13,2907.57
3772,20260128,20260129,20260130,23,15,8,5,736.64,0.0,16.63,2,443.0
3773,20250526,20250530,20250601,16,15,5,1,5813.46,0.0,125.81,9,3258.29
3774,20251104,20251105,20251107,20,29,7,2,1172.22,0.0,13.25,1,801.21
3775,20240416,20240417,20240419,10,25,6,4,19491.72,0.0,568.88,19,12758.08
3776,20240417,20240418,20240420,28,32,7,4,3096.6,154.83,56.61,15,2007.15
3777,20251205,20251207,20251208,6,38,6,4,4549.16,227.46,163.65,7,3130.45
3778,20240614,20240618,20240619,28,16,6,5,3572.24,357.22,57.64,14,1993.23
3779,20240722,20240727,20240728,28,27,6,1,7621.11,0.0,144.66,9,4283.13
3780,20250411,20250412,20250413,5,21,8,2,10478.76,0.0,244.5,12,7095.75
3781,20250613,20250616,20250618,23,39,5,4,4598.24,229.91,143.08,8,3064.98
3782,20240913,20240916,20240918,31,15,5,1,1033.3,0.0,38.41,1,651.45
3783,20250216,20250219,20250221,19,8,5,4,2988.3,0.0,74.07,10,2044.51
3784,20250801,20250804,20250806,12,16,7,1,10621.26,0.0,378.45,17,7352.65
3785,20250215,20250220,20250222,28,25,7,5,2223.9,0.0,61.26,7,1378.81
3786,20250102,20250107,20250109,17,39,7,4,1399.36,0.0,26.23,8,885.37
3787,20240522,20240524,20240525,4,34,5,3,6880.1,0.0,70.82,10,4262.03
3788,20250221,20250222,20250224,9,1,8,2,4314.72,0.0,88.71,4,2725.18
3789,20251102,20251105,20251106,22,21,8,5,2061.6,0.0,29.12,12,1253.47
3790,20250628,20250702,20250704,15,7,8,4,5022.22,502.22,170.88,7,3159.34
3791,20260106,20260110,20260111,8,15,8,4,2578.41,0.0,71.34,3,1589.73
3792,20240701,20240704,20240706,25,38,6,4,6924.16,346.21,249.5,8,4580.45
3793,20240408,20240411,20240413,4,40,7,1,3199.1,159.96,51.7,10,1894.48
3794,20250502,20250503,20250505,7,7,6,1,2488.14,248.81,27.14,3,1531.53
3795,20240808,20240810,20240812,15,6,7,1,6907.8,345.39,245.81,15,4720.84
3796,20250604,20250609,20250611,2,28,6,4,12784.07,1278.41,393.71,13,7460.59
3797,20260114,20260116,20260117,13,17,7,3,4547.4,227.37,55.25,4,2635.65
3798,20241130,20241203,20241205,29,18,8,1,9246.6,462.33,123.94,9,5171.66
3799,20250503,20250508,20250510,30,35,7,5,2495.88,0.0,80.21,3,1594.88
3800,20250806,20250809,20250810,28,37,8,1,737.1,0.0,23.02,2,471.4
3801,20240718,20240720,20240721,11,37,8,4,4373.82,437.38,72.63,18,2630.94
3802,20260109,20260114,20260115,2,32,5,2,412.11,0.0,6.81,1,262.03
3803,20240825,20240826,20240827,26,40,8,2,13715.25,0.0,438.07,15,9552.34
3804,20251106,20251111,20251113,13,29,8,1,1186.44,118.64,28.87,1,755.29
3805,20250722,20250725,20250727,24,36,6,4,283.52,0.0,9.38,1,192.94
3806,20240711,20240714,20240716,4,22,7,4,1123.62,0.0,23.4,3,668.2
3807,20250907,20250911,20250913,22,3,7,1,6926.32,0.0,82.13,8,3813.07
3808,20240821,20240822,20240823,19,33,8,3,3960.22,198.01,144.27,11,2352.56
3809,20250608,20250611,20250613,29,38,8,3,327.04,0.0,8.34,4,219.22
3810,20260223,20260228,20260301,4,13,5,2,20308.88,0.0,382.25,17,12889.13
3811,20260219,20260224,20260226,14,18,5,3,14998.22,1499.82,557.93,19,9629.58
3812,20251221,20251225,20251226,31,23,5,2,10344.18,0.0,180.65,14,6672.31
3813,20250324,20250326,20250328,13,27,7,4,21015.33,2101.53,741.48,19,11624.97
3814,20250510,20250512,20250514,21,27,8,4,13463.76,0.0,378.22,12,8679.04
3815,20241104,20241109,20241111,5,16,7,1,7123.84,0.0,78.48,8,4810.7
3816,20260126,20260128,20260130,23,35,5,4,1648.94,164.89,18.63,2,946.45
3817,20250312,20250315,20250317,10,33,7,1,640.26,0.0,17.36,2,393.72
3818,20251010,20251014,20251015,19,38,6,5,15698.65,0.0,439.03,17,10273.46
3819,20241217,20241221,20241222,28,24,6,3,1855.0,0.0,59.79,5,1140.53
3820,20250918,20250920,20250922,21,4,8,1,2375.57,0.0,34.78,19,1597.45
3821,20240910,20240912,20240913,16,34,6,4,7744.2,387.21,95.81,10,5169.72
3822,20250913,20250916,20250917,6,4,7,1,12165.28,1216.53,385.92,16,7969.47
3823,20240504,20240506,20240507,12,8,5,4,3805.38,190.27,139.32,18,2262.79
3824,20240615,20240620,20240621,27,12,6,5,5254.9,525.49,153.69,14,2929.63
3825,20241211,20241213,20241215,7,8,7,4,1638.72,81.94,18.06,2,906.93
3826,20250315,20250320,20250322,21,29,7,3,163.72,0.0,3.97,2,107.04
3827,20250828,20250902,20250904,16,18,8,3,9575.28,0.0,365.56,8,6199.43
3828,20241216,20241219,20241220,11,9,6,2,12056.64,602.83,241.33,19,7826.93
3829,20240414,20240419,20240420,23,1,8,1,7503.12,0.0,113.32,12,5146.42
3830,20241122,20241125,20241126,12,9,8,5,2246.85,0.0,71.48,9,1250.97
3831,20250212,20250216,20250217,10,28,6,1,5140.59,0.0,99.31,7,3058.38
3832,20250429,20250504,20250505,17,32,5,1,4557.14,0.0,153.63,14,3116.89
3833,20250710,20250715,20250717,24,12,6,1,1859.34,0.0,29.19,7,1096.86
3834,20240927,20240930,20241001,27,3,7,5,4786.08,0.0,88.74,8,2809.47
3835,20250616,20250618,20250619,20,23,8,5,5916.12,0.0,191.01,14,3887.69
3836,20250701,20250705,20250706,21,32,7,1,20682.36,0.0,405.74,18,13818.92
3837,20251014,20251015,20251017,25,3,7,1,2391.9,0.0,85.36,15,1638.17
3838,20250413,20250418,20250419,10,32,5,4,2564.12,0.0,53.36,4,1497.71
3839,20251108,20251111,20251112,9,7,7,2,3164.91,0.0,88.7,3,1864.89
3840,20240908,20240911,20240912,16,11,8,5,20317.32,0.0,398.56,18,11884.14
3841,20250828,20250901,20250903,20,25,6,5,12153.84,607.69,146.4,12,7293.88
3842,20240504,20240509,20240510,21,3,8,4,3946.48,197.32,104.25,8,2698.23
3843,20240614,20240618,20240619,5,13,5,1,2636.25,131.81,90.96,5,1775.48
3844,20251217,20251220,20251222,25,6,8,4,11244.31,562.22,357.43,17,7794.57
3845,20250310,20250312,20250314,12,9,8,5,1813.14,0.0,54.38,6,1145.46
3846,20250623,20250624,20250626,28,31,7,2,910.38,0.0,21.01,3,532.56
3847,20250611,20250615,20250617,23,10,7,4,1667.88,0.0,29.73,12,989.77
3848,20250816,20250817,20250818,31,2,8,2,417.3,41.73,13.24,2,279.98
3849,20240925,20240926,20240927,20,9,6,5,3262.32,326.23,118.75,4,1925.88
3850,20240807,20240809,20240810,17,4,5,4,1715.52,0.0,27.36,3,1030.79
3851,20240501,20240502,20240503,6,25,8,1,2741.44,0.0,98.01,13,1620.37
3852,20251217,20251219,20251221,13,39,5,2,2710.6,0.0,92.48,4,1581.28
3853,20240909,20240910,20240911,27,7,7,1,2955.57,0.0,94.7,3,1729.57
3854,20250521,20250526,20250527,13,30,6,2,12818.85,1281.89,493.39,11,8350.91
3855,20250223,20250226,20250227,2,15,8,5,5023.33,251.17,178.83,17,3354.37
3856,20240727,20240801,20240803,9,3,8,1,17343.72,0.0,510.96,18,11674.65
3857,20250125,20250128,20250130,19,28,6,5,11142.15,0.0,405.67,15,6144.75
3858,20240531,20240603,20240605,20,9,7,1,9989.56,0.0,161.46,14,6281.45
3859,20240806,20240811,20240812,31,21,6,4,2455.5,0.0,70.49,3,1554.86
3860,20240710,20240714,20240716,30,21,6,5,5575.92,0.0,176.44,7,3085.95
3861,20251118,20251123,20251125,17,24,8,4,9047.9,452.4,250.99,10,6213.53
3862,20250516,20250519,20250520,18,6,6,4,2908.19,0.0,83.38,17,1971.18
3863,20260130,20260202,20260203,26,11,8,5,1419.84,0.0,34.12,6,835.8
3864,20250210,20250213,20250214,2,30,7,3,7841.88,0.0,92.25,18,4549.56
3865,20240824,20240825,20240826,19,38,8,4,1566.15,0.0,42.03,3,957.32
3866,20250615,20250616,20250617,16,1,7,1,14255.28,0.0,320.9,12,8625.27
3867,20260202,20260207,20260209,25,17,8,2,6393.4,639.34,179.33,13,3707.68
3868,20250421,20250425,20250427,26,36,6,1,8378.4,418.92,262.22,8,5500.23
3869,20240413,20240416,20240417,21,12,6,4,4109.5,0.0,55.03,10,2628.46
3870,20241106,20241109,20241111,21,18,6,4,2180.02,0.0,33.65,2,1455.6
3871,20260129,20260202,20260204,22,37,5,3,12542.04,0.0,322.11,14,8000.14
3872,20250410,20250412,20250413,19,39,5,5,5661.2,283.06,205.2,8,3929.16
3873,20260218,20260220,20260221,8,27,6,1,3244.43,0.0,116.62,7,1863.94
3874,20250404,20250406,20250408,10,28,8,5,16195.36,809.77,539.37,16,10007.85
3875,20240409,20240411,20240412,24,25,8,1,7564.06,0.0,88.17,7,4880.17
3876,20251223,20251226,20251228,20,12,7,1,10280.53,1028.05,312.1,13,6103.18
3877,20251004,20251006,20251007,9,36,6,3,2904.39,0.0,99.66,9,1639.96
3878,20250831,20250904,20250906,28,2,7,1,932.47,0.0,18.38,1,591.85
3879,20260303,20260305,20260306,31,3,8,4,2161.5,0.0,33.05,10,1456.64
3880,20240820,20240824,20240826,20,25,5,4,4009.35,0.0,119.59,15,2795.61
3881,20260115,20260119,20260120,8,34,8,4,7238.56,361.93,216.12,14,4790.82
3882,20240916,20240920,20240922,30,33,8,1,9063.18,453.16,352.56,9,5406.77
3883,20260303,20260305,20260307,9,28,8,1,304.15,0.0,10.25,1,187.33
3884,20240817,20240822,20240823,14,16,5,1,6412.14,0.0,88.93,18,3952.22
3885,20250503,20250505,20250507,27,15,8,2,2425.6,121.28,52.67,10,1418.72
3886,20251023,20251024,20251026,17,18,7,1,7339.86,366.99,76.32,11,4746.82
3887,20240527,20240528,20240530,9,11,7,1,9403.05,940.3,365.32,15,6254.49
3888,20240519,20240522,20240524,3,17,5,4,7226.38,0.0,185.41,7,4724.47
3889,20251206,20251209,20251211,12,5,6,5,9598.23,0.0,217.47,9,5372.41
3890,20240514,20240515,20240516,22,13,6,4,5358.22,0.0,196.06,14,3096.74
3891,20250618,20250621,20250623,23,38,8,1,727.49,72.75,8.47,1,432.45
3892,20260208,20260211,20260213,8,29,6,3,1859.45,185.95,35.59,5,1159.26
3893,20250619,20250623,20250625,5,6,5,1,6867.6,0.0,155.88,6,4526.07
3894,20250314,20250318,20250320,23,12,8,2,1032.6,0.0,27.82,6,622.04
3895,20250127,20250130,20250131,5,11,5,2,7041.28,0.0,259.28,8,4480.75
3896,20250706,20250711,20250713,2,12,8,5,8121.0,0.0,261.05,12,4602.06
3897,20250519,20250521,20250522,16,28,8,3,6762.09,0.0,123.2,17,4542.48
3898,20250329,20250331,20250402,19,36,6,1,4576.08,228.8,135.87,6,2922.94
3899,20240721,20240723,20240725,9,29,7,3,8137.13,813.71,129.89,19,5041.65
3900,20250724,20250726,20250728,8,20,8,5,5061.12,0.0,52.61,16,3394.86
3901,20250917,20250922,20250923,9,7,7,1,15314.32,0.0,466.0,14,8536.41
3902,20250826,20250829,20250831,12,6,7,4,7545.44,377.27,252.56,8,4498.9
3903,20240525,20240526,20240528,1,33,5,1,5635.42,281.77,161.96,7,3871.86
3904,20250822,20250823,20250825,1,28,7,1,726.72,72.67,18.56,2,479.38
3905,20250910,20250911,20250912,13,21,7,4,8859.42,885.94,96.32,18,5304.59
3906,20240811,20240812,20240814,1,24,7,1,10888.7,1088.87,364.11,10,6774.27
3907,20251205,20251207,20251209,11,34,8,4,17792.71,0.0,392.16,17,10709.99
3908,20250414,20250419,20250421,19,33,8,1,1343.36,0.0,52.2,4,860.95
3909,20250308,20250312,20250314,1,4,7,3,2812.08,0.0,45.92,8,1586.03
3910,20250905,20250909,20250911,20,16,6,3,2065.02,206.5,78.9,2,1289.63
3911,20250404,20250406,20250407,20,2,6,4,14086.66,704.33,209.56,14,8205.49
3912,20250429,20250504,20250506,19,16,5,4,1737.06,0.0,51.29,3,1049.92
3913,20241112,20241113,20241115,20,26,7,4,18897.02,944.85,579.41,19,10505.62
3914,20260131,20260204,20260205,26,9,6,2,1127.92,112.79,14.46,2,691.44
3915,20260302,20260307,20260308,3,7,8,1,7010.72,0.0,266.69,16,3915.81
3916,20240704,20240709,20240710,6,20,8,3,2916.48,0.0,107.72,12,1636.16
3917,20250913,20250916,20250918,11,21,8,2,21488.4,2148.84,444.56,18,12627.7
3918,20240417,20240421,20240423,22,29,8,1,2532.69,0.0,30.09,9,1645.07
3919,20241223,20241224,20241226,28,1,6,5,417.64,0.0,6.37,1,250.52
3920,20260303,20260307,20260308,29,10,6,1,205.91,0.0,2.84,1,127.83
3921,20240805,20240807,20240809,19,32,7,1,1265.4,0.0,37.48,3,768.67
3922,20241229,20250102,20250104,14,28,6,5,17310.42,0.0,399.93,18,9676.62
3923,20240906,20240910,20240911,14,36,6,3,5525.6,552.56,213.0,8,3132.09
3924,20250909,20250914,20250915,2,33,7,4,17578.23,0.0,652.27,19,10525.11
3925,20250302,20250306,20250307,15,34,6,1,8443.68,422.18,264.07,8,5669.71
3926,20250603,20250604,20250605,17,21,8,2,5532.99,276.65,69.56,17,3757.7
3927,20260211,20260215,20260216,8,39,5,3,7790.6,0.0,196.17,10,4879.24
3928,20250412,20250417,20250418,25,17,6,1,6775.02,0.0,231.4,9,3756.55
3929,20250913,20250917,20250918,26,37,7,4,3951.01,395.1,128.6,7,2482.94
3930,20240610,20240611,20240613,11,16,8,1,787.14,39.36,25.04,1,454.14
3931,20240903,20240905,20240907,29,18,7,1,177.24,8.86,5.75,1,113.54
3932,20260214,20260217,20260219,4,28,5,1,742.6,0.0,25.17,1,437.02
3933,20251213,20251216,20251217,29,16,6,1,11026.26,551.31,244.42,14,6085.69
3934,20250719,20250723,20250725,25,6,8,1,4102.24,0.0,112.17,4,2579.71
3935,20241230,20250103,20250105,7,36,6,4,938.78,0.0,12.92,2,646.02
3936,20240823,20240827,20240828,21,19,6,3,1682.72,0.0,60.43,2,1134.2
3937,20251207,20251209,20251210,11,38,5,1,4182.99,0.0,118.12,7,2304.41
3938,20251020,20251025,20251026,25,16,7,3,7270.05,727.01,254.19,15,5053.62
3939,20240922,20240924,20240926,5,39,5,1,1034.4,51.72,38.2,2,703.55
3940,20250601,20250603,20250604,9,25,6,2,2300.04,230.0,61.05,18,1322.6
3941,20250622,20250623,20250625,11,31,7,4,1114.8,0.0,33.61,3,744.44
3942,20250312,20250316,20250318,6,31,8,4,1876.76,93.84,36.39,2,1204.02
3943,20260130,20260202,20260204,11,9,5,4,3141.44,0.0,85.08,16,2019.97
3944,20240629,20240704,20240705,20,33,6,1,14878.23,743.91,298.76,17,9321.9
3945,20241004,20241007,20241009,20,38,5,1,19121.28,0.0,644.48,16,12522.77
3946,20240608,20240612,20240613,18,27,6,4,5285.4,0.0,141.01,15,3342.59
3947,20250814,20250817,20250818,6,38,8,3,14044.32,0.0,489.23,12,9473.67
3948,20250710,20250715,20250717,8,34,6,3,13451.36,0.0,479.85,16,7962.66
3949,20260315,20260317,20260318,29,27,6,5,2860.2,0.0,55.96,14,1875.34
3950,20250428,20250501,20250503,9,20,6,1,1655.63,82.78,62.53,17,970.02
3951,20240718,20240719,20240720,4,35,8,4,13860.7,0.0,151.96,14,9152.41
3952,20250220,20250224,20250226,15,8,7,3,9367.95,468.4,171.38,19,6553.99
3953,20240603,20240607,20240608,1,23,7,1,1688.92,0.0,65.29,4,1073.67
3954,20250730,20250731,20250801,12,33,8,1,1153.25,0.0,13.7,5,745.56
3955,20250801,20250806,20250808,27,38,7,3,11332.92,0.0,397.72,12,6297.76
3956,20251212,20251216,20251217,10,11,7,1,1536.12,0.0,41.21,9,981.68
3957,20241202,20241205,20241206,23,4,7,4,20021.94,2002.19,620.12,18,13152.53
3958,20241111,20241113,20241114,16,14,7,4,3306.19,0.0,73.46,19,1990.65
3959,20240522,20240526,20240528,12,35,5,2,4716.96,0.0,157.23,12,2655.74
3960,20250126,20250127,20250129,21,21,6,3,5224.24,261.21,156.66,7,3652.66
3961,20250310,20250314,20250316,19,3,8,3,1871.92,93.6,47.37,8,1137.31
3962,20250928,20250929,20251001,11,5,5,2,11740.32,0.0,421.13,18,7859.16
3963,20250927,20250930,20251001,8,14,8,4,9388.96,469.45,253.73,14,5326.97
3964,20240711,20240713,20240714,29,14,7,1,11369.71,0.0,137.05,11,6306.75
3965,20241024,20241027,20241029,6,6,6,5,5630.4,0.0,187.51,17,3310.57
3966,20250405,20250408,20250409,30,20,5,1,2464.95,123.25,29.38,15,1458.19
3967,20241129,20241203,20241204,16,20,8,1,5391.9,0.0,190.29,5,3436.48
3968,20240419,20240422,20240423,31,8,5,4,11160.0,0.0,331.89,16,6617.52
3969,20251203,20251206,20251207,12,10,7,1,19747.98,0.0,740.62,18,11400.11
3970,20250911,20250912,20250913,18,27,5,1,13024.44,0.0,174.26,13,8640.76
3971,20250412,20250414,20250415,20,39,8,1,5625.81,562.58,99.09,9,3176.18
3972,20241116,20241120,20241122,12,40,5,4,16408.78,0.0,327.98,19,11475.58
3973,20251201,20251205,20251206,8,23,8,3,1397.35,0.0,44.95,5,818.22
3974,20240426,20240428,20240430,17,2,7,1,4039.08,403.91,58.47,6,2618.12
3975,20250217,20250221,20250222,21,36,5,2,3741.52,374.15,146.74,8,2446.83
3976,20251101,20251102,20251103,9,39,7,1,980.38,0.0,25.73,2,642.17
3977,20260219,20260220,20260222,25,12,8,5,2225.66,0.0,37.93,2,1267.47
3978,20240929,20241001,20241003,21,17,5,1,3095.31,0.0,105.1,3,1807.85
3979,20250715,20250718,20250719,5,2,8,3,3794.91,0.0,49.07,7,2112.82
3980,20240816,20240819,20240821,30,33,8,2,15704.07,0.0,521.01,19,9487.88
3981,20240623,20240624,20240625,2,32,7,3,18300.48,0.0,712.42,16,10520.29
3982,20241212,20241213,20241214,21,1,6,5,4693.08,234.65,70.9,6,2677.51
3983,20251231,20260104,20260106,15,29,5,1,2668.02,0.0,40.39,6,1855.93
3984,20250812,20250814,20250815,21,17,6,4,18841.92,0.0,231.14,16,11877.87
3985,20250320,20250321,20250323,25,22,8,2,9496.56,0.0,335.36,12,5920.7
3986,20241022,20241023,20241024,22,9,7,4,4514.79,451.48,74.28,7,3159.33
3987,20240712,20240713,20240714,21,33,7,2,1847.67,184.77,28.72,11,1272.5
3988,20241013,20241015,20241016,27,17,8,1,11080.48,1108.05,234.75,16,7531.9
3989,20240720,20240725,20240726,23,34,6,1,9274.23,0.0,221.55,9,5348.45
3990,20240814,20240819,20240820,26,6,5,1,1614.12,161.41,34.94,4,1010.44
3991,20250811,20250813,20250815,14,24,8,5,2197.6,219.76,31.09,2,1211.45
3992,20240705,20240706,20240708,7,13,7,4,10258.67,0.0,139.11,19,6212.26
3993,20240505,20240506,20240507,9,39,7,1,13196.83,0.0,276.29,19,7490.53
3994,20250428,20250430,20250502,20,23,7,3,5551.0,0.0,87.48,10,3167.4
3995,20241025,20241029,20241030,17,29,8,4,10932.6,0.0,368.44,12,7392.22
3996,20250223,20250226,20250228,3,4,8,2,9064.08,0.0,283.45,18,5834.88
3997,20240711,20240716,20240717,7,28,7,2,1122.99,0.0,37.47,11,784.13
3998,20240830,20240902,20240903,31,5,8,4,10700.82,0.0,414.61,9,6831.92
3999,20250213,20250214,20250216,23,15,6,1,9392.76,0.0,106.41,13,5744.33
4000,20250812,20250817,20250819,24,9,7,3,4541.38,0.0,116.75,17,3047.79
4001,20250125,20250128,20250130,6,1,8,1,6658.2,0.0,175.98,18,4323.95
4002,20250427,20250501,20250503,2,24,5,1,1541.56,0.0,15.55,4,1013.52
4003,20250413,20250416,20250417,10,10,7,4,4492.24,0.0,128.93,4,3071.16
4004,20241012,20241017,20241018,27,21,7,4,18011.05,0.0,422.87,19,12104.04
4005,20241020,20241024,20241025,17,31,7,5,8531.04,0.0,143.9,14,5701.2
4006,20250202,20250205,20250207,25,8,8,1,1673.82,0.0,66.51,17,965.32
4007,20240424,20240425,20240427,16,29,6,4,8659.56,0.0,114.75,14,4941.81
4008,20250809,20250812,20250814,16,12,5,5,5532.45,553.24,216.65,11,3716.96
4009,20250619,20250623,20250624,20,14,5,3,4960.32,0.0,153.13,8,3061.03
4010,20241108,20241109,20241110,30,24,8,5,13774.59,0.0,307.58,17,8974.73
4011,20241227,20241228,20241229,15,26,7,5,8039.3,0.0,122.26,17,5512.6
4012,20241124,20241128,20241130,19,27,7,4,10349.13,517.46,395.5,11,6809.89
4013,20250715,20250717,20250718,29,8,6,5,2088.63,104.43,73.1,3,1394.0
4014,20251002,20251004,20251005,13,24,6,3,4181.6,209.08,148.51,10,2616.78
4015,20240618,20240623,20240624,27,11,8,2,5596.64,559.66,214.47,14,3696.25
4016,20250124,20250126,20250128,18,12,7,5,1185.32,59.27,20.07,2,828.82
4017,20240410,20240412,20240413,28,38,8,4,1295.94,0.0,18.1,3,785.89
4018,20250221,20250226,20250228,16,5,8,1,5945.16,0.0,157.57,13,4119.42
4019,20240927,20240930,20241002,20,17,8,1,3491.8,0.0,103.35,17,2091.11
4020,20241129,20241202,20241203,11,18,7,1,4496.76,449.68,167.06,6,2583.54
4021,20250225,20250228,20250301,21,10,5,4,1087.57,108.76,24.47,1,721.15
4022,20241121,20241126,20241127,11,32,7,1,6213.16,0.0,199.53,17,3750.41
4023,20250110,20250114,20250116,20,20,7,1,20937.78,1046.89,257.12,18,14401.95
4024,20251005,20251008,20251010,25,29,7,3,2354.9,0.0,72.09,10,1344.6
4025,20251107,20251111,20251113,15,16,5,1,6287.82,314.39,139.32,6,3585.24
4026,20240405,20240410,20240412,14,36,8,5,4539.71,0.0,128.65,7,2502.24
4027,20241230,20250101,20250102,11,30,8,2,16416.16,820.81,313.6,16,10586.06
4028,20251204,20251208,20251210,23,14,6,1,3611.93,361.19,127.52,7,2436.78
4029,20250419,20250423,20250424,19,39,6,1,4084.95,0.0,117.86,5,2471.72
4030,20240827,20240829,20240831,17,35,5,4,18079.36,1807.94,652.02,16,11950.46
4031,20250604,20250606,20250608,1,24,8,3,7347.67,734.77,118.29,11,4133.12
4032,20240714,20240716,20240718,4,1,5,2,4607.82,0.0,169.08,14,2998.15
4033,20240416,20240419,20240421,1,24,6,1,3610.36,180.52,120.58,4,2027.78
4034,20250702,20250704,20250705,27,28,6,5,3378.87,0.0,49.06,3,1967.3
4035,20250408,20250410,20250412,27,15,6,4,7126.91,712.69,74.64,7,4844.51
4036,20250929,20250930,20251002,3,6,7,4,996.9,0.0,36.87,6,626.52
4037,20241206,20241207,20241208,2,23,8,2,9239.76,0.0,305.63,12,6337.67
4038,20251209,20251212,20251213,25,33,8,5,13326.95,1332.7,325.25,13,8537.34
4039,20250130,20250131,20250201,17,13,7,4,1038.12,0.0,19.25,4,699.19
4040,20250916,20250917,20250918,11,19,5,2,754.72,37.74,20.98,1,443.65
4041,20240612,20240613,20240615,20,1,8,5,1805.19,0.0,38.54,3,1164.27
4042,20240610,20240612,20240613,9,29,6,4,13895.28,694.76,371.14,18,8626.38
4043,20251018,20251021,20251023,6,35,8,4,7904.6,0.0,266.0,11,4810.83
4044,20251124,20251127,20251129,13,32,6,4,2400.66,0.0,80.18,3,1411.16
4045,20260211,20260215,20260216,28,18,7,2,15579.46,0.0,400.12,13,9282.37
4046,20241121,20241122,20241124,25,2,6,3,7099.2,709.92,105.16,16,3975.87
4047,20240417,20240421,20240422,6,20,6,1,743.06,0.0,10.78,2,412.4
4048,20260310,20260315,20260316,18,38,5,3,8497.79,0.0,106.34,17,5830.35
4049,20250609,20250612,20250613,28,4,7,2,1803.2,0.0,37.81,10,1087.35
4050,20240926,20240930,20241002,30,9,6,1,5192.8,259.64,74.74,8,3443.63
4051,20251005,20251009,20251010,24,34,8,5,863.07,0.0,20.2,1,547.39
4052,20260114,20260115,20260116,4,23,6,1,12557.48,0.0,457.14,13,8705.57
4053,20241023,20241026,20241028,9,7,8,4,8320.29,832.03,261.87,19,4890.54
4054,20251009,20251010,20251011,8,1,6,1,1284.0,0.0,15.54,15,875.56
4055,20251022,20251026,20251027,5,17,6,1,3394.56,0.0,85.39,13,2314.6
4056,20250329,20250401,20250402,6,24,5,1,7661.83,0.0,244.07,11,4271.81
4057,20250702,20250704,20250705,11,34,7,2,14421.0,0.0,482.12,19,8403.45
4058,20241012,20241017,20241018,18,36,5,2,2348.22,117.41,24.6,6,1582.8
4059,20260201,20260203,20260205,13,19,6,1,8163.43,0.0,112.09,11,5023.9
4060,20260312,20260315,20260317,14,17,8,4,6474.66,323.73,96.34,6,4242.76
4061,20260311,20260315,20260317,9,38,7,2,1886.28,0.0,27.21,11,1266.78
4062,20250915,20250916,20250917,5,32,7,1,12178.56,0.0,237.65,16,7430.58
4063,20240501,20240502,20240503,31,9,8,1,4385.16,438.52,46.48,6,2798.52
4064,20241221,20241222,20241223,19,28,8,1,5093.46,0.0,144.31,6,3557.55
4065,20250216,20250220,20250222,7,29,8,1,12291.24,0.0,419.91,13,7480.33
4066,20260223,20260227,20260228,26,10,7,1,4098.69,0.0,87.05,9,2861.62
4067,20250501,20250504,20250506,26,40,6,4,5471.76,0.0,182.86,12,3671.1
4068,20250423,20250426,20250427,31,12,5,4,1073.93,53.7,40.05,13,731.08
4069,20240716,20240721,20240723,5,22,6,4,1434.55,0.0,17.26,13,821.17
4070,20251026,20251031,20251101,21,20,7,4,7166.76,0.0,207.8,12,3946.22
4071,20241130,20241204,20241205,31,28,6,3,13535.73,676.79,199.28,13,8149.92
4072,20240606,20240611,20240612,26,37,7,1,2764.98,0.0,67.83,3,1645.06
4073,20260316,20260320,20260321,8,16,5,1,14496.15,1449.62,199.07,15,8984.77
4074,20240816,20240819,20240820,28,16,5,3,13215.24,660.76,248.98,18,7948.63
4075,20240412,20240416,20240418,14,31,6,1,1391.82,69.59,36.42,3,847.72
4076,20240527,20240528,20240530,16,39,5,1,8138.56,0.0,101.95,16,4784.54
4077,20250222,20250224,20250225,18,37,8,5,10939.32,0.0,391.03,14,6431.46
4078,20240614,20240618,20240620,25,31,6,1,2415.33,0.0,51.03,9,1584.61
4079,20251201,20251203,20251205,4,29,6,1,6785.28,0.0,248.54,16,4526.03
4080,20250406,20250408,20250409,18,31,6,5,7504.0,750.4,237.9,14,4232.25
4081,20241121,20241123,20241124,26,38,6,1,1629.1,0.0,44.07,11,910.62
4082,20240403,20240407,20240409,18,1,8,2,2364.32,0.0,88.42,8,1411.98
4083,20250313,20250317,20250319,10,24,7,1,1085.37,54.27,36.8,1,654.97
4084,20240719,20240724,20240726,2,2,5,2,2343.72,0.0,48.51,2,1562.28
4085,20260309,20260312,20260314,18,24,5,5,1649.57,82.48,44.01,13,953.84
4086,20241028,20241102,20241103,23,16,5,4,698.51,0.0,9.07,1,441.28
4087,20250310,20250313,20250315,18,13,6,2,5131.26,513.13,96.86,9,3502.72
4088,20240414,20240419,20240421,31,36,7,1,1967.28,0.0,75.19,7,1088.88
4089,20240704,20240705,20240707,20,29,8,2,2306.65,0.0,49.07,5,1275.72
4090,20240829,20240902,20240904,17,23,6,3,10706.0,0.0,425.54,10,6438.15
4091,20240508,20240513,20240514,2,36,5,1,473.64,23.68,15.37,3,305.09
4092,20250907,20250912,20250913,18,4,5,1,5922.2,0.0,123.86,10,3678.88
4093,20260213,20260216,20260217,6,26,6,4,847.6,42.38,33.17,4,592.14
4094,20260314,20260316,20260318,23,7,6,4,15264.75,0.0,208.99,15,8607.76
4095,20241010,20241011,20241013,5,10,7,5,1834.04,183.4,70.56,2,1188.65
4096,20251023,20251024,20251026,29,8,5,4,3982.52,398.25,107.2,4,2244.74
4097,20250331,20250405,20250406,11,22,5,3,5554.88,277.74,105.29,8,3782.73
4098,20240504,20240508,20240509,15,26,7,4,5989.9,0.0,209.58,5,3413.24
4099,20240605,20240606,20240608,5,31,6,5,15686.7,0.0,204.55,15,10980.48
4100,20250502,20250504,20250506,7,18,6,1,17625.16,0.0,247.32,19,10799.07
4101,20250201,20250203,20250204,29,38,5,2,3509.1,175.46,130.26,14,2298.46
4102,20240407,20240408,20240410,10,15,5,1,15971.9,1597.19,312.13,14,10963.33
4103,20260202,20260205,20260207,17,7,6,5,1955.48,0.0,40.82,19,1108.14
4104,20250911,20250913,20250915,31,2,6,5,536.95,26.85,7.09,5,366.81
4105,20250330,20250403,20250404,20,6,8,4,5746.8,287.34,169.65,12,3809.86
4106,20260315,20260320,20260322,2,18,8,1,16737.86,1673.79,533.86,17,10153.58
4107,20260304,20260308,20260310,12,17,6,5,9276.54,0.0,232.17,13,5410.75
4108,20260306,20260311,20260312,13,35,6,1,4899.69,0.0,134.4,9,3391.58
4109,20241005,20241008,20241010,10,6,6,1,6992.52,349.63,108.3,6,4140.03
4110,20251228,20260101,20260102,9,11,7,3,17595.0,879.75,484.51,18,10408.3
4111,20250331,20250401,20250402,17,40,6,4,3292.92,0.0,71.31,12,2076.7
4112,20250907,20250909,20250910,13,2,8,4,4475.4,0.0,130.68,5,3067.72
4113,20251213,20251218,20251220,10,17,8,1,2068.8,206.88,61.65,16,1361.85
4114,20240728,20240729,20240731,14,8,6,2,1590.87,0.0,55.6,19,1087.73
4115,20250219,20250221,20250223,12,22,5,2,5596.29,0.0,133.19,9,3738.96
4116,20240703,20240708,20240710,7,39,5,1,7092.13,0.0,270.62,19,4352.05
4117,20241020,20241022,20241023,15,10,8,4,642.79,64.28,11.15,1,423.67
4118,20250124,20250128,20250129,30,15,6,1,1070.05,0.0,27.84,5,725.89
4119,20251210,20251212,20251213,17,18,6,1,11339.46,0.0,240.14,11,6976.91
4120,20251215,20251216,20251218,19,32,7,2,12222.72,1222.27,246.37,16,8434.96
4121,20250107,20250111,20250113,31,40,8,4,17685.44,0.0,180.34,16,11359.75
4122,20241125,20241127,20241128,20,4,6,4,9524.3,476.22,265.38,10,5522.52
4123,20250419,20250420,20250422,7,20,6,1,2573.2,128.66,39.88,10,1637.23
4124,20260120,20260125,20260127,13,31,8,1,255.21,12.76,2.87,1,161.14
4125,20260308,20260311,20260312,16,1,5,5,3574.88,0.0,117.1,4,2000.18
4126,20240911,20240916,20240918,16,33,8,3,2045.2,0.0,71.96,10,1137.49
4127,20240813,20240816,20240818,5,10,7,2,5028.8,251.44,85.79,5,3482.0
4128,20250824,20250827,20250828,4,21,5,1,2889.72,288.97,112.39,3,1930.07
4129,20241104,20241105,20241107,12,40,5,5,7089.9,354.5,253.73,6,4643.28
4130,20240823,20240824,20240825,29,26,7,4,2767.76,276.78,75.27,4,1763.98
4131,20240423,20240424,20240425,23,40,8,1,8026.8,0.0,208.8,8,5226.19
4132,20250117,20250122,20250123,27,25,5,1,3593.61,179.68,138.25,3,2395.89
4133,20250109,20250114,20250116,6,9,7,1,2297.96,0.0,28.67,7,1454.09
4134,20250513,20250516,20250517,14,28,8,1,7162.32,716.23,124.59,8,4727.25
4135,20240823,20240827,20240828,19,25,7,1,2150.52,107.53,31.69,6,1287.68
4136,20250830,20250902,20250904,15,13,7,1,521.7,52.17,12.52,5,351.87
4137,20250805,20250807,20250809,14,4,5,1,1786.72,0.0,21.89,4,1078.14
4138,20250301,20250302,20250304,12,26,7,2,9180.5,0.0,343.53,10,6299.38
4139,20240810,20240814,20240816,2,24,7,2,411.0,41.1,11.38,2,262.91
4140,20250402,20250405,20250406,27,31,5,2,11789.4,1178.94,448.7,10,8231.7
4141,20250801,20250804,20250805,29,6,6,4,2068.38,206.84,42.93,9,1413.22
4142,20241226,20241228,20241230,3,22,8,1,5130.19,256.51,179.15,19,3251.5
4143,20241008,20241009,20241011,14,33,8,4,6772.05,0.0,121.49,15,3773.87
4144,20250402,20250403,20250404,17,36,5,5,1529.04,0.0,51.95,8,851.9
4145,20241213,20241216,20241218,25,38,7,5,3922.74,0.0,67.53,18,2654.67
4146,20250115,20250119,20250120,31,9,7,1,551.95,0.0,7.39,1,366.55
4147,20241209,20241214,20241215,14,7,7,1,6124.72,306.24,214.32,14,4199.92
4148,20241106,20241107,20241109,24,24,7,3,3088.71,154.44,84.35,3,2061.81
4149,20250901,20250906,20250908,30,19,8,1,635.72,31.79,21.14,1,375.21
4150,20250227,20250304,20250305,26,10,6,1,3816.72,0.0,59.85,12,2207.96
4151,20250304,20250306,20250307,10,5,7,1,4269.7,426.97,157.22,10,2660.62
4152,20250717,20250721,20250723,26,6,7,3,4791.04,0.0,126.91,4,2792.92
4153,20241218,20241219,20241221,14,14,7,4,7991.28,0.0,313.13,18,5525.54
4154,20240613,20240618,20240619,1,30,8,1,14562.56,0.0,243.34,16,9778.55
4155,20251208,20251213,20251215,24,3,5,5,1455.9,0.0,58.03,3,870.84
4156,20240511,20240514,20240515,27,5,8,4,8684.61,868.46,118.15,11,5504.9
4157,20250519,20250523,20250524,12,11,7,1,14192.75,709.64,242.0,13,8254.19
4158,20241010,20241015,20241016,15,35,8,2,8166.86,816.69,289.55,13,4504.86
4159,20240902,20240906,20240908,12,40,6,1,6413.93,320.7,146.93,17,4347.79
4160,20240501,20240506,20240507,4,18,6,5,2672.72,133.64,85.65,4,1847.69
4161,20260111,20260112,20260113,31,2,5,4,14314.0,715.7,565.67,17,8611.22
4162,20250205,20250206,20250208,1,1,8,4,5014.62,501.46,107.08,13,3051.91
4163,20241204,20241209,20241211,18,35,8,4,724.38,0.0,27.28,1,483.5
4164,20250918,20250920,20250922,1,18,6,1,9813.69,0.0,231.15,19,6736.12
4165,20240429,20240503,20240505,22,4,5,5,3135.65,0.0,78.18,7,2142.14
4166,20250514,20250516,20250518,29,34,7,5,3237.84,323.78,40.41,4,2243.98
4167,20250324,20250326,20250328,21,22,7,4,17193.9,0.0,562.4,15,11136.0
4168,20250506,20250509,20250510,20,14,7,2,1501.2,150.12,23.81,12,994.47
4169,20240629,20240630,20240701,26,19,5,1,12878.24,643.91,429.21,16,7302.22
4170,20260218,20260219,20260220,31,10,8,1,8686.15,0.0,131.03,17,5186.87
4171,20240920,20240924,20240925,27,38,6,1,6359.2,0.0,168.2,10,3569.21
4172,20250804,20250805,20250807,8,32,7,3,9942.84,0.0,271.54,18,6634.37
4173,20250923,20250926,20250928,18,8,8,4,1734.68,173.47,40.2,2,957.53
4174,20241205,20241210,20241212,26,30,7,5,5669.85,0.0,59.01,5,3914.35
4175,20240704,20240705,20240706,10,8,5,1,10125.88,0.0,278.59,17,6809.8
4176,20241101,20241102,20241104,22,19,8,1,1640.76,0.0,54.21,6,1012.7
4177,20251105,20251110,20251111,1,30,7,1,13700.34,1370.03,179.4,18,8432.04
4178,20260116,20260121,20260122,28,2,8,5,6979.05,0.0,215.39,13,4472.55
4179,20260207,20260209,20260211,20,30,7,4,3463.68,0.0,99.78,6,2140.39
4180,20240911,20240915,20240916,24,10,8,2,1041.7,104.17,36.05,5,668.77
4181,20250613,20250618,20250620,26,28,8,3,2559.59,127.98,62.75,11,1584.93
4182,20240719,20240722,20240723,7,20,5,3,1093.35,109.34,29.18,5,742.81
4183,20250827,20250901,20250902,15,2,5,1,12983.75,649.19,171.14,13,8336.61
4184,20250126,20250128,20250129,27,31,5,1,2068.44,0.0,31.97,11,1171.2
4185,20250829,20250902,20250904,5,11,8,1,13345.6,0.0,172.71,19,9175.21
4186,20250809,20250811,20250813,26,39,5,1,6620.22,0.0,194.41,18,3751.5
4187,20260319,20260322,20260324,10,34,6,3,3573.68,178.68,100.39,11,2131.74
4188,20250320,20250322,20250323,19,8,8,1,4111.69,0.0,156.11,11,2560.39
4189,20241203,20241206,20241208,17,25,6,4,6319.8,315.99,192.45,10,3504.92
4190,20250416,20250421,20250422,22,15,5,3,2181.69,218.17,29.48,3,1364.47
4191,20240727,20240731,20240801,27,25,6,3,6875.7,343.78,139.43,13,4424.19
4192,20240620,20240624,20240625,12,23,5,5,17257.65,862.88,354.6,15,11358.75
4193,20250411,20250415,20250416,6,12,6,1,8710.24,0.0,126.94,16,5675.03
4194,20251118,20251120,20251122,14,27,7,3,2059.74,0.0,81.76,9,1148.72
4195,20250421,20250424,20250426,20,11,7,1,11281.2,0.0,228.46,10,6495.05
4196,20251018,20251023,20251025,24,37,7,4,3494.0,0.0,97.41,8,2324.33
4197,20240807,20240810,20240812,24,38,5,3,14028.3,701.42,358.56,13,7966.6
4198,20250219,20250223,20250225,12,7,8,1,14077.92,0.0,238.74,16,9132.51
4199,20250618,20250620,20250621,30,30,6,1,1923.44,0.0,53.48,2,1145.47
4200,20241208,20241210,20241211,3,38,6,4,9767.0,0.0,107.37,10,5485.23
4201,20240411,20240413,20240415,4,6,7,4,1188.2,118.82,26.59,2,777.89
4202,20240524,20240525,20240527,1,30,5,4,5576.0,0.0,219.37,17,3590.14
4203,20260131,20260205,20260207,29,38,6,2,9315.0,931.5,361.41,15,6444.02
4204,20250612,20250613,20250614,6,10,6,3,2094.61,209.46,52.23,7,1442.59
4205,20241009,20241010,20241011,20,24,5,3,764.93,0.0,16.36,1,490.93
4206,20241005,20241010,20241012,26,32,8,1,1379.25,0.0,17.48,9,900.3
4207,20240429,20240502,20240504,25,14,6,3,5872.8,293.64,223.47,6,3879.93
4208,20260213,20260216,20260218,30,10,5,3,5896.38,0.0,190.85,14,3881.59
4209,20240618,20240621,20240623,2,16,6,4,1244.74,124.47,14.97,14,690.5
4210,20251002,20251003,20251005,14,14,8,2,10387.8,0.0,130.55,15,6920.28
4211,20240921,20240924,20240926,17,30,7,2,656.86,0.0,20.22,2,370.4
4212,20241129,20241204,20241206,22,15,7,5,1070.56,53.53,18.63,2,682.78
4213,20241016,20241020,20241022,20,16,8,4,5174.89,0.0,182.65,7,2998.21
4214,20251118,20251122,20251123,18,38,5,1,425.18,21.26,8.39,2,235.68
4215,20240424,20240425,20240426,11,24,7,5,16495.04,0.0,341.36,16,10820.95
4216,20241211,20241215,20241217,4,38,6,1,9040.13,0.0,327.63,11,5444.89
4217,20241019,20241020,20241022,14,29,7,4,3106.26,155.31,123.71,6,2009.54
4218,20241015,20241017,20241019,9,36,8,1,20612.7,0.0,701.15,18,14136.05
4219,20240818,20240821,20240822,18,8,5,2,1144.38,57.22,32.83,3,761.29
4220,20260120,20260123,20260124,25,38,5,5,7166.67,0.0,151.65,7,4673.44
4221,20241230,20250103,20250104,18,38,8,1,7756.59,387.83,238.55,17,4766.22
4222,20250128,20250130,20250131,19,2,6,4,4146.68,0.0,72.11,4,2820.46
4223,20250104,20250106,20250107,2,15,6,2,7324.2,0.0,113.5,13,4102.92
4224,20260310,20260312,20260314,21,17,5,1,2341.8,0.0,76.26,18,1601.94
4225,20241202,20241203,20241204,15,17,6,5,4915.82,0.0,190.94,14,3219.92
4226,20241204,20241206,20241208,4,32,5,3,9278.88,0.0,365.8,16,5599.88
4227,20241124,20241128,20241130,7,28,5,4,896.7,89.67,15.44,7,527.34
4228,20241123,20241127,20241129,25,9,5,4,11797.37,0.0,452.27,13,6774.72
4229,20240604,20240607,20240608,29,25,5,1,8485.51,424.28,252.07,11,5473.85
4230,20250611,20250615,20250616,17,39,8,1,15868.32,0.0,606.03,16,9965.13
4231,20240419,20240424,20240426,31,18,8,1,7430.08,0.0,75.96,14,4496.23
4232,20240911,20240915,20240917,6,38,8,3,15048.0,1504.8,386.44,18,9102.28
4233,20240825,20240826,20240827,10,26,5,1,3338.08,333.81,104.69,16,2134.1
4234,20241028,20241101,20241102,29,37,6,2,5810.22,290.51,121.01,6,3428.03
4235,20250930,20251004,20251006,6,37,6,4,6395.48,0.0,150.4,13,3956.97
4236,20250608,20250610,20250611,21,1,7,1,18354.56,0.0,232.13,16,11024.99
4237,20260318,20260322,20260323,8,33,5,4,3291.44,0.0,129.93,4,2031.33
4238,20241210,20241213,20241215,11,8,5,2,2250.6,0.0,34.52,3,1363.07
4239,20260201,20260203,20260204,16,33,8,1,1504.4,0.0,51.6,5,1027.28
4240,20240503,20240506,20240508,12,33,6,1,2911.1,0.0,115.46,5,1972.24
4241,20250331,20250405,20250406,28,11,8,1,10545.5,0.0,141.37,10,5933.12
4242,20251030,20251103,20251104,31,3,5,3,20076.84,0.0,599.39,18,11960.15
4243,20250420,20250423,20250425,17,17,8,1,8116.22,405.81,188.44,14,5018.53
4244,20260204,20260206,20260208,17,13,7,4,19281.24,0.0,353.89,18,11470.53
4245,20241114,20241115,20241116,2,23,8,4,674.08,0.0,9.26,1,470.87
4246,20240425,20240428,20240429,9,4,7,1,4275.9,0.0,86.45,15,2757.64
4247,20251012,20251016,20251017,2,2,8,4,2119.68,0.0,82.35,9,1403.69
4248,20240520,20240523,20240525,27,18,6,5,12297.0,0.0,450.64,12,6964.15
4249,20251005,20251010,20251011,8,31,6,1,2924.28,292.43,78.59,3,2031.32
4250,20250913,20250918,20250919,12,13,5,5,2282.28,228.23,80.28,13,1438.7
4251,20251202,20251207,20251208,27,13,5,1,7106.1,710.61,159.16,15,4470.23
4252,20250313,20250317,20250318,23,7,8,4,1824.29,0.0,22.75,13,1166.16
4253,20260108,20260109,20260110,20,12,6,1,5120.56,0.0,57.42,8,3427.75
4254,20240801,20240804,20240806,2,12,5,4,11906.3,1190.63,351.85,14,7442.26
4255,20250209,20250210,20250212,18,11,6,4,2827.5,0.0,109.85,15,1916.05
4256,20240628,20240702,20240704,18,14,6,5,2803.3,280.33,48.78,17,1770.95
4257,20251007,20251010,20251012,11,12,7,5,12830.16,0.0,496.9,14,7532.24
4258,20250830,20250904,20250906,24,28,5,1,19261.8,0.0,341.51,18,11137.9
4259,20251105,20251109,20251110,29,14,5,4,1113.66,0.0,13.59,9,700.13
4260,20251005,20251007,20251008,9,31,7,1,2455.92,0.0,31.69,12,1496.72
4261,20241110,20241115,20241116,11,25,5,1,7319.8,731.98,229.79,10,4400.69
4262,20240520,20240522,20240524,11,26,6,1,2937.8,293.78,114.53,5,1858.2
4263,20260201,20260202,20260203,27,24,7,5,2914.8,0.0,66.79,3,2033.23
4264,20250323,20250327,20250329,3,37,7,4,3182.8,0.0,120.51,10,1875.8
4265,20240608,20240612,20240614,28,11,5,1,762.39,38.12,13.59,1,529.52
4266,20260131,20260204,20260205,25,40,7,5,3909.2,390.92,59.13,4,2444.04
4267,20260320,20260325,20260327,16,9,5,4,798.92,39.95,26.64,1,499.48
4268,20250217,20250220,20250222,19,6,5,1,1631.49,0.0,42.2,7,1122.19
4269,20251009,20251010,20251011,28,34,5,2,7804.5,780.45,121.13,15,5460.37
4270,20240427,20240502,20240503,25,36,7,4,1342.0,67.1,32.3,5,917.63
4271,20240607,20240612,20240613,10,4,7,4,3833.1,191.66,89.71,15,2431.07
4272,20241017,20241018,20241020,2,24,7,2,2856.87,285.69,72.27,9,1577.41
4273,20250719,20250721,20250723,21,21,5,3,1054.89,105.49,30.17,9,605.54
4274,20240706,20240711,20240713,5,9,6,1,9475.95,0.0,167.57,15,5771.45
4275,20240425,20240428,20240430,3,21,5,3,4162.62,0.0,68.71,17,2567.17
4276,20250728,20250801,20250803,31,28,6,1,2380.4,0.0,58.37,11,1455.38
4277,20251009,20251010,20251012,16,23,5,1,15511.68,1551.17,587.1,18,8575.78
4278,20250917,20250922,20250924,21,21,7,1,19609.33,980.47,570.23,17,11802.79
4279,20251030,20251102,20251103,8,36,8,3,748.24,0.0,18.41,2,484.89
4280,20251102,20251103,20251105,4,10,8,2,336.33,0.0,13.11,1,225.5
4281,20250610,20250611,20250612,2,25,5,2,991.67,49.58,33.87,1,676.08
4282,20250411,20250416,20250418,12,13,5,1,3133.26,0.0,109.79,9,1852.4
4283,20251211,20251216,20251217,1,39,5,5,8445.24,0.0,238.65,12,4751.25
4284,20241208,20241211,20241212,14,11,8,1,3541.14,177.06,90.57,9,2141.35
4285,20240610,20240611,20240613,11,35,8,2,1842.39,184.24,33.35,9,1013.48
4286,20250926,20250929,20250930,17,26,5,1,11747.7,0.0,336.71,15,7031.59
4287,20241017,20241020,20241022,19,9,8,4,1439.28,143.93,40.66,3,962.43
4288,20260309,20260313,20260314,11,31,7,2,6473.16,0.0,193.4,18,4104.74
4289,20250125,20250130,20250201,15,10,5,2,6049.7,604.97,70.41,10,3627.68
4290,20251207,20251208,20251209,3,11,6,4,708.0,35.4,27.86,4,411.92
4291,20240501,20240502,20240503,11,14,6,4,13106.96,1310.7,188.2,19,7603.62
4292,20250721,20250722,20250723,31,28,8,3,2167.13,216.71,45.53,7,1363.22
4293,20250219,20250224,20250226,31,16,5,2,8186.8,0.0,190.81,10,4898.96
4294,20250301,20250306,20250308,16,23,5,5,22749.46,0.0,771.89,19,13902.16
4295,20241009,20241013,20241014,30,23,7,5,5214.33,0.0,181.31,11,3160.46
4296,20260304,20260308,20260309,17,8,6,4,10427.67,0.0,295.22,11,6948.62
4297,20250109,20250111,20250113,4,10,6,4,364.16,36.42,3.71,1,226.38
4298,20251206,20251207,20251209,28,13,8,4,7126.0,0.0,112.2,14,4813.35
4299,20250202,20250206,20250207,14,9,8,5,6104.49,305.22,210.87,7,3831.84
4300,20240505,20240506,20240507,20,37,7,1,10146.38,0.0,226.9,19,5744.72
4301,20251227,20260101,20260103,21,16,8,5,3988.88,398.89,79.96,14,2646.48
4302,20240812,20240816,20240817,11,17,8,4,6814.5,0.0,204.11,10,4426.92
4303,20241013,20241017,20241019,24,27,7,3,9561.5,478.08,181.67,13,5519.23
4304,20251214,20251219,20251221,17,32,8,2,9584.54,0.0,373.34,14,6518.16
4305,20260107,20260112,20260114,12,28,5,1,10170.82,0.0,106.21,11,6784.65
4306,20260123,20260125,20260127,10,23,5,4,1335.0,0.0,48.65,15,798.46
4307,20250202,20250207,20250209,24,40,8,4,1061.14,0.0,18.0,1,669.99
4308,20250930,20251001,20251003,9,36,5,1,15290.24,764.51,533.02,16,9981.69
4309,20241124,20241128,20241129,4,9,7,3,3481.66,0.0,81.96,13,1924.57
4310,20250918,20250921,20250922,28,7,6,1,2674.72,0.0,70.58,8,1566.19
4311,20250330,20250331,20250401,11,16,8,2,3844.84,0.0,114.68,4,2224.05
4312,20240508,20240513,20240514,21,34,7,3,11425.96,1142.6,159.83,13,7027.3
4313,20250128,20250130,20250201,23,39,5,3,2265.3,226.53,56.61,9,1425.13
4314,20250305,20250306,20250308,27,29,6,1,12978.68,0.0,435.94,11,7823.17
4315,20241004,20241005,20241006,20,28,7,1,13555.35,0.0,392.22,15,8804.74
4316,20241227,20241231,20250102,23,10,8,1,3411.15,341.12,120.28,15,2156.47
4317,20250330,20250401,20250402,27,24,8,3,3471.15,173.56,88.1,3,2186.75
4318,20240506,20240511,20240513,30,8,8,5,3948.6,0.0,69.64,6,2352.15
4319,20240719,20240724,20240725,2,22,8,4,9189.36,0.0,188.27,18,5060.53
4320,20251007,20251012,20251013,24,8,8,4,6563.17,0.0,74.96,19,4346.38
4321,20241211,20241215,20241217,6,4,7,1,4881.4,244.07,55.44,5,2954.22
4322,20250614,20250619,20250621,28,39,6,1,16744.14,1674.41,667.24,14,11467.69
4323,20250515,20250517,20250518,2,36,7,4,7108.08,355.4,224.69,14,4640.58
4324,20250504,20250507,20250508,9,28,8,3,4224.48,0.0,102.45,6,2682.28
4325,20250124,20250129,20250131,6,26,6,1,1815.17,90.76,40.26,7,1170.36
4326,20250316,20250317,20250319,20,10,8,3,2612.1,261.21,89.43,15,1480.64
4327,20251117,20251119,20251120,1,23,7,4,14983.59,0.0,478.1,19,10407.33
4328,20260227,20260304,20260306,1,30,5,1,4943.25,0.0,82.96,13,3137.73
4329,20241003,20241008,20241009,17,22,8,1,7800.0,0.0,280.15,8,4578.93
4330,20250729,20250802,20250803,31,12,8,3,18658.38,0.0,258.04,19,11240.07
4331,20260303,20260305,20260307,17,16,7,1,2307.66,0.0,52.88,3,1500.29
4332,20240406,20240407,20240409,15,34,5,2,9607.05,0.0,247.06,9,6599.82
4333,20251020,20251022,20251024,21,11,5,4,4266.01,213.3,106.56,7,2899.33
4334,20250326,20250331,20250401,18,39,8,5,6602.94,0.0,195.53,18,4608.9
4335,20260301,20260305,20260306,13,31,5,2,11614.92,1161.49,327.44,12,7744.68
4336,20250524,20250526,20250528,19,36,6,1,6879.14,0.0,270.28,19,4405.38
4337,20251127,20251128,20251129,1,21,7,2,662.39,0.0,26.19,1,396.68
4338,20240730,20240804,20240805,9,9,5,1,8906.1,0.0,291.64,15,5259.01
4339,20240712,20240714,20240716,22,2,8,4,3205.08,320.51,68.52,9,2223.95
4340,20260130,20260131,20260201,12,22,7,4,6761.68,0.0,243.15,8,4352.73
4341,20250416,20250418,20250420,2,16,5,2,8456.33,0.0,133.03,19,4823.34
4342,20250509,20250512,20250513,4,5,6,4,11757.96,587.9,365.53,12,7651.3
4343,20240801,20240802,20240804,27,38,6,1,9389.4,938.94,360.51,10,6239.78
4344,20240911,20240914,20240915,11,39,5,3,8240.41,824.04,327.64,17,4734.28
4345,20251113,20251118,20251119,1,15,8,5,10458.2,0.0,264.04,10,6924.84
4346,20241106,20241108,20241109,23,27,6,1,4855.52,485.55,106.02,16,2781.84
4347,20250528,20250530,20250531,17,17,7,1,1828.12,0.0,70.49,2,1267.7
4348,20241115,20241120,20241121,15,20,7,4,3286.05,0.0,40.96,19,2141.46
4349,20241008,20241010,20241012,28,25,5,2,2300.71,230.07,59.81,19,1321.74
4350,20240730,20240802,20240804,11,17,7,1,8353.44,835.34,324.6,16,4904.37
4351,20260202,20260205,20260206,19,33,6,1,7540.56,0.0,211.91,8,4687.75
4352,20260209,20260212,20260214,24,8,5,2,1573.5,0.0,28.73,6,1100.83
4353,20240623,20240628,20240630,20,27,6,3,1067.78,0.0,12.56,1,687.8
4354,20241212,20241217,20241218,7,40,7,2,11538.15,1153.82,161.24,15,7988.02
4355,20250513,20250518,20250519,22,35,5,1,5122.7,0.0,103.37,11,3167.45
4356,20250103,20250106,20250107,24,2,8,2,3078.03,0.0,73.9,3,2112.87
4357,20250904,20250906,20250908,4,5,7,3,17327.7,0.0,644.44,18,10020.79
4358,20241006,20241007,20241009,5,26,6,4,9822.15,0.0,137.44,9,6250.9
4359,20240513,20240514,20240515,22,37,7,3,4647.96,464.8,171.23,9,3247.6
4360,20241130,20241205,20241207,4,34,6,3,2512.2,0.0,43.25,3,1562.6
4361,20250607,20250612,20250614,28,37,7,4,230.77,23.08,7.21,1,148.46
4362,20240809,20240810,20240811,4,6,5,1,747.18,0.0,12.0,1,511.97
4363,20251111,20251112,20251114,31,21,7,1,8595.99,859.6,114.53,9,5873.03
4364,20240409,20240411,20240412,22,30,5,1,1886.4,0.0,52.36,4,1300.1
4365,20240519,20240523,20240524,15,25,5,1,4640.37,0.0,135.38,19,2654.34
4366,20250403,20250405,20250407,10,32,6,5,5473.27,0.0,205.48,11,3222.8
4367,20250406,20250411,20250412,12,9,5,1,2380.02,0.0,36.18,2,1399.04
4368,20241031,20241101,20241103,24,19,6,4,1718.57,0.0,18.32,7,1151.7
4369,20241004,20241006,20241008,24,18,5,1,5975.52,0.0,145.9,6,4158.03
4370,20240521,20240525,20240526,7,38,5,2,2238.32,0.0,31.79,8,1324.02
4371,20250724,20250727,20250729,18,9,5,2,19425.96,0.0,472.99,18,12335.83
4372,20241231,20250103,20250104,31,14,8,1,727.06,0.0,14.28,2,423.16
4373,20240625,20240628,20240630,9,1,7,2,9287.33,928.73,354.05,13,6191.43
4374,20250115,20250117,20250118,22,7,5,4,3775.2,0.0,115.64,12,2405.52
4375,20260207,20260211,20260213,6,40,5,2,3402.1,170.1,124.93,13,1941.13
4376,20241006,20241008,20241009,27,34,8,4,13024.44,1302.44,508.13,12,8889.2
4377,20260107,20260108,20260110,6,11,7,5,12239.22,611.96,185.18,14,8016.57
4378,20241005,20241010,20241012,10,29,8,2,7425.04,0.0,244.84,7,4269.8
4379,20240813,20240816,20240818,15,24,5,5,5093.75,509.38,131.6,5,3355.92
4380,20241006,20241008,20241010,13,37,6,1,1675.32,167.53,62.83,4,956.0
4381,20241120,20241122,20241124,6,13,5,1,9235.44,923.54,278.12,8,5839.94
4382,20240627,20240702,20240703,21,40,6,2,18239.36,0.0,532.11,16,12023.05
4383,20250530,20250604,20250606,1,15,5,3,14797.05,0.0,227.85,15,9824.31
4384,20241128,20241202,20241203,31,29,5,3,2430.16,0.0,41.82,8,1521.68
4385,20250902,20250903,20250904,2,16,7,3,4129.1,412.91,46.75,5,2351.93
4386,20250321,20250326,20250328,12,27,8,4,4904.45,245.22,77.22,5,2809.91
4387,20250215,20250217,20250219,29,14,7,1,2658.6,265.86,51.4,3,1641.46
4388,20250307,20250311,20250312,5,34,8,4,14064.84,0.0,479.48,12,9798.4
4389,20240722,20240726,20240727,3,26,8,3,1259.12,125.91,17.17,8,775.35
4390,20250829,20250902,20250903,24,12,8,2,10580.4,0.0,269.07,15,6208.41
4391,20240615,20240617,20240619,3,39,5,1,1083.98,108.4,42.7,2,668.97
4392,20250904,20250905,20250906,28,29,6,1,19482.0,0.0,440.5,17,13325.96
4393,20260324,20260327,20260329,15,18,7,2,625.67,31.28,20.39,1,422.65
4394,20251005,20251007,20251008,28,6,8,4,6429.24,0.0,175.03,12,4148.6
4395,20250224,20250227,20250301,9,39,8,2,6462.36,0.0,101.5,18,4230.18
4396,20241114,20241116,20241118,5,31,7,1,8028.0,0.0,313.46,18,4590.35
4397,20251222,20251225,20251227,30,27,6,4,19624.8,0.0,394.3,17,12717.6
4398,20241003,20241007,20241008,24,34,6,4,1292.04,0.0,13.28,6,900.23
4399,20250315,20250316,20250317,29,25,5,5,5717.27,0.0,163.36,13,3301.38
4400,20251010,20251013,20251015,11,10,6,3,4157.7,0.0,57.74,6,2822.04
4401,20260127,20260201,20260203,14,10,5,4,7541.04,0.0,199.82,12,4547.58
4402,20260126,20260127,20260129,19,4,8,2,4262.28,0.0,52.82,4,2537.42
4403,20240603,20240606,20240607,15,3,5,4,4527.8,0.0,114.06,4,2996.63
4404,20260110,20260112,20260114,9,30,6,2,2279.96,228.0,83.12,4,1477.68
4405,20240622,20240626,20240628,13,35,8,1,880.3,0.0,19.06,2,608.5
4406,20250528,20250530,20250601,20,7,8,5,418.43,41.84,5.27,1,260.49
4407,20260202,20260205,20260207,2,23,6,4,3054.96,0.0,78.48,3,1963.57
4408,20250718,20250720,20250722,12,5,6,3,2840.82,142.04,97.05,6,1755.35
4409,20260215,20260218,20260220,10,17,7,2,7473.7,747.37,237.53,10,4116.04
4410,20241205,20241208,20241209,3,32,8,4,11137.8,556.89,273.9,10,7415.59
4411,20241114,20241118,20241119,4,33,8,1,4826.56,482.66,66.25,8,2673.09
4412,20241122,20241123,20241125,16,38,7,1,8461.18,0.0,129.49,14,4963.31
4413,20241213,20241218,20241219,4,13,6,1,1834.95,0.0,25.15,13,1053.65
4414,20250807,20250810,20250811,12,38,6,1,7173.6,0.0,130.11,10,4251.19
4415,20250222,20250224,20250226,18,32,7,1,3484.83,0.0,46.44,3,2103.35
4416,20250916,20250920,20250921,28,14,8,4,1370.04,68.5,19.32,4,934.33
4417,20250126,20250131,20250201,3,14,5,1,14606.56,1460.66,259.28,16,9854.27
4418,20241109,20241112,20241114,15,5,8,4,10693.6,0.0,168.84,16,5971.44
4419,20240816,20240817,20240819,4,37,6,5,2597.72,0.0,76.88,4,1662.89
4420,20250504,20250509,20250510,14,9,5,1,11950.5,1195.05,411.83,15,7128.8
4421,20260110,20260113,20260115,16,11,5,4,3782.34,0.0,94.62,18,2321.84
4422,20251213,20251217,20251219,25,17,6,2,1145.43,0.0,23.56,9,711.88
4423,20241001,20241005,20241007,15,6,5,5,12348.12,1234.81,174.26,17,7313.45
4424,20250312,20250317,20250319,30,33,5,2,5363.45,0.0,187.84,5,3407.41
4425,20250823,20250827,20250829,5,28,6,2,2511.2,0.0,26.54,5,1622.1
4426,20250617,20250620,20250622,2,7,8,1,7560.07,0.0,185.27,17,4162.55
4427,20240519,20240523,20240525,1,7,7,5,4027.2,0.0,88.84,6,2327.47
4428,20250602,20250606,20250607,12,1,5,1,1760.92,88.05,51.79,2,1027.08
4429,20240429,20240501,20240503,6,38,7,4,6985.65,0.0,176.79,15,4608.55
4430,20240624,20240625,20240627,3,18,6,1,21012.48,0.0,595.83,18,13313.15
4431,20250717,20250720,20250722,9,27,7,3,2291.08,0.0,89.26,11,1303.67
4432,20240614,20240618,20240620,31,6,5,2,997.8,99.78,24.4,6,602.37
4433,20241202,20241205,20241206,26,10,5,1,9793.2,979.32,320.62,10,6551.58
4434,20250531,20250602,20250604,1,22,6,1,5197.92,259.9,108.73,12,2897.78
4435,20250718,20250723,20250725,29,9,8,1,3235.74,323.57,75.79,3,2115.51
4436,20250217,20250218,20250220,7,25,7,4,8929.58,0.0,266.7,11,4923.44
4437,20240607,20240609,20240610,14,37,5,4,1310.58,0.0,18.84,6,828.43
4438,20251030,20251102,20251104,11,13,8,1,2175.92,0.0,50.48,4,1460.47
4439,20260216,20260217,20260219,14,25,8,2,6097.49,0.0,103.82,7,3631.19
4440,20260103,20260106,20260107,24,37,7,1,5468.76,0.0,215.1,6,3571.77
4441,20250924,20250926,20250928,23,36,7,4,9582.08,0.0,315.13,8,5659.56
4442,20250116,20250118,20250120,19,1,5,4,1550.45,155.05,32.54,11,988.68
4443,20251225,20251230,20251231,20,5,7,4,2049.84,0.0,52.79,18,1367.47
4444,20250319,20250324,20250326,23,40,8,4,8944.38,894.44,191.86,9,5888.93
4445,20240708,20240713,20240714,6,38,6,1,17631.81,0.0,565.95,19,10569.97
4446,20251206,20251211,20251212,13,13,5,1,13220.8,0.0,200.6,16,7789.58
4447,20241118,20241119,20241120,4,21,8,4,14591.85,0.0,175.34,15,8183.45
4448,20260208,20260213,20260214,23,23,7,1,5057.94,505.79,182.5,6,2939.31
4449,20241223,20241228,20241229,15,27,7,1,11965.05,0.0,397.07,15,7529.52
4450,20251220,20251225,20251226,21,31,7,1,6379.05,0.0,213.28,15,4326.79
4451,20250424,20250428,20250429,18,15,5,4,5154.4,515.44,170.9,5,3553.9
4452,20250304,20250305,20250307,10,36,5,4,781.13,0.0,26.91,1,441.67
4453,20241101,20241105,20241106,5,3,8,5,21474.72,0.0,491.73,18,13856.61
4454,20251126,20251130,20251202,31,2,8,2,1846.8,0.0,36.34,2,1054.36
4455,20240514,20240515,20240516,10,39,5,1,10440.64,0.0,124.63,14,6322.44
4456,20250305,20250309,20250310,4,8,7,2,6037.52,603.75,177.61,8,3678.09
4457,20241223,20241224,20241225,11,40,7,4,10508.22,525.41,137.68,18,6180.35
4458,20250428,20250429,20250501,29,12,6,1,4861.45,0.0,59.8,5,3294.68
4459,20241002,20241006,20241007,9,15,7,5,1919.8,0.0,40.87,2,1272.14
4460,20250725,20250726,20250728,31,2,8,3,1034.65,0.0,31.79,5,707.38
4461,20250105,20250109,20250110,15,38,8,4,2116.66,211.67,73.4,13,1190.73
4462,20240815,20240819,20240821,27,15,5,4,2516.64,0.0,51.83,3,1661.71
4463,20240821,20240825,20240826,21,7,6,2,2309.16,230.92,36.88,4,1390.89
4464,20250817,20250821,20250822,2,20,8,4,5610.12,0.0,217.12,12,3626.06
4465,20241007,20241012,20241014,17,7,5,2,16432.5,0.0,545.55,15,9235.61
4466,20241109,20241113,20241115,14,32,8,4,6200.16,0.0,171.65,16,3621.01
4467,20250628,20250629,20250701,7,3,6,4,1525.42,0.0,55.86,2,1060.76
4468,20241125,20241126,20241127,18,20,7,3,6032.7,0.0,66.01,15,3880.29
4469,20250106,20250109,20250111,4,16,6,1,3537.78,176.89,140.08,6,2055.85
4470,20240924,20240925,20240926,22,2,8,5,2921.2,0.0,108.55,8,1678.25
4471,20241206,20241209,20241211,26,3,7,5,488.85,48.89,13.72,3,329.1
4472,20250814,20250817,20250819,3,21,7,3,3106.88,155.34,108.37,16,2010.42
4473,20250422,20250427,20250429,16,16,6,5,6405.42,0.0,131.9,7,3535.72
4474,20260323,20260327,20260329,21,6,5,3,8708.04,0.0,323.85,12,4997.47
4475,20251011,20251012,20251013,2,6,8,2,2979.78,0.0,37.1,6,1952.82
4476,20240413,20240417,20240419,13,33,6,2,2279.2,0.0,50.99,8,1406.03
4477,20241230,20241231,20250102,9,30,5,1,1861.08,0.0,73.38,3,1222.72
4478,20241027,20241030,20241031,2,25,8,3,614.09,0.0,15.56,1,368.88
4479,20250530,20250531,20250601,26,34,5,4,11384.64,0.0,313.26,18,6938.68
4480,20241010,20241015,20241017,15,3,7,1,1425.7,0.0,52.02,5,853.44
4481,20260228,20260304,20260306,24,28,6,1,4020.0,0.0,145.06,10,2294.2
4482,20241103,20241106,20241107,19,31,8,4,5152.2,515.22,64.07,6,3123.06
4483,20250413,20250415,20250416,28,9,5,4,15367.17,768.36,412.71,13,10243.76
4484,20240628,20240703,20240705,31,22,8,5,6964.76,0.0,130.69,11,4302.94
4485,20260118,20260119,20260120,20,31,5,1,14470.21,723.51,257.0,19,8108.32
4486,20260120,20260125,20260126,12,25,8,4,8534.42,0.0,103.56,19,5795.37
4487,20251026,20251029,20251030,14,10,6,1,1094.73,109.47,16.97,1,737.71
4488,20241211,20241212,20241214,26,27,5,1,2933.92,293.39,51.73,8,1739.76
4489,20240513,20240516,20240518,14,31,6,4,684.14,0.0,24.02,1,453.35
4490,20250828,20250829,20250830,17,1,5,2,4066.98,0.0,121.98,6,2492.4
4491,20250205,20250208,20250209,6,23,6,4,3506.36,350.64,44.95,13,2423.46
4492,20260318,20260321,20260322,31,21,7,1,6172.24,0.0,66.69,8,3452.79
4493,20250818,20250821,20250822,21,15,7,1,5015.58,0.0,78.44,6,3126.17
4494,20250425,20250429,20250501,11,2,7,3,5017.39,0.0,185.07,7,3115.11
4495,20260315,20260317,20260318,19,4,8,1,7809.57,0.0,180.61,9,4422.9
4496,20251031,20251104,20251106,14,31,6,1,892.2,0.0,26.42,2,529.22
4497,20250226,20250302,20250304,5,34,7,1,799.79,0.0,26.53,1,522.2
4498,20240414,20240417,20240419,28,17,5,1,4504.25,225.21,122.71,5,2718.54
4499,20240607,20240610,20240612,28,38,6,4,4793.92,0.0,82.09,16,3204.41
4500,20250215,20250217,20250219,27,38,7,1,5347.16,0.0,57.99,14,3489.42
4501,20250512,20250513,20250514,13,27,5,3,9532.49,476.62,336.91,11,5837.65
4502,20240422,20240426,20240427,9,24,6,3,9088.96,0.0,241.17,16,6255.15
4503,20240701,20240705,20240706,2,39,5,3,6820.88,682.09,272.57,8,3830.53
4504,20250823,20250826,20250827,23,25,8,2,4084.08,204.2,138.18,12,2651.69
4505,20250926,20251001,20251003,11,38,7,4,8430.5,843.05,156.97,10,5673.0
4506,20240422,20240425,20240427,28,40,7,4,3679.7,0.0,38.85,10,2421.29
4507,20250403,20250407,20250409,28,8,7,1,7113.87,0.0,224.43,9,4684.42
4508,20240529,20240530,20240601,4,27,5,4,9048.9,0.0,239.59,15,5293.26
4509,20250906,20250910,20250911,29,30,5,1,543.21,27.16,10.68,1,359.8
4510,20251125,20251130,20251201,5,33,6,2,6183.58,0.0,141.79,13,3765.35
4511,20251220,20251221,20251222,16,14,5,3,2990.91,149.55,40.79,3,1748.61
4512,20250607,20250612,20250614,16,35,6,1,14884.61,744.23,564.73,13,9169.24
4513,20250629,20250704,20250706,30,20,6,1,9279.98,464.0,288.92,19,5878.2
4514,20260130,20260131,20260201,21,16,8,1,12410.24,620.51,252.14,16,7361.64
4515,20250617,20250622,20250624,28,7,6,1,9561.6,478.08,203.19,15,6407.22
4516,20250217,20250218,20250219,19,13,5,3,16768.08,0.0,575.97,18,9726.82
4517,20250928,20251002,20251004,26,39,8,1,8945.88,0.0,93.57,12,6222.56
4518,20250602,20250607,20250608,27,29,5,4,1471.82,0.0,17.8,14,942.71
4519,20251201,20251204,20251205,27,30,5,4,8506.08,0.0,285.73,9,5148.88
4520,20250415,20250418,20250420,14,36,6,1,17854.42,0.0,319.8,17,12475.14
4521,20251220,20251224,20251225,13,11,5,1,16541.6,0.0,575.39,16,9638.2
4522,20240503,20240504,20240506,31,27,8,2,8688.0,0.0,150.38,10,5430.24
4523,20240427,20240430,20240502,24,15,6,4,4614.96,0.0,102.68,6,2947.76
4524,20240611,20240612,20240613,29,34,8,2,12063.29,603.16,478.63,19,8309.29
4525,20250508,20250511,20250513,19,17,5,1,8971.95,448.6,257.63,13,6056.93
4526,20250826,20250828,20250830,29,35,7,5,5158.31,0.0,188.45,19,3503.24
4527,20240904,20240906,20240907,23,30,5,2,2746.52,137.33,66.11,14,1663.53
4528,20240722,20240726,20240727,24,31,5,1,2180.7,0.0,32.4,5,1365.98
4529,20251214,20251217,20251218,6,38,6,4,539.91,0.0,17.37,1,302.51
4530,20250925,20250930,20251001,19,32,8,5,4195.1,0.0,78.97,14,2895.14
4531,20250713,20250716,20250717,23,13,6,2,2133.34,213.33,44.55,2,1454.82
4532,20250320,20250324,20250325,24,21,8,1,6897.36,0.0,128.23,8,3868.3
4533,20250129,20250202,20250203,30,19,5,2,5763.68,0.0,112.11,17,3528.72
4534,20240415,20240420,20240421,11,3,6,1,5436.36,0.0,94.34,9,3486.02
4535,20240814,20240819,20240821,11,24,7,2,1359.84,0.0,36.13,6,871.72
4536,20260109,20260111,20260112,31,18,6,1,7114.74,0.0,248.74,6,3950.5
4537,20241202,20241204,20241206,31,16,7,3,5878.32,293.92,206.32,14,3872.21
4538,20250823,20250826,20250828,6,5,7,4,6302.66,0.0,75.03,7,4095.71
4539,20250822,20250825,20250826,13,21,5,5,3126.42,156.32,110.03,18,1999.33
4540,20241110,20241114,20241115,30,24,7,4,3456.8,345.68,75.67,10,2233.76
4541,20240826,20240827,20240828,6,5,8,1,3762.06,0.0,61.32,6,2487.51
4542,20250814,20250817,20250818,25,26,8,1,8914.2,445.71,186.7,12,5636.65
4543,20240607,20240610,20240611,4,7,6,3,13060.95,0.0,212.67,15,8711.04
4544,20250324,20250328,20250329,6,6,6,1,2387.35,238.74,83.34,7,1536.21
4545,20260103,20260104,20260106,25,17,8,1,11340.64,0.0,302.76,16,7336.0
4546,20250828,20250902,20250903,20,16,8,4,1660.04,166.0,28.66,2,941.09
4547,20251005,20251008,20251009,18,37,8,2,1031.8,0.0,27.22,7,709.54
4548,20240531,20240604,20240605,27,3,8,1,8973.0,0.0,278.07,10,5357.31
4549,20240823,20240827,20240829,11,14,6,3,1713.12,0.0,32.67,8,1083.24
4550,20241016,20241020,20241021,17,30,5,5,15207.48,0.0,386.87,18,9737.75
4551,20241029,20241031,20241101,20,10,5,4,16473.17,0.0,619.21,17,9424.44
4552,20240819,20240821,20240822,24,40,6,1,707.58,0.0,15.86,6,414.78
4553,20260304,20260306,20260308,11,30,8,3,91.78,0.0,2.94,1,60.09
4554,20240729,20240803,20240805,21,38,6,5,12862.35,0.0,485.84,15,7901.62
4555,20250826,20250827,20250829,15,38,6,1,9656.64,965.66,187.19,9,6549.63
4556,20250530,20250601,20250603,18,5,8,3,5505.7,550.57,201.85,10,3760.99
4557,20250616,20250621,20250622,27,19,5,4,5125.8,0.0,157.6,5,2855.97
4558,20240903,20240907,20240908,13,30,7,4,3572.69,0.0,95.92,11,2295.84
4559,20241109,20241114,20241115,22,1,7,1,2759.7,0.0,94.83,5,1771.0
4560,20250613,20250616,20250618,30,19,8,5,1754.61,0.0,45.91,3,1088.69
4561,20241103,20241105,20241107,24,28,6,1,312.42,0.0,8.23,1,174.33
4562,20250815,20250819,20250821,31,32,7,1,7723.8,772.38,77.69,12,4636.69
4563,20240429,20240430,20240501,19,17,8,1,3434.85,0.0,90.25,15,2279.91
4564,20240523,20240528,20240530,10,35,8,2,7109.23,710.92,143.75,19,4000.23
4565,20250909,20250912,20250913,31,27,7,1,1496.64,0.0,50.64,16,966.47
4566,20250620,20250625,20250626,21,2,7,4,12325.68,0.0,395.55,12,7112.69
4567,20240502,20240503,20240505,9,12,8,4,429.76,0.0,6.78,1,282.19
4568,20260111,20260113,20260115,11,38,8,1,12215.17,0.0,424.89,11,8371.98
4569,20240404,20240408,20240410,9,1,7,4,3396.96,0.0,74.92,16,2037.53
4570,20260220,20260221,20260223,27,5,6,5,11340.7,0.0,245.13,17,7779.45
4571,20250910,20250915,20250916,3,14,7,1,1158.02,0.0,27.2,2,764.18
4572,20260316,20260321,20260323,24,40,5,4,7061.04,706.1,242.59,7,4451.8
4573,20260216,20260220,20260221,18,29,7,5,8737.17,436.86,268.01,13,4963.82
4574,20241113,20241116,20241117,3,6,6,4,7167.45,0.0,210.08,15,4601.83
4575,20250929,20250930,20251001,20,16,8,3,16773.68,838.68,657.52,14,10679.25
4576,20240831,20240903,20240905,24,38,7,4,5873.84,293.69,229.01,7,3619.22
4577,20250307,20250308,20250310,23,9,8,4,813.96,40.7,10.31,1,450.55
4578,20240921,20240922,20240924,17,24,8,1,2001.24,100.06,49.4,17,1374.16
4579,20250318,20250321,20250323,12,19,8,1,20005.02,0.0,484.22,18,13480.39
4580,20251222,20251225,20251226,5,31,5,3,624.45,31.22,6.8,3,379.31
4581,20250210,20250215,20250216,1,31,8,2,696.24,0.0,10.43,4,428.05
4582,20240606,20240611,20240612,12,34,6,1,3150.55,0.0,93.86,5,2003.0
4583,20241121,20241125,20241126,20,5,7,1,2276.7,227.67,84.6,10,1532.4
4584,20251021,20251024,20251025,2,19,6,4,2042.6,0.0,69.57,2,1373.08
4585,20250413,20250418,20250419,31,28,6,4,2694.77,134.74,105.24,19,1705.52
4586,20250511,20250513,20250514,19,17,8,1,6308.64,315.43,248.26,13,3811.98
4587,20250206,20250208,20250209,10,27,8,1,3883.77,0.0,68.95,11,2668.51
4588,20241029,20241103,20241104,30,26,7,1,6843.36,0.0,247.47,6,4379.57
4589,20250607,20250609,20250610,6,15,5,1,1233.3,61.66,37.03,3,744.19
4590,20250702,20250706,20250708,30,5,5,3,4033.16,0.0,122.85,4,2508.06
4591,20260110,20260114,20260115,10,39,5,1,3556.84,355.68,136.27,7,2151.82
4592,20250621,20250622,20250623,13,34,8,5,4800.1,0.0,146.73,10,3122.72
4593,20260321,20260323,20260324,14,36,6,1,2566.56,0.0,99.33,16,1792.4
4594,20251119,20251124,20251126,31,12,5,1,1875.3,0.0,61.45,3,1048.35
4595,20240527,20240601,20240603,9,13,7,4,17325.89,1732.59,387.32,17,11172.5
4596,20250109,20250113,20250114,31,13,8,2,7339.5,366.98,133.57,14,4238.89
4597,20250104,20250108,20250110,12,2,7,1,7820.68,0.0,273.57,17,5238.7
4598,20240403,20240404,20240405,10,7,6,1,7388.64,0.0,76.97,16,4066.28
4599,20240809,20240813,20240814,21,13,5,4,3341.7,0.0,46.79,5,2272.86
4600,20251004,20251008,20251010,22,40,8,2,4056.88,0.0,115.33,19,2537.01
4601,20241211,20241216,20241218,12,9,5,4,9198.2,919.82,260.02,10,5419.61
4602,20240716,20240718,20240719,5,21,8,3,1398.46,0.0,45.14,2,905.59
4603,20241025,20241027,20241029,13,22,5,4,5224.75,0.0,163.39,5,3083.12
4604,20241016,20241018,20241020,18,15,5,3,4174.04,0.0,85.82,4,2492.93
4605,20240805,20240810,20240811,2,37,6,4,4685.1,0.0,48.05,14,2676.68
4606,20240613,20240618,20240620,3,4,5,4,1307.88,130.79,38.19,3,740.42
4607,20251005,20251010,20251011,29,35,5,2,806.08,0.0,22.42,2,457.15
4608,20251118,20251122,20251123,2,30,5,4,11822.1,1182.21,314.21,15,7082.6
4609,20250325,20250330,20250331,14,13,7,4,3328.17,166.41,68.1,3,2095.45
4610,20250619,20250620,20250621,24,31,8,1,8054.2,0.0,111.55,11,5298.87
4611,20260125,20260129,20260131,11,18,5,4,1939.7,193.97,77.09,17,1157.6
4612,20251201,20251202,20251204,16,39,7,1,3845.43,0.0,120.53,9,2553.34
4613,20240424,20240427,20240428,3,2,6,3,2602.95,0.0,56.04,7,1674.52
4614,20260218,20260221,20260222,25,2,6,1,12981.48,1298.15,169.48,12,8671.79
4615,20240519,20240520,20240521,21,22,6,1,1800.12,0.0,53.13,12,1121.29
4616,20240420,20240425,20240427,27,38,8,1,11213.1,560.66,211.92,15,6929.86
4617,20250117,20250119,20250121,27,3,7,1,8774.8,0.0,92.58,10,5727.29
4618,20250922,20250925,20250926,12,32,7,1,2055.78,102.79,57.43,2,1270.73
4619,20240529,20240602,20240603,2,38,8,1,3254.4,325.44,91.57,4,1879.42
4620,20241029,20241030,20241101,12,20,7,3,2991.6,149.58,72.18,12,1963.87
4621,20241007,20241008,20241009,5,35,5,2,3187.15,0.0,84.41,5,2038.4
4622,20250113,20250117,20250118,17,31,5,5,1097.2,0.0,42.99,5,617.72
4623,20260314,20260315,20260317,5,9,6,4,931.14,0.0,20.43,3,622.59
4624,20241126,20241130,20241202,29,35,5,1,7760.8,388.04,181.75,8,5416.69
4625,20240830,20240904,20240905,20,28,7,2,1749.6,0.0,51.99,18,1183.56
4626,20240628,20240701,20240702,9,1,6,2,11060.92,553.05,382.89,13,6188.51
4627,20240822,20240824,20240825,29,23,5,2,3981.51,0.0,134.21,13,2294.22
4628,20240706,20240710,20240711,25,27,6,2,16288.0,0.0,373.0,16,9429.19
4629,20250520,20250521,20250522,15,33,8,4,2939.94,0.0,86.2,3,1618.59
4630,20250130,20250201,20250202,5,31,8,3,1526.94,0.0,55.57,2,858.65
4631,20250327,20250329,20250331,12,20,8,2,10406.76,1040.68,316.59,12,6112.93
4632,20251123,20251127,20251128,19,12,8,4,10518.3,525.92,143.61,15,5985.48
4633,20250525,20250529,20250530,24,8,7,1,4133.2,0.0,51.4,8,2323.34
4634,20240722,20240723,20240725,9,4,8,4,117.12,0.0,4.46,1,71.89
4635,20241229,20250103,20250105,24,26,8,5,1791.08,179.11,67.84,4,1049.22
4636,20241112,20241117,20241118,10,39,7,1,425.65,0.0,4.29,1,277.61
4637,20251119,20251121,20251122,9,4,6,4,514.98,0.0,17.06,3,297.45
4638,20241108,20241112,20241114,15,29,8,4,6197.85,619.79,84.74,15,3619.4
4639,20240710,20240712,20240713,5,24,6,2,832.6,41.63,9.53,1,489.83
4640,20250915,20250920,20250922,14,7,5,1,3637.55,0.0,41.05,7,2335.73
4641,20250204,20250209,20250210,12,9,5,4,11209.99,560.5,146.34,11,6385.06
4642,20240609,20240611,20240612,10,12,7,2,8295.0,0.0,117.07,12,4615.12
4643,20250812,20250815,20250816,25,28,5,1,1878.69,0.0,64.06,11,1083.99
4644,20240831,20240905,20240906,11,12,5,3,2734.44,273.44,75.7,12,1634.27
4645,20251219,20251224,20251226,22,34,5,2,1076.92,107.69,18.33,13,648.23
4646,20251123,20251125,20251127,23,15,7,1,2328.3,0.0,83.1,2,1301.35
4647,20241224,20241227,20241228,21,5,6,5,13793.8,0.0,471.61,17,8675.07
4648,20250507,20250511,20250513,10,4,7,1,14140.88,0.0,165.02,13,9861.9
4649,20250516,20250517,20250518,26,17,7,3,11146.22,1114.62,406.36,17,6910.97
4650,20250717,20250721,20250722,9,17,8,4,1236.64,0.0,13.22,2,858.05
4651,20240520,20240522,20240523,10,30,5,1,13441.68,672.08,242.96,14,8571.83
4652,20241121,20241124,20241126,28,20,6,4,9737.26,486.86,335.03,13,5790.09
4653,20240802,20240803,20240805,12,7,7,3,5574.4,0.0,108.01,8,3100.93
4654,20250818,20250823,20250825,22,9,6,2,21895.22,1094.76,763.52,19,15062.65
4655,20240520,20240521,20240523,2,23,5,3,925.32,46.27,32.22,1,511.83
4656,20250409,20250410,20250411,20,14,5,5,13927.06,1392.71,455.58,14,7907.99
4657,20250909,20250910,20250912,28,27,6,5,2222.28,111.11,71.63,2,1519.0
4658,20260215,20260220,20260221,23,37,6,1,653.08,0.0,24.02,1,395.15
4659,20241026,20241031,20241102,19,15,5,2,6047.86,0.0,202.09,7,3552.83
4660,20240406,20240407,20240408,27,23,6,3,2956.6,147.83,114.4,10,1865.98
4661,20250906,20250910,20250911,10,34,7,5,10076.08,503.8,354.26,19,5599.17
4662,20240402,20240404,20240406,13,9,8,4,5120.1,0.0,187.98,6,3186.37
4663,20240519,20240520,20240522,3,21,7,2,2479.05,247.91,76.92,5,1404.35
4664,20260318,20260320,20260321,22,13,5,4,4193.56,209.68,120.78,17,2529.27
4665,20251215,20251217,20251219,23,26,7,2,7174.0,0.0,186.8,10,4956.55
4666,20250825,20250827,20250828,24,30,5,1,747.78,0.0,26.82,1,422.11
4667,20251126,20251128,20251130,24,6,5,3,1066.96,53.35,10.88,2,716.66
4668,20240525,20240529,20240531,4,8,7,2,7774.76,0.0,255.9,7,5135.62
4669,20240604,20240609,20240610,21,1,6,3,11637.96,581.9,401.66,12,7387.56
4670,20241104,20241105,20241106,24,1,6,2,9495.75,949.58,192.27,15,5827.18
4671,20240418,20240422,20240423,7,3,8,4,6366.22,0.0,241.38,7,4293.33
4672,20260103,20260105,20260107,16,29,5,5,18762.22,1876.22,689.65,17,11569.08
4673,20240511,20240514,20240516,29,37,5,1,271.08,0.0,4.24,2,163.72
4674,20250429,20250430,20250501,14,17,7,3,6652.66,0.0,228.27,19,4518.28
4675,20251209,20251214,20251215,24,36,6,4,17547.9,877.4,427.63,15,10553.75
4676,20250914,20250915,20250917,17,30,8,1,3482.64,174.13,137.84,6,2053.72
4677,20240917,20240920,20240922,21,33,5,4,4806.18,0.0,92.1,18,3335.76
4678,20250307,20250311,20250312,20,30,6,3,1974.96,98.75,37.16,13,1360.96
4679,20250502,20250507,20250509,21,8,5,1,324.93,32.49,9.96,1,217.6
4680,20251008,20251010,20251012,25,21,5,4,1793.64,0.0,44.52,12,1083.01
4681,20250203,20250206,20250207,29,22,6,2,4964.24,496.42,143.61,8,2886.8
4682,20241024,20241027,20241028,10,26,7,1,18130.14,0.0,619.61,18,11400.57
4683,20251028,20251101,20251102,29,32,5,1,9307.34,0.0,320.99,19,6332.25
4684,20260101,20260104,20260105,20,5,8,4,9267.93,463.4,200.56,9,6356.17
4685,20250320,20250324,20250326,19,27,7,5,10310.4,0.0,132.99,10,7017.97
4686,20240421,20240426,20240427,11,34,6,2,3966.08,0.0,127.37,4,2729.18
4687,20250328,20250401,20250402,14,5,8,1,5510.88,275.54,170.2,12,3332.39
4688,20260103,20260106,20260107,21,17,6,1,3142.25,0.0,90.85,5,2151.15
4689,20260317,20260322,20260324,12,36,5,4,11406.3,0.0,235.4,10,7040.34
4690,20250115,20250119,20250121,10,1,8,2,21814.66,2181.47,763.66,19,14974.88
4691,20240718,20240721,20240723,26,7,5,2,3298.6,164.93,40.59,5,2212.87
4692,20250519,20250523,20250525,14,33,8,1,3082.25,0.0,99.26,5,1803.04
4693,20251122,20251124,20251125,21,7,8,2,3397.05,339.71,119.93,9,1982.78
4694,20260213,20260214,20260216,1,29,8,3,661.85,0.0,11.96,5,420.16
4695,20240508,20240511,20240513,3,37,6,3,1840.16,0.0,39.98,14,1254.92
4696,20241028,20241030,20241101,27,20,7,1,2739.27,0.0,33.78,3,1643.43
4697,20250312,20250317,20250319,5,20,8,2,16911.0,1691.1,494.76,15,11156.77
4698,20240611,20240613,20240615,25,18,5,2,6638.96,331.95,253.05,8,4187.91
4699,20260101,20260104,20260105,29,15,6,3,8296.1,414.81,215.11,10,4625.93
4700,20240621,20240622,20240624,16,16,6,1,8145.84,814.58,276.4,12,5008.73
4701,20250725,20250730,20250801,28,23,7,1,5456.23,0.0,67.33,13,3083.35
4702,20260125,20260127,20260129,14,36,7,3,18697.28,0.0,258.75,16,10531.26
4703,20250809,20250812,20250813,30,40,8,1,1064.23,0.0,38.75,1,643.25
4704,20251004,20251007,20251008,9,35,6,3,10016.4,1001.64,304.98,12,6710.56
4705,20241008,20241009,20241010,14,5,5,2,145.88,0.0,5.71,1,101.53
4706,20251120,20251123,20251124,13,13,5,1,2796.57,139.83,101.54,3,1556.37
4707,20250128,20250201,20250203,25,31,8,4,19005.89,950.29,228.16,19,11137.9
4708,20240515,20240519,20240521,2,22,6,2,7281.89,0.0,278.33,7,4466.57
4709,20241222,20241226,20241228,26,14,7,1,19497.42,974.87,334.92,18,13062.93
4710,20241209,20241210,20241211,1,13,7,4,4285.19,214.26,83.55,13,2743.9
4711,20250413,20250417,20250419,11,5,8,2,6270.66,0.0,186.89,18,4134.02
4712,20241009,20241010,20241012,19,14,5,5,3627.72,362.77,125.08,6,2372.39
4713,20250301,20250304,20250306,5,17,5,1,2314.62,115.73,33.28,6,1319.66
4714,20250204,20250206,20250207,16,17,7,4,16184.16,0.0,574.73,16,10286.82
4715,20241123,20241125,20241126,31,22,6,4,14925.4,746.27,445.77,14,8899.72
4716,20250817,20250819,20250820,26,11,8,1,7479.72,0.0,117.66,18,4528.72
4717,20241107,20241111,20241112,1,9,5,3,6442.52,322.13,127.71,7,3552.48
4718,20251006,20251008,20251009,19,36,6,4,2693.67,0.0,59.4,7,1877.68
4719,20240929,20241002,20241004,19,17,8,2,1776.28,0.0,20.6,11,1200.03
4720,20251217,20251222,20251224,3,11,8,2,1192.64,59.63,29.65,8,808.87
4721,20241220,20241225,20241227,21,26,5,5,4776.0,0.0,100.62,8,3195.23
4722,20240430,20240502,20240504,17,22,8,4,628.65,31.43,16.79,1,366.05
4723,20240718,20240720,20240721,22,24,5,5,4740.75,237.04,181.95,7,2780.3
4724,20251104,20251108,20251110,10,9,5,4,4704.9,0.0,98.78,10,2656.13
4725,20251222,20251226,20251228,9,29,8,4,1437.96,143.8,52.52,12,978.59
4726,20240901,20240902,20240904,24,8,5,4,1101.76,0.0,22.46,11,725.11
4727,20250610,20250612,20250614,23,34,6,3,7628.0,381.4,127.69,16,5028.28
4728,20250521,20250524,20250525,5,17,5,4,6090.98,0.0,89.45,7,4159.05
4729,20240706,20240710,20240712,7,17,7,3,11727.52,0.0,176.12,16,6612.29
4730,20250221,20250222,20250224,19,16,5,1,3396.33,169.82,78.38,9,2098.3
4731,20250815,20250820,20250821,26,17,6,3,13087.8,0.0,517.02,18,8106.13
4732,20260301,20260303,20260305,8,27,6,1,6094.08,0.0,202.78,12,3926.39
4733,20251204,20251208,20251209,8,20,7,5,5676.85,283.84,197.44,5,3129.78
4734,20240610,20240613,20240615,26,6,6,3,11278.5,0.0,151.42,10,7404.29
4735,20240919,20240923,20240924,22,23,5,3,492.92,0.0,8.65,1,274.17
4736,20250210,20250212,20250213,29,11,6,1,10931.16,0.0,301.76,12,6827.7
4737,20240718,20240720,20240721,25,5,6,3,18806.39,0.0,653.14,19,12198.78
4738,20250518,20250523,20250525,30,34,6,1,2081.68,208.17,38.44,2,1229.04
4739,20240407,20240411,20240413,6,13,7,4,3969.6,0.0,62.75,10,2274.61
4740,20240622,20240627,20240629,10,24,6,3,698.9,69.89,19.28,1,406.23
4741,20240505,20240509,20240511,9,7,6,2,9086.58,0.0,142.95,18,5594.9
4742,20241031,20241101,20241103,2,14,8,1,8289.82,0.0,298.64,11,4977.74
4743,20251004,20251005,20251007,25,16,6,3,4250.4,425.04,169.1,5,2599.34
4744,20240807,20240811,20240812,21,6,6,2,4678.0,0.0,139.62,4,2602.59
4745,20260315,20260318,20260319,3,39,5,4,8299.83,0.0,328.05,7,5590.68
4746,20241012,20241017,20241018,6,13,7,4,7206.6,0.0,243.57,10,4773.37
4747,20240503,20240504,20240505,6,24,7,4,7118.58,0.0,244.15,14,4955.82
4748,20241129,20241201,20241202,14,23,7,1,1279.62,63.98,39.26,9,832.67
4749,20250923,20250928,20250929,15,18,5,1,14957.28,747.86,468.21,18,9312.28
4750,20240617,20240621,20240623,10,24,6,5,2172.0,0.0,37.53,6,1497.97
4751,20240522,20240526,20240527,29,23,6,5,6316.8,0.0,148.24,8,3852.83
4752,20251206,20251207,20251208,8,4,8,1,2131.05,0.0,76.17,15,1385.77
4753,20250603,20250606,20250607,18,27,6,4,14022.9,0.0,304.84,15,8552.69
4754,20241205,20241209,20241211,15,5,6,2,298.4,0.0,11.0,1,191.52
4755,20250929,20251002,20251004,13,18,6,1,8094.16,404.71,144.05,8,4549.01
4756,20251202,20251205,20251207,26,15,8,5,12318.24,0.0,389.5,16,7892.99
4757,20241216,20241219,20241220,31,18,7,5,5401.83,270.09,102.01,7,3406.38
4758,20250511,20250512,20250514,1,3,8,5,2000.8,0.0,42.36,2,1236.81
4759,20240408,20240409,20240410,15,29,6,1,3294.85,0.0,75.07,13,1936.29
4760,20241108,20241113,20241114,4,17,8,2,2232.7,223.27,47.87,2,1288.35
4761,20250605,20250608,20250610,15,3,8,4,4382.7,219.14,142.82,10,3001.01
4762,20240821,20240822,20240823,20,1,7,4,2806.09,0.0,105.92,7,1789.0
4763,20260318,20260320,20260322,14,22,7,2,3153.52,315.35,33.18,4,2193.24
4764,20260304,20260307,20260309,11,27,8,3,1629.36,0.0,44.94,3,897.18
4765,20241004,20241008,20241010,11,22,8,1,10734.48,1073.45,166.58,12,5963.15
4766,20250112,20250117,20250118,10,29,6,3,15157.44,0.0,481.27,18,8693.73
4767,20240816,20240819,20240820,11,31,7,4,15442.25,1544.22,412.33,19,10348.17
4768,20250331,20250405,20250407,13,35,6,1,1603.35,0.0,59.18,7,1049.74
4769,20240629,20240701,20240702,22,40,5,1,3090.96,0.0,85.89,9,1946.19
4770,20250108,20250111,20250112,3,36,6,3,5279.25,0.0,101.64,15,3066.4
4771,20250507,20250510,20250511,2,32,8,3,6855.1,685.51,125.2,7,4318.4
4772,20250617,20250618,20250620,17,18,8,1,8056.0,0.0,244.4,8,4772.17
4773,20250606,20250610,20250612,22,21,8,1,431.57,0.0,5.63,1,290.68
4774,20240908,20240912,20240914,9,25,8,4,17215.33,0.0,583.88,19,10172.36
4775,20251025,20251028,20251029,8,7,7,1,9321.4,0.0,98.5,19,6008.65
4776,20250814,20250818,20250819,20,28,8,3,1166.28,58.31,15.37,6,673.83
4777,20250927,20250930,20251002,13,24,5,3,2719.08,271.91,32.11,18,1788.36
4778,20250305,20250309,20250311,24,21,6,2,10660.33,1066.03,311.76,19,6815.36
4779,20260106,20260111,20260112,5,34,5,3,4586.56,0.0,63.99,4,2542.31
4780,20250107,20250112,20250114,4,28,8,4,1809.92,0.0,70.14,7,1229.45
4781,20251104,20251106,20251107,18,38,7,3,3500.37,175.02,133.45,9,2340.34
4782,20240826,20240829,20240830,13,40,8,3,15851.48,0.0,225.81,17,10664.74
4783,20240926,20240929,20240930,23,34,6,2,12290.2,0.0,213.65,13,7286.25
4784,20250416,20250420,20250422,17,12,6,2,9114.55,455.73,266.89,17,5420.86
4785,20250507,20250508,20250510,12,8,7,2,9631.31,963.13,383.36,13,5697.85
4786,20250922,20250926,20250928,5,12,7,2,17766.52,888.33,605.39,19,9832.78
4787,20241102,20241107,20241109,5,29,6,2,1984.6,0.0,23.4,10,1101.41
4788,20251222,20251226,20251227,24,35,6,1,19927.8,0.0,474.24,18,13436.8
4789,20241125,20241129,20241201,7,36,7,4,2675.39,267.54,99.4,19,1511.35
4790,20250422,20250423,20250425,17,28,5,1,9799.02,0.0,126.69,14,6460.55
4791,20260203,20260206,20260207,26,28,5,5,13443.6,0.0,502.42,12,7764.81
4792,20250425,20250428,20250429,28,39,5,3,4571.44,228.57,78.15,4,2611.22
4793,20250807,20250808,20250809,10,28,5,1,13354.18,0.0,192.36,14,7989.28
4794,20260117,20260122,20260123,4,6,5,4,8192.03,0.0,164.86,7,4872.7
4795,20260306,20260309,20260310,25,21,5,2,6143.48,0.0,176.37,7,3812.49
4796,20250328,20250331,20250401,22,15,5,5,849.56,0.0,13.09,1,550.01
4797,20250127,20250131,20250201,11,26,8,5,12836.7,0.0,398.21,17,7684.69
4798,20240821,20240825,20240826,19,26,5,4,1828.11,0.0,55.96,3,1201.5
4799,20250424,20250426,20250428,6,12,7,3,1148.71,0.0,16.03,1,714.12
4800,20260124,20260129,20260130,23,12,5,5,4638.36,0.0,143.81,4,3231.47
4801,20250319,20250322,20250324,23,4,8,3,13718.51,0.0,231.59,13,8453.06
4802,20241208,20241210,20241212,10,12,5,4,2104.77,0.0,73.13,17,1213.65
4803,20240617,20240620,20240621,16,34,7,1,1900.32,0.0,37.18,12,1274.82
4804,20250107,20250108,20250110,12,27,7,5,488.58,48.86,10.3,1,303.81
4805,20240919,20240923,20240925,1,38,8,4,10969.2,0.0,130.63,10,7172.01
4806,20260308,20260313,20260315,4,38,7,1,5247.66,524.77,190.98,11,3494.72
4807,20250417,20250420,20250421,30,35,7,5,3043.48,0.0,75.91,11,1877.93
4808,20240709,20240713,20240715,15,8,8,4,21451.5,0.0,690.01,18,13725.32
4809,20240519,20240524,20240526,5,14,8,5,7985.88,0.0,128.16,7,4524.89
4810,20251207,20251210,20251211,2,3,6,1,7160.64,358.03,206.38,16,4242.88
4811,20260203,20260207,20260209,12,4,8,3,17446.42,872.32,238.19,17,11167.04
4812,20251004,20251005,20251007,31,10,8,4,2260.25,113.01,34.51,5,1402.65
4813,20240629,20240704,20240705,13,12,7,1,2818.08,281.81,50.16,6,1872.68
4814,20240611,20240613,20240615,31,1,8,4,10948.16,547.41,154.36,16,6853.43
4815,20240822,20240827,20240828,16,34,5,4,12406.72,0.0,345.8,16,8610.32
4816,20250926,20251001,20251003,24,22,7,1,255.48,0.0,9.0,2,142.45
4817,20251006,20251008,20251010,25,27,7,4,5916.1,295.8,128.93,5,3322.95
4818,20251127,20251201,20251203,1,27,8,1,16745.1,1674.51,225.93,15,10545.72
4819,20240610,20240614,20240616,1,39,5,4,8740.24,874.02,297.69,8,5349.56
4820,20240720,20240724,20240726,29,6,8,4,930.53,0.0,13.25,1,617.42
4821,20260111,20260115,20260116,29,14,5,2,2725.35,0.0,27.87,3,1815.67
4822,20260201,20260205,20260207,4,13,6,3,5178.96,0.0,194.71,8,3145.7
4823,20250907,20250912,20250913,21,23,7,2,9165.24,0.0,179.54,14,5688.32
4824,20240616,20240621,20240623,29,22,6,1,3353.64,335.36,61.31,3,2137.76
4825,20240520,20240525,20240527,30,32,8,4,2035.92,0.0,70.62,8,1208.06
4826,20240511,20240512,20240513,10,23,8,1,10910.0,0.0,288.26,10,7564.16
4827,20250814,20250815,20250816,26,10,5,2,5210.08,0.0,171.28,16,2927.85
4828,20251203,20251205,20251206,21,23,6,1,4106.28,0.0,87.8,12,2514.05
4829,20250701,20250706,20250707,29,39,5,4,2858.56,0.0,111.14,16,1851.08
4830,20241007,20241011,20241012,5,24,7,4,2195.12,0.0,46.24,2,1267.14
4831,20250930,20251001,20251002,20,24,8,1,5273.52,263.68,118.16,14,3126.74
4832,20240513,20240515,20240516,1,8,7,1,10048.35,0.0,149.21,15,6903.45
4833,20251120,20251123,20251124,12,1,5,1,3518.69,0.0,136.54,7,2255.68
4834,20260105,20260107,20260109,1,9,5,1,591.46,0.0,9.25,2,378.98
4835,20250902,20250905,20250906,15,2,5,2,2829.42,0.0,72.8,6,1604.15
4836,20251227,20251231,20260102,26,19,6,4,8671.2,0.0,284.37,8,5866.32
4837,20250529,20250603,20250604,21,36,7,3,433.68,0.0,5.96,2,292.1
4838,20250305,20250306,20250307,11,18,5,1,601.0,0.0,21.02,1,402.93
4839,20241120,20241122,20241123,14,26,8,3,7554.75,0.0,278.59,15,4892.62
4840,20260127,20260201,20260202,13,35,6,4,5488.56,0.0,209.41,12,3279.04
4841,20250818,20250822,20250824,23,31,7,2,2251.26,112.56,59.0,6,1564.93
4842,20240816,20240821,20240822,9,27,7,1,4904.16,0.0,71.91,12,3026.92
4843,20260221,20260224,20260226,3,32,7,4,6531.48,653.15,154.5,9,4450.7
4844,20240513,20240515,20240517,17,12,6,1,4453.48,0.0,128.56,4,2519.07
4845,20250530,20250602,20250604,26,17,6,4,2701.44,270.14,69.06,3,1553.68
4846,20240816,20240821,20240823,16,16,6,4,17722.24,0.0,274.44,16,10843.72
4847,20250725,20250729,20250730,8,32,5,4,5302.26,265.11,164.65,18,3348.2
4848,20250124,20250125,20250126,2,17,6,1,3082.0,0.0,109.89,4,1698.12
4849,20250211,20250216,20250218,30,38,8,1,13296.21,664.81,170.23,17,9249.92
4850,20250730,20250801,20250802,24,8,8,4,286.77,0.0,9.39,1,169.19
4851,20250929,20251003,20251004,5,7,8,2,14054.85,702.74,458.44,15,7799.03
4852,20241231,20250105,20250106,3,29,6,2,12075.27,603.76,129.6,17,7711.51
4853,20260323,20260326,20260328,4,31,6,3,2773.6,277.36,84.98,4,1562.44
4854,20250327,20250328,20250329,13,28,5,1,9612.72,480.64,360.62,12,6046.23
4855,20240725,20240727,20240729,26,13,6,3,8667.9,0.0,320.04,15,5304.31
4856,20240405,20240409,20240410,5,1,7,5,4778.5,238.92,123.17,19,2727.39
4857,20240825,20240830,20240831,26,13,6,4,2724.84,136.24,93.95,12,1766.1
4858,20250813,20250818,20250819,1,19,7,2,5791.7,0.0,182.19,5,3502.85
4859,20250426,20250501,20250502,24,17,5,5,4586.3,458.63,88.36,10,2686.41
4860,20241201,20241206,20241208,10,37,6,4,2646.5,0.0,92.49,5,1822.66
4861,20250315,20250319,20250321,30,35,6,1,265.7,13.28,9.11,2,182.3
4862,20251127,20251129,20251130,16,32,6,4,1600.2,160.02,43.64,4,977.97
4863,20250519,20250524,20250525,10,1,5,1,1032.2,0.0,31.2,5,679.25
4864,20240513,20240514,20240516,9,6,6,1,5311.04,0.0,56.45,7,3000.6
4865,20240506,20240507,20240509,26,18,8,3,3548.82,0.0,49.77,3,2375.25
4866,20250315,20250317,20250318,14,25,8,1,2177.07,0.0,30.85,7,1223.48
4867,20250118,20250120,20250121,12,28,6,1,7446.14,0.0,251.48,13,4116.74
4868,20251206,20251207,20251209,24,12,6,3,2003.22,200.32,53.13,9,1148.48
4869,20250527,20250528,20250530,18,5,7,1,1232.44,61.62,30.28,2,692.57
4870,20250930,20251005,20251006,21,14,6,3,3477.72,347.77,69.99,6,2173.66
4871,20250529,20250531,20250601,15,32,7,1,17665.74,1766.57,592.82,18,10761.65
4872,20241206,20241208,20241209,2,40,6,4,12338.56,0.0,257.42,16,8106.17
4873,20250720,20250724,20250726,1,38,8,4,8500.8,0.0,99.24,11,5280.16
4874,20250624,20250627,20250629,2,24,7,1,268.72,13.44,5.96,1,149.73
4875,20250903,20250906,20250907,19,4,8,4,1803.39,90.17,44.35,3,1200.85
4876,20240815,20240820,20240822,17,39,8,1,2652.57,265.26,56.41,9,1824.77
4877,20250708,20250709,20250710,24,7,6,1,3449.25,0.0,110.75,7,2211.86
4878,20241024,20241028,20241030,28,11,6,2,7970.83,0.0,149.54,7,5392.06
4879,20251024,20251026,20251028,6,39,5,1,20724.3,1036.21,747.83,18,11969.45
4880,20251030,20251102,20251104,30,21,7,1,15795.89,1579.59,274.15,17,10487.64
4881,20250626,20250628,20250629,29,8,7,4,10584.45,0.0,356.83,9,6351.4
4882,20260214,20260219,20260221,20,21,6,4,12972.96,648.65,166.54,14,8565.95
4883,20250424,20250427,20250428,17,4,5,5,1372.14,0.0,27.19,6,859.63
4884,20240419,20240420,20240421,6,13,8,5,711.01,35.55,19.86,1,447.0
4885,20250613,20250618,20250619,6,39,5,2,2859.8,0.0,102.82,5,1951.17
4886,20251015,20251019,20251020,1,12,7,1,2571.3,0.0,99.04,9,1783.67
4887,20240613,20240617,20240619,21,36,5,1,6887.5,0.0,79.56,19,3803.66
4888,20240615,20240620,20240622,14,22,5,3,2785.51,278.55,28.9,13,1568.29
4889,20241015,20241017,20241018,6,27,8,4,2804.0,140.2,75.47,4,1815.16
4890,20251202,20251204,20251205,5,29,7,1,1029.42,0.0,37.26,1,716.9
4891,20250417,20250418,20250420,2,23,5,1,12370.32,0.0,187.79,18,8542.5
4892,20260307,20260311,20260313,21,2,5,2,697.66,69.77,23.66,1,461.68
4893,20251223,20251226,20251227,22,37,6,4,1842.05,0.0,72.44,7,1040.17
4894,20250507,20250511,20250513,20,20,7,2,9205.98,0.0,96.05,14,6063.15
4895,20250804,20250806,20250807,4,27,6,4,3098.73,309.87,86.05,3,1836.42
4896,20241126,20241128,20241130,2,23,8,2,2956.94,147.85,74.72,14,1885.99
4897,20240605,20240607,20240608,4,27,7,2,2027.04,0.0,34.69,12,1126.34
4898,20250114,20250115,20250116,24,15,7,2,731.85,0.0,9.61,5,448.1
4899,20250603,20250606,20250608,24,34,6,4,14176.2,0.0,154.85,15,8938.16
4900,20240810,20240813,20240814,10,9,7,4,3583.1,0.0,100.21,5,2476.24
4901,20240908,20240913,20240914,2,27,8,2,1522.08,0.0,18.8,4,839.54
4902,20240411,20240412,20240414,11,24,5,1,10546.92,527.35,378.85,18,6977.7
4903,20250913,20250918,20250919,26,21,7,1,6762.42,0.0,205.57,18,4327.48
4904,20260111,20260116,20260118,5,1,8,1,13138.8,1313.88,201.14,12,7385.51
4905,20251120,20251125,20251127,25,16,6,1,5924.4,296.22,176.86,6,3613.18
4906,20241231,20250101,20250102,15,2,8,1,17971.56,0.0,384.95,18,12134.25
4907,20250604,20250607,20250608,5,21,6,4,3442.8,172.14,96.78,5,2373.86
4908,20260224,20260301,20260302,30,28,5,4,7063.29,0.0,226.86,9,4844.28
4909,20250602,20250607,20250609,17,21,8,4,2674.24,133.71,86.23,16,1827.86
4910,20241031,20241102,20241103,22,31,6,4,6891.84,0.0,205.66,16,4242.6
4911,20241201,20241205,20241206,3,15,8,5,14211.84,1421.18,224.98,12,8891.15
4912,20250908,20250911,20250912,13,13,6,5,3403.16,0.0,103.03,4,2319.75
4913,20250217,20250222,20250223,20,18,6,1,7979.3,398.96,207.28,14,4858.39
4914,20251127,20251130,20251202,21,10,7,1,1732.06,0.0,27.92,2,1070.55
4915,20251216,20251217,20251219,2,33,6,1,8050.11,0.0,181.8,19,4695.09
4916,20240426,20240430,20240502,20,33,8,4,179.06,17.91,3.94,1,115.31
4917,20250905,20250908,20250909,30,17,5,1,796.02,0.0,28.78,2,485.28
4918,20241224,20241225,20241227,25,32,5,1,10509.84,525.49,147.65,12,6695.2
4919,20250411,20250413,20250414,7,2,5,3,19434.42,0.0,349.52,18,11719.61
4920,20241009,20241011,20241013,29,7,6,3,5801.3,290.06,91.31,5,3215.34
4921,20241223,20241224,20241225,22,12,5,3,10337.53,0.0,226.0,17,5850.14
4922,20241125,20241127,20241129,2,16,6,4,3421.53,0.0,99.77,3,2124.47
4923,20240507,20240511,20240513,4,10,5,3,9446.9,0.0,283.63,10,5975.88
4924,20251018,20251019,20251020,29,21,8,4,1929.3,192.93,73.21,6,1088.85
4925,20240713,20240718,20240719,7,32,5,1,3308.64,0.0,81.86,4,2279.77
4926,20241228,20250101,20250102,3,19,8,4,3763.8,0.0,47.34,17,2564.33
4927,20240818,20240819,20240820,15,18,8,3,12477.96,623.9,398.8,11,7097.12
4928,20240726,20240730,20240801,17,3,7,1,3368.01,336.8,134.11,3,2015.6
4929,20241226,20241229,20241230,19,12,8,5,8658.6,865.86,221.36,12,5962.81
4930,20260125,20260126,20260128,21,33,8,5,5484.06,0.0,183.28,9,3697.32
4931,20260212,20260216,20260217,31,33,8,4,5195.7,519.57,202.99,9,3581.8
4932,20250101,20250104,20250105,24,5,7,5,4781.4,239.07,72.33,12,2706.33
4933,20250401,20250406,20250407,1,1,7,2,6780.32,0.0,131.45,8,4526.69
4934,20260314,20260315,20260316,3,34,6,1,2269.8,226.98,72.08,13,1288.1
4935,20240917,20240919,20240921,1,7,7,1,1191.8,0.0,27.25,1,762.23
4936,20260213,20260217,20260218,13,23,6,4,8254.48,0.0,258.01,13,4762.16
4937,20240616,20240620,20240621,12,34,5,4,3790.44,0.0,125.45,9,2545.62
4938,20240911,20240915,20240916,30,32,8,5,6519.33,0.0,128.19,9,4541.71
4939,20241201,20241205,20241206,12,23,7,4,5451.68,545.17,176.7,8,3408.59
4940,20240427,20240502,20240504,1,16,7,3,6348.16,634.82,176.23,8,4253.25
4941,20251111,20251114,20251115,28,31,6,1,2583.09,0.0,82.71,3,1501.74
4942,20251210,20251211,20251213,9,28,8,1,3790.3,379.03,109.39,10,2329.81
4943,20250103,20250105,20250106,29,34,7,2,11988.1,0.0,258.08,10,7546.89
4944,20251126,20251127,20251128,25,21,5,4,6340.48,317.02,219.62,16,3991.69
4945,20251011,20251013,20251014,28,38,8,1,2585.19,0.0,69.11,17,1469.16
4946,20251101,20251103,20251105,26,31,8,5,997.5,49.88,37.52,10,690.52
4947,20251102,20251105,20251106,5,3,8,4,587.09,29.35,15.86,7,374.03
4948,20250520,20250525,20250527,20,12,6,1,8328.8,416.44,296.04,16,5194.93
4949,20240620,20240623,20240624,14,32,5,4,15310.96,0.0,561.42,14,9172.95
4950,20260128,20260130,20260131,20,5,5,3,7596.18,379.81,240.23,18,5228.45
4951,20250615,20250617,20250619,24,29,7,4,13634.1,1363.41,364.35,15,9314.04
4952,20260112,20260117,20260118,17,14,8,2,228.02,0.0,8.75,1,132.15
4953,20260223,20260225,20260226,11,9,5,2,958.32,95.83,26.33,8,541.13
4954,20240814,20240815,20240816,29,22,7,1,19297.8,0.0,422.4,18,13183.74
4955,20250116,20250120,20250122,21,38,5,3,2934.9,293.49,61.32,10,1869.45
4956,20240818,20240820,20240821,28,36,8,4,7971.76,797.18,140.01,8,4865.26
4957,20240507,20240511,20240512,9,17,5,5,4918.48,0.0,154.12,14,3005.18
4958,20260228,20260301,20260302,27,1,8,4,1851.03,0.0,19.94,3,1237.72
4959,20260128,20260131,20260202,11,36,5,1,1086.2,0.0,29.93,10,754.35
4960,20260203,20260208,20260209,15,36,6,5,3252.72,0.0,121.71,6,2175.01
4961,20251230,20260103,20260105,27,25,7,1,12622.74,0.0,400.46,13,8038.09
4962,20250714,20250715,20250717,12,26,8,1,2083.08,0.0,28.51,6,1231.08
4963,20250413,20250415,20250417,9,22,6,4,1666.94,83.35,23.05,2,1091.14
4964,20260318,20260321,20260322,29,1,8,5,2537.08,0.0,83.29,4,1617.69
4965,20250505,20250510,20250512,30,7,5,5,1822.8,182.28,35.02,12,1132.31
4966,20250709,20250712,20250713,11,6,6,4,18257.1,1825.71,568.54,19,12042.2
4967,20240901,20240905,20240906,11,37,8,1,9452.88,472.64,303.83,9,5214.75
4968,20250922,20250926,20250928,8,2,6,1,5366.79,536.68,157.7,11,3699.4
4969,20251114,20251115,20251116,1,23,7,1,2372.72,118.64,48.29,14,1389.9
4970,20250804,20250805,20250806,18,15,6,3,124.88,6.24,1.75,1,72.33
4971,20250327,20250329,20250330,9,1,6,2,20279.64,0.0,344.41,17,11688.7
4972,20240822,20240827,20240829,27,37,8,1,10537.78,0.0,359.47,11,6565.56
4973,20240425,20240429,20240430,6,1,7,2,18264.51,913.23,382.12,19,11578.66
4974,20250628,20250629,20250701,21,35,7,3,2658.75,132.94,70.63,5,1805.87
4975,20250807,20250811,20250812,17,32,7,4,5558.4,0.0,209.06,5,3264.13
4976,20251011,20251013,20251014,20,32,8,2,11241.1,0.0,398.64,10,7027.76
4977,20260217,20260219,20260221,4,7,6,1,6586.64,0.0,196.05,8,3797.16
4978,20250326,20250327,20250329,15,36,8,4,10695.02,0.0,139.25,14,6856.61
4979,20251121,20251122,20251123,20,24,7,4,2340.33,234.03,32.04,3,1453.51
4980,20250831,20250905,20250907,12,17,8,1,20331.9,0.0,696.17,18,11910.06
4981,20241018,20241019,20241020,28,28,8,1,7164.0,0.0,172.81,15,4129.24
4982,20251203,20251205,20251207,17,14,5,5,4699.8,234.99,123.43,9,3076.3
4983,20240509,20240514,20240516,12,12,6,4,4787.92,0.0,58.69,4,3070.94
4984,20250607,20250610,20250612,1,12,6,1,2864.4,0.0,67.35,7,1698.79
4985,20260209,20260211,20260213,6,23,6,3,4206.45,0.0,55.25,15,2572.47
4986,20250721,20250722,20250723,16,25,6,3,324.21,0.0,12.77,3,178.85
4987,20260207,20260209,20260211,14,10,5,1,1466.22,73.31,19.25,2,1003.2
4988,20240511,20240514,20240516,28,10,8,1,8242.65,0.0,279.3,13,4654.72
4989,20250420,20250423,20250424,25,38,8,5,3710.7,371.07,64.67,18,2411.15
4990,20251017,20251020,20251021,5,21,7,3,12330.72,0.0,411.62,16,8525.45
4991,20250709,20250711,20250713,19,35,6,1,1455.72,0.0,46.86,4,828.37
4992,20251228,20251231,20260101,15,14,8,4,714.99,0.0,13.53,1,455.77
4993,20250301,20250305,20250307,4,12,6,2,1796.48,89.82,34.31,16,1182.91
4994,20250807,20250809,20250811,21,12,6,3,13078.26,0.0,220.19,13,8042.68
4995,20250129,20250201,20250203,18,22,8,1,6623.04,331.15,157.17,8,4277.34
4996,20251222,20251227,20251228,3,32,8,1,2893.28,289.33,95.22,4,2013.85
4997,20240626,20240630,20240702,16,21,7,1,12489.08,624.45,401.07,19,7851.76
4998,20241001,20241006,20241007,23,12,5,5,1174.26,58.71,30.0,1,706.51
4999,20240609,20240614,20240616,11,39,5,3,425.25,0.0,9.48,3,269.79
5000,20250821,20250826,20250827,12,23,8,4,4606.08,0.0,169.44,6,2876.09
5001,20240916,20240920,20240921,4,16,6,1,996.12,0.0,35.47,6,600.67
5002,20241116,20241121,20241123,7,1,7,4,3336.8,0.0,105.63,4,1870.92
5003,20251126,20251130,20251201,31,23,6,2,13107.34,0.0,148.9,19,7232.24
5004,20241217,20241221,20241223,20,25,6,4,1553.7,155.37,49.47,3,1087.41
5005,20240715,20240720,20240722,6,38,8,2,2492.49,0.0,72.88,13,1702.24
5006,20240416,20240420,20240421,16,10,7,3,3905.44,390.54,127.33,11,2449.22
5007,20240911,20240915,20240916,6,7,6,1,1086.86,0.0,20.77,2,717.05
5008,20260122,20260127,20260128,15,40,6,1,2240.75,0.0,31.52,5,1350.44
5009,20250502,20250504,20250505,5,23,5,4,7412.58,741.26,229.95,14,4650.07
5010,20260321,20260323,20260325,20,2,7,1,8745.21,437.26,230.27,9,4851.55
5011,20240903,20240905,20240906,19,5,7,1,2417.31,120.87,25.7,7,1583.35
5012,20241211,20241216,20241217,21,20,5,5,6786.0,0.0,101.42,15,4014.36
5013,20240727,20240729,20240730,15,25,6,1,2313.72,0.0,41.49,18,1514.05
5014,20250114,20250117,20250119,10,10,7,3,3272.36,0.0,122.11,7,2055.82
5015,20250513,20250514,20250516,9,15,5,4,1843.86,92.19,43.95,2,1284.93
5016,20251106,20251110,20251111,8,30,8,4,5127.6,256.38,131.46,5,3235.6
5017,20241223,20241228,20241229,14,39,8,1,687.6,0.0,25.81,3,400.31
5018,20251010,20251013,20251015,15,20,7,3,1519.5,0.0,32.15,10,1055.19
5019,20250627,20250629,20250701,22,17,5,3,771.2,77.12,19.79,4,484.25
5020,20241028,20241029,20241031,2,15,7,2,1428.88,71.44,14.69,4,961.01
5021,20260120,20260122,20260123,10,6,8,4,6580.2,0.0,130.59,15,3645.55
5022,20250208,20250211,20250213,27,3,5,5,10658.52,0.0,183.77,12,6284.63
5023,20240719,20240721,20240723,29,34,8,1,4225.69,0.0,67.49,7,2771.85
5024,20260226,20260302,20260303,29,2,8,1,5356.29,0.0,111.62,19,3428.39
5025,20260121,20260124,20260125,11,33,5,4,18235.9,1823.59,596.69,17,11428.36
5026,20240506,20240509,20240510,5,10,5,2,16057.2,1605.72,189.84,15,9422.27
5027,20260113,20260117,20260119,6,28,7,4,1530.0,153.0,43.32,15,1029.69
5028,20260214,20260217,20260218,4,39,8,1,2591.36,129.57,87.35,16,1466.23
5029,20251121,20251125,20251126,30,30,8,1,8072.8,403.64,170.46,10,4564.62
5030,20241002,20241004,20241005,28,30,7,4,5183.55,0.0,132.14,15,2918.79
5031,20250701,20250704,20250706,26,11,7,5,2255.85,0.0,46.67,9,1406.43
5032,20250425,20250427,20250428,23,24,7,1,1441.53,0.0,16.11,9,847.07
5033,20250623,20250625,20250627,12,26,7,4,534.94,53.49,20.23,2,309.85
5034,20250620,20250623,20250625,16,18,8,2,1805.3,90.26,39.79,14,1022.26
5035,20250707,20250709,20250710,27,2,5,1,3160.95,0.0,87.7,13,2090.0
5036,20250407,20250412,20250413,26,37,5,3,1740.6,0.0,41.08,4,1122.43
5037,20250813,20250817,20250818,17,8,5,1,6663.04,333.15,126.5,8,4545.87
5038,20250416,20250420,20250422,27,39,8,4,2189.74,0.0,68.94,14,1411.95
5039,20240412,20240413,20240415,12,38,7,1,15057.54,752.88,169.57,18,9484.16
5040,20240426,20240428,20240429,14,1,5,2,11298.6,0.0,418.07,10,7496.45
5041,20260222,20260226,20260227,27,30,5,1,9239.23,0.0,233.05,13,6244.29
5042,20260118,20260121,20260122,13,26,6,4,5525.05,552.5,127.76,5,3213.67
5043,20250529,20250601,20250603,24,10,5,5,4405.5,0.0,44.49,6,2594.33
5044,20240805,20240806,20240807,15,33,7,2,6805.62,0.0,150.9,6,4746.58
5045,20251017,20251020,20251022,10,5,6,2,8071.84,403.59,247.78,7,5075.45
5046,20240713,20240718,20240720,7,10,6,5,7084.48,0.0,114.81,16,4167.87
5047,20241229,20241231,20250101,20,38,5,1,3098.28,309.83,70.44,3,1873.32
5048,20241125,20241126,20241128,16,30,7,4,8200.08,0.0,245.2,8,5357.66
5049,20240409,20240414,20240415,13,5,8,3,8180.0,409.0,141.86,16,4791.09
5050,20251105,20251108,20251110,24,6,7,4,16774.74,838.74,187.37,18,11095.15
5051,20250404,20250407,20250409,1,11,8,1,21241.05,0.0,625.17,19,12067.59
5052,20241115,20241119,20241121,3,3,8,1,754.06,0.0,28.2,2,513.26
5053,20250402,20250405,20250407,30,8,8,1,2941.14,0.0,76.19,6,1974.5
5054,20240401,20240403,20240405,21,23,7,1,16089.9,0.0,478.59,15,11151.68
5055,20250210,20250213,20250215,18,1,5,1,3472.43,347.24,42.61,13,1967.39
5056,20250411,20250413,20250415,1,12,6,5,9072.0,0.0,177.82,10,5447.58
5057,20241202,20241203,20241204,19,13,6,1,4577.92,0.0,131.46,16,2879.64
5058,20251122,20251123,20251124,15,39,7,1,936.46,93.65,24.75,1,609.28
5059,20240928,20241001,20241002,19,39,8,1,273.25,0.0,4.14,1,155.07
5060,20240709,20240712,20240713,2,34,7,2,3905.02,390.5,108.75,7,2692.16
5061,20250417,20250422,20250423,18,14,6,3,5481.99,274.1,68.23,9,3156.54
5062,20260102,20260104,20260106,19,22,8,1,1735.72,86.79,19.0,2,1150.49
5063,20241228,20241230,20241231,10,21,7,4,5403.7,270.18,103.28,5,3163.1
5064,20240504,20240509,20240510,2,35,8,4,18962.0,0.0,199.31,19,12130.93
5065,20260303,20260308,20260309,31,30,7,1,2998.2,149.91,97.29,6,1885.41
5066,20250216,20250217,20250219,23,37,7,4,3367.36,0.0,68.89,16,2332.63
5067,20240804,20240809,20240810,20,23,6,2,2624.57,0.0,70.39,13,1517.8
5068,20250620,20250624,20250626,25,37,6,2,4590.12,229.51,125.23,4,2653.42
5069,20241118,20241123,20241124,22,30,6,5,2221.73,111.09,48.9,7,1347.95
5070,20260208,20260212,20260214,5,30,6,4,18547.2,0.0,416.06,16,11693.63
5071,20241030,20241031,20241101,15,27,7,2,2650.65,0.0,29.78,5,1770.51
5072,20250503,20250504,20250506,28,14,6,2,6106.24,305.31,183.92,7,3956.88
5073,20250428,20250429,20250501,10,25,5,1,4946.56,0.0,183.2,16,2883.76
5074,20240923,20240926,20240927,31,15,5,3,1398.42,0.0,20.59,3,794.16
5075,20250327,20250401,20250403,2,26,8,4,9886.46,494.32,264.55,19,5458.1
5076,20240618,20240619,20240621,11,11,6,1,1085.04,108.5,31.19,9,597.35
5077,20250710,20250713,20250714,12,32,7,5,11383.5,0.0,439.8,10,7906.08
5078,20251001,20251003,20251005,20,23,8,4,3633.3,363.33,113.63,5,2412.58
5079,20260216,20260221,20260222,6,29,5,1,5542.0,0.0,162.63,5,3783.56
5080,20241122,20241124,20241126,7,9,8,4,4888.73,488.87,185.06,7,3017.35
5081,20241024,20241028,20241029,21,32,7,4,2865.72,0.0,30.5,12,1781.01
5082,20250502,20250503,20250505,10,33,7,1,1943.92,194.39,34.97,11,1329.04
5083,20250814,20250815,20250817,28,6,6,3,1256.9,125.69,45.38,2,821.98
5084,20260319,20260323,20260324,28,15,7,4,1295.94,129.59,42.91,6,770.41
5085,20240419,20240420,20240421,11,28,5,5,1936.13,96.81,38.79,7,1168.56
5086,20240920,20240923,20240925,18,35,6,1,598.08,0.0,15.59,1,388.98
5087,20241007,20241008,20241010,11,30,8,4,2684.55,134.23,60.09,11,1621.22
5088,20241002,20241006,20241008,12,19,6,4,3580.95,179.05,84.84,3,2020.22
5089,20250302,20250304,20250306,22,12,7,5,5155.54,515.55,61.94,13,3065.1
5090,20251223,20251227,20251229,10,37,8,1,7852.95,0.0,264.54,15,5456.54
5091,20240423,20240424,20240425,5,35,7,3,6209.52,310.48,165.48,8,4103.15
5092,20251111,20251113,20251114,9,36,6,4,5622.24,0.0,148.03,13,3648.41
5093,20250621,20250622,20250624,29,13,8,1,2458.72,0.0,79.51,11,1406.42
5094,20250619,20250621,20250622,9,18,8,2,10242.84,0.0,207.15,17,6185.47
5095,20250804,20250808,20250810,12,10,7,3,13593.17,1359.32,526.46,19,8240.55
5096,20240623,20240624,20240626,20,39,5,3,3135.86,0.0,121.58,14,1904.81
5097,20250922,20250927,20250928,4,35,6,4,2113.68,0.0,49.17,3,1359.94
5098,20240927,20240928,20240929,10,7,6,1,3425.34,171.27,71.38,3,2097.52
5099,20250409,20250413,20250415,6,10,5,4,10423.04,0.0,123.67,17,6156.9
5100,20250803,20250808,20250809,29,23,6,1,2321.5,0.0,59.43,10,1367.71
5101,20250611,20250613,20250614,29,17,5,4,1522.2,0.0,24.17,4,851.14
5102,20241120,20241121,20241123,24,19,7,2,4946.46,494.65,191.53,19,3283.4
5103,20250112,20250113,20250114,9,15,6,1,6386.34,0.0,205.83,6,4079.81
5104,20250311,20250316,20250317,20,27,7,5,13982.04,699.1,478.98,12,7926.05
5105,20240430,20240503,20240504,21,36,6,4,16636.34,1663.63,295.08,14,11108.78
5106,20250907,20250908,20250910,28,37,7,1,12632.2,631.61,162.65,14,8226.9
5107,20240612,20240617,20240619,5,19,7,1,4035.85,403.58,119.08,13,2615.95
5108,20250226,20250228,20250301,24,34,5,3,7167.84,0.0,140.9,12,4195.84
5109,20250718,20250722,20250724,6,28,6,5,9256.2,925.62,208.1,12,6151.84
5110,20240529,20240603,20240604,19,8,7,1,10021.32,0.0,373.87,18,5963.06
5111,20260321,20260324,20260325,28,32,7,5,10170.86,1017.09,365.4,14,5833.08
5112,20241229,20250101,20250103,2,15,5,1,312.0,15.6,6.34,1,203.61
5113,20240412,20240417,20240418,5,26,8,4,3149.0,157.45,54.67,5,1914.94
5114,20250721,20250724,20250726,26,29,5,2,963.8,48.19,25.93,5,543.11
5115,20250509,20250512,20250514,1,38,8,1,4187.54,0.0,118.55,7,2895.01
5116,20250707,20250712,20250713,22,38,7,5,9796.5,0.0,263.84,10,5906.7
5117,20250925,20250926,20250927,17,33,6,1,14880.74,0.0,188.22,14,9570.67
5118,20250310,20250314,20250316,12,21,5,5,1701.3,170.13,51.73,15,1016.08
5119,20251119,20251120,20251121,27,17,8,1,2152.3,0.0,45.64,2,1504.31
5120,20241224,20241229,20241231,27,18,7,1,11943.52,597.18,454.9,17,7871.95
5121,20250430,20250504,20250505,11,39,8,5,2073.33,207.33,32.34,7,1147.03
5122,20240724,20240727,20240729,1,9,8,4,4038.93,0.0,145.98,9,2295.9
5123,20250623,20250624,20250626,4,21,5,1,8611.56,0.0,151.69,12,5040.56
5124,20241007,20241012,20241014,4,28,7,3,8463.0,846.3,128.57,12,5036.27
5125,20250817,20250822,20250824,31,1,6,1,888.17,0.0,15.17,1,569.09
5126,20251101,20251103,20251105,19,26,8,4,717.8,0.0,25.48,5,458.89
5127,20251213,20251215,20251217,22,11,5,1,5673.42,0.0,62.09,9,3257.58
5128,20260201,20260206,20260208,8,12,5,3,11543.17,577.16,352.27,17,7601.34
5129,20240628,20240703,20240705,27,25,7,1,1193.16,0.0,30.65,12,657.86
5130,20240709,20240714,20240716,23,1,7,4,1889.72,0.0,20.47,4,1118.78
5131,20260130,20260201,20260202,24,7,7,5,13311.0,0.0,168.3,18,8821.12
5132,20250101,20250103,20250105,16,19,6,4,1157.1,57.86,20.79,14,681.95
5133,20240419,20240424,20240425,22,24,6,2,6942.72,0.0,202.16,6,4333.23
5134,20241025,20241030,20241101,18,5,8,1,3186.89,0.0,114.34,7,2078.48
5135,20251126,20251128,20251130,13,15,8,1,9542.24,0.0,117.37,8,5775.17
5136,20241213,20241214,20241216,19,13,8,4,2031.1,0.0,41.12,19,1417.94
5137,20240526,20240527,20240528,11,22,6,1,5876.15,0.0,176.97,7,3311.05
5138,20250905,20250910,20250911,30,13,8,3,1109.73,110.97,37.79,3,638.69
5139,20240819,20240823,20240825,23,1,6,2,1892.64,189.26,39.61,8,1322.61
5140,20241212,20241215,20241216,24,22,8,5,1088.24,0.0,40.5,8,658.85
5141,20240403,20240406,20240407,23,34,8,3,8747.84,0.0,219.31,16,5958.37
5142,20250610,20250613,20250615,15,24,5,3,5550.16,0.0,63.88,11,3279.47
5143,20250216,20250220,20250222,30,15,8,5,4303.2,430.32,114.53,6,2662.6
5144,20251218,20251223,20251225,8,20,7,5,2332.92,0.0,32.4,2,1574.56
5145,20241128,20241130,20241202,19,6,8,3,7045.14,704.51,236.04,17,3897.76
5146,20240826,20240829,20240831,3,10,7,4,8413.77,0.0,96.9,19,4686.81
5147,20240730,20240802,20240803,10,18,5,3,1318.98,0.0,33.59,3,789.89
5148,20240823,20240828,20240830,19,24,8,2,3391.65,0.0,85.52,9,2057.99
5149,20250221,20250225,20250226,16,20,5,1,7261.66,726.17,202.98,14,4214.1
5150,20240603,20240608,20240609,30,39,8,4,1466.68,73.33,50.9,4,1020.56
5151,20250116,20250121,20250122,20,26,5,4,16562.55,0.0,473.63,15,10082.05
5152,20251209,20251211,20251212,14,1,8,1,20342.37,0.0,680.37,17,13876.38
5153,20251008,20251012,20251014,14,21,6,1,1239.22,123.92,34.89,2,782.01
5154,20250705,20250709,20250710,20,24,5,4,2615.2,261.52,83.75,8,1679.04
5155,20260106,20260111,20260112,25,2,5,1,410.14,41.01,5.65,2,234.74
5156,20251017,20251020,20251021,10,16,6,4,818.68,0.0,26.17,2,523.87
5157,20250716,20250717,20250719,19,35,8,4,11853.1,0.0,427.77,10,6855.9
5158,20251215,20251218,20251220,19,15,8,2,2687.7,0.0,100.06,6,1659.09
5159,20240629,20240704,20240705,1,19,7,1,5800.23,0.0,86.17,17,3690.58
5160,20251113,20251116,20251118,29,9,7,2,3680.25,368.02,98.49,5,2113.12
5161,20241031,20241103,20241105,19,4,6,2,4343.3,434.33,108.63,10,2479.0
5162,20250913,20250914,20250916,9,13,8,3,3977.28,198.86,97.5,9,2267.79
5163,20260121,20260124,20260126,21,31,6,4,4221.3,422.13,49.71,6,2379.25
5164,20250325,20250330,20250401,22,40,8,4,7369.76,0.0,124.47,16,5126.45
5165,20240604,20240606,20240607,29,27,6,1,2602.0,260.2,46.37,10,1496.94
5166,20241224,20241227,20241229,2,34,6,4,10991.69,0.0,406.22,19,6384.45
5167,20250120,20250124,20250125,14,26,6,1,1114.47,0.0,23.92,3,694.72
5168,20260207,20260211,20260213,6,27,7,4,84.76,0.0,1.23,1,56.68
5169,20260211,20260214,20260215,19,18,7,1,21218.82,2121.88,394.79,19,13210.23
5170,20250517,20250520,20250521,17,3,8,3,2274.4,113.72,42.3,2,1509.95
5171,20260217,20260221,20260223,16,17,5,3,4608.15,460.82,165.51,5,3218.65
5172,20250210,20250213,20250215,31,35,5,1,4881.17,0.0,166.01,7,3044.84
5173,20250123,20250125,20250127,17,22,8,5,20393.08,2039.31,277.04,19,13112.3
5174,20251126,20251128,20251129,14,31,8,1,2549.05,0.0,66.65,7,1607.53
5175,20250727,20250730,20250801,3,3,5,1,1524.06,0.0,48.17,6,945.23
5176,20250413,20250414,20250416,10,9,8,3,10565.64,0.0,126.24,9,7075.28
5177,20250225,20250302,20250304,28,12,6,3,4444.9,222.24,63.83,5,3070.89
5178,20250824,20250825,20250826,15,15,8,1,5187.6,518.76,96.98,11,2902.9
5179,20250927,20251002,20251004,29,40,8,1,6977.28,697.73,168.93,8,4371.44
5180,20250321,20250325,20250326,17,19,7,1,5494.06,549.41,80.95,11,3618.61
5181,20240423,20240424,20240426,18,27,5,4,8367.68,0.0,236.22,16,4629.55
5182,20240613,20240615,20240616,14,26,8,3,6658.52,0.0,66.87,11,4603.9
5183,20240714,20240717,20240719,18,17,5,1,826.2,0.0,27.56,4,549.22
5184,20250301,20250303,20250305,3,39,6,2,6951.0,0.0,74.78,10,4112.76
5185,20250619,20250622,20250624,2,9,7,5,5607.92,0.0,222.24,8,3511.15
5186,20251103,20251107,20251108,16,2,5,4,15026.96,751.35,354.82,13,9889.94
5187,20240916,20240918,20240920,19,30,6,1,11883.85,0.0,447.67,11,6800.94
5188,20251021,20251024,20251026,18,27,8,4,5101.76,0.0,68.11,16,3250.36
5189,20250726,20250727,20250728,14,11,5,1,1447.38,0.0,35.66,6,878.68
5190,20240508,20240512,20240513,10,35,6,1,11492.69,0.0,285.66,11,7739.04
5191,20241210,20241214,20241215,23,7,5,4,8524.48,852.45,114.67,17,5505.35
5192,20241105,20241106,20241108,20,11,7,4,2217.06,0.0,35.09,18,1396.14
5193,20260102,20260105,20260106,2,7,5,1,16343.29,817.16,401.0,17,10615.13
5194,20260127,20260201,20260203,15,8,6,4,15503.94,1550.39,269.25,18,8841.05
5195,20251114,20251119,20251121,23,30,7,4,3104.1,0.0,106.46,3,1923.35
5196,20250417,20250418,20250420,25,29,5,4,12810.28,0.0,184.24,14,8231.21
5197,20250323,20250326,20250328,10,26,5,4,2063.59,206.36,74.77,19,1156.57
5198,20241112,20241114,20241115,29,35,8,3,1063.14,0.0,18.73,1,738.85
5199,20251011,20251015,20251017,21,3,8,5,2987.46,298.75,107.4,14,1942.33
5200,20240602,20240605,20240606,15,25,5,1,6564.48,0.0,186.48,12,3761.95
5201,20241014,20241016,20241017,20,5,8,3,5035.52,503.55,61.24,16,3385.06
5202,20240707,20240708,20240709,28,39,6,1,4738.5,236.92,130.87,9,3232.17
5203,20250324,20250327,20250329,7,26,5,4,2026.85,101.34,49.49,7,1290.95
5204,20241103,20241108,20241110,5,31,8,1,4182.4,418.24,97.98,4,2312.96
5205,20240821,20240826,20240828,15,23,6,2,418.58,0.0,9.62,1,265.94
5206,20241229,20250101,20250102,3,16,6,4,1574.55,0.0,29.0,5,1089.56
5207,20251214,20251219,20251221,27,28,5,1,1742.29,0.0,68.94,11,1177.7
5208,20250509,20250512,20250514,31,34,8,1,1121.82,56.09,14.54,6,667.09
5209,20251117,20251120,20251122,20,8,6,1,14615.64,0.0,383.19,18,8407.19
5210,20260121,20260125,20260127,31,35,7,4,2812.95,0.0,70.32,3,1622.61
5211,20260113,20260116,20260118,3,30,5,1,1596.7,79.84,58.55,7,1049.84
5212,20241210,20241212,20241214,20,4,8,2,18004.19,0.0,344.35,17,11232.5
5213,20251226,20251229,20251231,15,38,8,3,995.42,0.0,25.13,1,603.85
5214,20260118,20260123,20260125,10,8,7,5,658.6,0.0,25.11,4,369.02
5215,20260223,20260225,20260227,11,25,6,4,12770.28,638.51,174.81,19,7160.38
5216,20241210,20241213,20241214,18,6,7,1,8254.95,0.0,153.71,11,4556.61
5217,20240913,20240916,20240918,21,8,6,4,5283.6,528.36,77.9,6,3534.81
5218,20250528,20250601,20250603,5,26,8,4,2912.76,0.0,91.78,3,1638.29
5219,20260203,20260206,20260207,20,28,7,4,13320.45,0.0,188.17,15,8822.19
5220,20260112,20260113,20260114,29,28,5,3,6443.28,644.33,99.93,8,4264.73
5221,20250518,20250519,20250521,1,14,8,1,679.68,0.0,23.77,4,409.15
5222,20240717,20240718,20240719,28,33,5,4,7994.8,0.0,102.42,11,4705.1
5223,20250131,20250202,20250203,20,2,6,3,3295.98,329.6,114.34,3,2214.36
5224,20250830,20250903,20250905,12,35,6,1,918.89,91.89,30.54,1,637.69
5225,20250511,20250514,20250515,24,13,5,1,5301.52,0.0,195.17,7,3117.84
5226,20241206,20241208,20241209,20,25,8,1,7521.5,0.0,186.69,7,4792.65
5227,20241204,20241205,20241207,25,37,8,3,2573.76,257.38,57.91,12,1590.79
5228,20240514,20240515,20240516,3,11,5,1,16674.12,0.0,271.84,18,11425.4
5229,20241026,20241029,20241030,2,17,6,4,4564.24,0.0,179.54,4,2704.1
5230,20250728,20250802,20250804,21,34,6,4,2352.69,117.63,50.95,3,1490.3
5231,20240922,20240925,20240926,11,35,7,1,6327.72,0.0,179.14,14,3547.93
5232,20260320,20260322,20260324,9,10,7,1,13648.46,0.0,445.14,14,8544.09
5233,20240530,20240604,20240606,14,21,7,1,10708.47,1070.85,127.52,17,7028.56
5234,20250531,20250604,20250606,23,14,5,2,222.06,0.0,3.02,2,132.96
5235,20250326,20250329,20250330,6,21,7,4,10444.8,0.0,349.97,15,6497.06
5236,20251124,20251128,20251129,31,16,5,3,5820.65,582.06,113.82,19,3867.1
5237,20260102,20260103,20260105,14,1,5,4,1205.5,60.28,41.27,2,815.98
5238,20250428,20250501,20250503,5,37,8,5,1934.95,0.0,69.26,5,1113.09
5239,20250630,20250704,20250706,3,26,5,1,4846.66,0.0,97.55,14,3243.38
5240,20250819,20250820,20250821,27,19,5,4,9242.1,462.1,204.95,15,5374.99
5241,20250412,20250416,20250418,4,5,6,2,2384.25,238.42,80.27,17,1570.12
5242,20240812,20240817,20240819,14,3,7,2,10859.42,542.97,301.14,11,6397.89
5243,20250204,20250205,20250206,22,20,7,1,10863.97,543.2,159.09,13,6932.5
5244,20240922,20240924,20240926,17,26,5,1,14815.08,0.0,563.93,18,9968.14
5245,20250302,20250305,20250307,9,11,8,4,7978.32,398.92,143.12,14,5365.68
5246,20250619,20250622,20250624,4,30,6,3,5209.2,0.0,138.38,6,2987.35
5247,20240830,20240904,20240905,23,16,7,1,834.03,83.4,9.32,1,501.66
5248,20240928,20240930,20241001,16,1,5,1,8372.64,837.26,235.44,12,5120.84
5249,20251116,20251117,20251118,2,22,8,3,10593.6,529.68,273.7,10,6102.38
5250,20241230,20241231,20250101,6,8,6,4,3054.88,0.0,86.11,4,2103.36
5251,20240822,20240826,20240827,18,1,8,3,4839.04,0.0,138.45,16,3130.76
5252,20250829,20250902,20250904,6,6,6,1,10272.06,1027.21,345.97,9,6391.24
5253,20250901,20250904,20250906,13,12,7,1,7846.8,392.34,196.14,15,4960.74
5254,20251119,20251120,20251121,4,21,7,4,2475.03,0.0,89.23,3,1501.19
5255,20251002,20251007,20251008,25,40,5,4,8331.12,0.0,96.46,8,4659.32
5256,20260319,20260324,20260325,20,9,5,1,1195.96,59.8,15.32,2,781.37
5257,20250521,20250525,20250527,25,3,6,2,467.68,0.0,13.01,4,277.1
5258,20241025,20241028,20241030,2,8,5,2,3335.29,0.0,120.04,7,2098.32
5259,20251215,20251220,20251222,13,13,7,4,13899.07,0.0,342.12,19,9509.44
5260,20241009,20241010,20241011,10,9,5,1,14910.87,1491.09,557.0,13,9915.55
5261,20241028,20241031,20241101,20,13,7,3,19046.88,952.34,549.34,16,11208.48
5262,20251121,20251123,20251125,26,39,5,5,12515.06,0.0,283.31,17,7224.46
5263,20251229,20251230,20251231,8,16,5,2,1502.1,0.0,41.91,9,1049.37
5264,20241202,20241207,20241209,25,26,6,1,2042.2,0.0,62.82,4,1144.66
5265,20250910,20250915,20250916,19,28,7,1,4955.5,247.78,158.34,17,3253.8
5266,20260127,20260129,20260130,26,6,6,1,1118.65,111.86,22.76,13,682.43
5267,20251030,20251101,20251102,3,10,6,5,1672.84,83.64,66.4,2,1120.3
5268,20240404,20240409,20240410,31,17,6,5,2610.56,0.0,31.32,4,1525.22
5269,20250725,20250730,20250731,15,19,6,1,4576.32,0.0,112.02,6,2904.06
5270,20240801,20240806,20240807,10,1,6,5,13438.36,671.92,386.86,13,9256.28
5271,20251203,20251205,20251207,6,26,8,1,9154.08,915.41,345.4,18,6299.33
5272,20240519,20240520,20240521,31,13,7,3,342.2,0.0,10.06,2,203.74
5273,20260320,20260321,20260323,28,13,6,4,4877.95,0.0,189.33,5,3003.67
5274,20240807,20240809,20240810,4,25,7,2,10231.83,0.0,137.6,9,6292.94
5275,20250129,20250130,20250131,15,38,7,3,7788.36,0.0,309.94,12,4331.34
5276,20240917,20240922,20240924,24,35,8,3,2800.28,140.01,51.52,4,1694.34
5277,20251110,20251115,20251116,19,40,7,1,5817.6,0.0,156.71,5,3219.71
5278,20250110,20250111,20250113,6,17,5,5,6234.6,0.0,77.36,12,3514.2
5279,20250921,20250924,20250925,12,5,7,1,2030.82,203.08,28.13,2,1213.23
5280,20240519,20240523,20240524,13,9,8,1,1714.23,0.0,35.81,9,1115.23
5281,20250222,20250227,20250301,10,14,5,5,14352.26,1435.23,158.35,13,8227.58
5282,20260119,20260123,20260124,30,13,5,2,1657.62,0.0,65.18,9,962.78
5283,20260131,20260202,20260204,8,9,7,2,5195.82,519.58,67.3,14,2938.67
5284,20240829,20240830,20240901,23,7,8,1,6934.92,0.0,94.94,6,3887.29
5285,20250111,20250115,20250116,29,8,6,1,5166.67,516.67,182.13,19,3271.71
5286,20250121,20250123,20250125,25,27,7,1,4120.95,0.0,113.11,5,2326.34
5287,20250514,20250516,20250517,25,20,7,2,12697.81,0.0,339.95,17,7673.42
5288,20250424,20250425,20250427,5,2,7,3,4233.24,0.0,139.43,18,2471.3
5289,20240616,20240618,20240619,4,23,5,2,5662.74,0.0,117.73,6,3511.53
5290,20251004,20251008,20251010,25,34,6,4,11819.61,1181.96,328.29,11,7938.53
5291,20240911,20240915,20240917,24,18,8,5,3463.5,0.0,76.6,6,2153.82
5292,20241114,20241118,20241119,24,13,8,1,3052.88,305.29,108.94,4,1718.2
5293,20251129,20251203,20251205,14,11,8,5,3172.32,0.0,87.78,18,1938.0
5294,20250812,20250816,20250817,17,16,5,4,10644.48,0.0,272.69,18,6704.63
5295,20250112,20250113,20250115,1,12,6,5,7218.6,0.0,147.87,15,4622.73
5296,20260120,20260121,20260123,10,37,5,4,11314.93,0.0,306.38,11,7879.02
5297,20250110,20250112,20250114,17,40,6,1,3410.58,341.06,48.88,6,2169.26
5298,20250514,20250519,20250521,4,14,8,1,1053.44,0.0,16.82,8,720.35
5299,20240925,20240929,20240930,4,37,6,5,1935.84,0.0,67.73,8,1173.28
5300,20240811,20240813,20240815,2,35,5,3,1794.1,0.0,31.76,5,1238.47
5301,20250322,20250325,20250326,7,4,7,4,254.56,25.46,4.14,1,169.74
5302,20250513,20250516,20250518,31,20,8,4,13539.78,676.99,460.59,18,7769.04
5303,20251104,20251109,20251110,22,27,7,1,1569.04,0.0,54.85,2,1008.02
5304,20250108,20250113,20250115,30,17,8,2,2859.84,0.0,108.72,3,1877.23
5305,20260108,20260112,20260113,9,19,7,5,1524.6,76.23,34.52,2,983.28
5306,20250614,20250617,20250618,19,20,7,1,16757.1,0.0,241.47,18,10129.3
5307,20240521,20240522,20240523,28,28,8,4,11064.2,553.21,253.41,14,7395.69
5308,20250917,20250920,20250921,12,12,6,5,1492.88,74.64,27.13,2,866.37
5309,20250521,20250526,20250527,21,24,6,1,3597.23,0.0,135.56,13,2011.22
5310,20250107,20250110,20250112,22,10,7,1,5277.78,0.0,73.71,18,3464.76
5311,20250304,20250307,20250308,26,36,7,3,7948.65,0.0,253.55,19,5522.83
5312,20241105,20241110,20241111,31,4,6,4,10970.05,1097.0,349.09,13,7428.02
5313,20250619,20250624,20250626,20,3,6,3,1614.9,161.49,28.39,6,992.32
5314,20250515,20250519,20250520,19,2,5,1,13375.77,668.79,276.09,17,7919.7
5315,20250218,20250223,20250224,28,14,7,1,5867.65,0.0,220.64,5,3530.78
5316,20241024,20241027,20241028,22,25,5,2,5659.98,0.0,145.69,6,3486.73
5317,20250114,20250118,20250120,12,40,6,1,9131.22,0.0,105.29,9,5030.32
5318,20250326,20250327,20250329,20,19,6,1,9961.6,0.0,395.61,10,6390.31
5319,20250308,20250312,20250314,18,8,8,4,7314.2,731.42,76.35,10,4534.62
5320,20241110,20241115,20241116,7,15,6,1,9181.76,0.0,98.85,8,5919.96
5321,20250526,20250527,20250528,17,6,5,4,5251.92,0.0,146.53,12,3166.68
5322,20240911,20240914,20240915,20,19,7,5,1910.48,0.0,41.41,8,1235.75
5323,20250329,20250402,20250404,29,30,5,3,2355.57,0.0,53.05,9,1361.06
5324,20240627,20240701,20240703,19,2,6,3,19449.36,0.0,530.61,18,12521.08
5325,20250308,20250312,20250313,5,32,6,1,2621.5,0.0,84.41,7,1636.53
5326,20251019,20251022,20251023,31,10,5,3,9270.36,0.0,211.05,18,6077.92
5327,20251113,20251115,20251116,19,27,8,2,476.27,0.0,12.69,1,284.09
5328,20250816,20250820,20250822,10,33,6,1,14160.51,0.0,455.64,13,8209.73
5329,20250922,20250925,20250927,24,32,7,3,3656.25,0.0,60.55,9,2530.53
5330,20240518,20240523,20240524,13,27,8,1,5105.2,255.26,88.09,8,2990.83
5331,20241203,20241206,20241207,13,28,6,1,7316.96,0.0,292.15,8,4121.33
5332,20250718,20250722,20250724,27,8,8,4,4474.95,0.0,71.11,15,3089.57
5333,20251031,20251103,20251105,28,6,6,2,6058.5,605.85,142.18,10,3432.77
5334,20250527,20250529,20250531,17,16,8,1,9348.95,0.0,122.2,13,5552.76
5335,20251209,20251210,20251211,13,25,6,1,2964.51,0.0,38.21,9,1766.15
5336,20241015,20241016,20241018,27,25,5,1,10077.24,503.86,233.97,12,6492.45
5337,20240720,20240722,20240723,6,32,8,3,8232.28,0.0,225.17,7,5142.59
5338,20240602,20240606,20240607,24,13,8,3,4067.4,0.0,142.92,10,2789.47
5339,20250527,20250528,20250529,19,35,8,1,10116.55,0.0,314.33,19,6204.67
5340,20250725,20250730,20250731,27,18,5,3,20965.5,2096.55,700.02,18,13973.29
5341,20241024,20241027,20241029,14,10,8,5,6642.12,0.0,265.28,12,3724.57
5342,20251019,20251020,20251022,26,30,6,3,1499.28,0.0,27.01,3,842.16
5343,20250917,20250919,20250920,1,6,8,3,11787.3,0.0,428.34,18,7356.48
5344,20241217,20241222,20241223,24,17,8,3,2925.2,0.0,82.35,8,1977.75
5345,20240920,20240925,20240927,3,32,5,4,6285.58,0.0,212.67,19,3885.73
5346,20250919,20250924,20250925,21,31,6,5,14072.92,0.0,208.24,19,9276.65
5347,20250730,20250801,20250802,6,11,6,1,4676.1,0.0,54.48,15,2962.72
5348,20240802,20240804,20240806,30,7,6,1,12360.6,0.0,167.97,12,6856.86
5349,20241002,20241003,20241004,25,2,7,1,11779.74,1177.97,124.55,18,6649.4
5350,20250318,20250320,20250322,4,4,6,4,8650.88,0.0,155.33,14,5328.36
5351,20250405,20250409,20250410,28,34,7,1,3813.6,0.0,54.34,12,2504.66
5352,20240729,20240731,20240802,9,32,7,5,6936.36,693.64,104.7,12,4660.77
5353,20260215,20260218,20260219,18,21,5,1,4257.6,0.0,92.9,15,2637.78
5354,20250106,20250111,20250112,3,23,5,3,10648.44,532.42,191.15,11,7352.35
5355,20250101,20250102,20250104,4,14,7,1,17748.9,0.0,494.29,18,10949.22
5356,20240514,20240515,20240516,9,8,5,2,329.22,0.0,4.19,2,194.47
5357,20251225,20251230,20260101,18,1,5,2,2172.36,217.24,39.01,3,1449.63
5358,20240918,20240922,20240923,18,27,7,4,1918.16,191.82,45.33,4,1337.25
5359,20260315,20260317,20260319,27,2,6,2,4346.3,217.32,132.3,14,2686.56
5360,20250325,20250330,20250331,5,5,5,2,16818.66,0.0,269.57,18,9573.09
5361,20251224,20251228,20251229,24,32,6,4,14310.09,0.0,471.84,17,9809.08
5362,20240808,20240813,20240815,1,24,7,5,3777.76,0.0,49.73,8,2351.41
5363,20240729,20240731,20240802,10,20,8,4,2082.0,208.2,43.52,10,1287.58
5364,20251101,20251105,20251106,6,9,8,4,4278.0,213.9,108.21,10,2636.17
5365,20251114,20251118,20251120,4,6,7,2,852.48,0.0,33.24,8,485.61
5366,20250428,20250502,20250503,19,19,8,5,6171.3,308.57,119.55,6,3995.48
5367,20240424,20240428,20240429,29,15,7,2,5868.54,0.0,201.64,18,3311.59
5368,20260212,20260216,20260218,22,22,6,5,20780.1,1039.0,529.23,18,13311.6
5369,20250110,20250114,20250116,27,7,8,4,3284.19,164.21,42.78,13,1988.8
5370,20260206,20260208,20260210,19,10,6,1,16076.55,0.0,457.91,15,10276.54
5371,20251221,20251223,20251225,2,5,8,1,7717.59,0.0,94.51,9,4647.57
5372,20251207,20251208,20251210,12,17,8,4,21802.31,1090.12,596.54,19,14062.1
5373,20250811,20250815,20250816,26,12,6,4,3626.91,181.35,38.36,9,2523.69
5374,20250731,20250801,20250803,2,9,7,3,12794.55,0.0,360.91,15,8318.32
5375,20250421,20250426,20250427,3,22,8,5,3522.88,352.29,93.99,16,1988.78
5376,20240418,20240419,20240420,27,20,8,3,13156.91,0.0,259.18,13,7636.31
5377,20250106,20250111,20250112,2,9,5,1,20935.53,0.0,770.95,19,14281.2
5378,20250911,20250913,20250914,30,28,8,3,3407.39,0.0,109.91,7,2189.69
5379,20251109,20251114,20251116,24,14,7,1,19924.92,0.0,497.4,19,13635.76
5380,20250510,20250511,20250512,21,14,5,3,482.67,0.0,16.08,3,277.57
5381,20250827,20250901,20250902,18,20,5,5,4050.08,0.0,57.99,4,2778.9
5382,20240416,20240418,20240419,3,6,7,1,8515.84,851.58,195.11,16,5034.3
5383,20250305,20250309,20250311,14,17,6,4,13131.28,0.0,292.15,19,8208.51
5384,20250403,20250407,20250408,26,24,5,4,3364.74,168.24,115.62,6,2255.55
5385,20260106,20260110,20260112,29,6,7,1,679.08,67.91,19.16,1,463.3
5386,20241111,20241113,20241115,15,23,7,4,6756.3,0.0,88.11,15,3845.85
5387,20240914,20240918,20240919,27,2,5,4,2638.6,263.86,57.88,5,1699.71
5388,20241211,20241214,20241215,25,25,6,2,1992.18,99.61,41.72,3,1247.77
5389,20240802,20240804,20240806,2,2,6,1,1544.46,0.0,28.31,3,1026.58
5390,20250509,20250513,20250515,20,8,8,1,4623.35,462.34,178.17,5,2649.48
5391,20250709,20250710,20250711,20,15,7,3,6392.93,0.0,122.45,19,3594.92
5392,20251101,20251105,20251106,18,25,5,1,244.96,24.5,6.71,1,152.31
5393,20260304,20260307,20260309,25,29,7,1,2247.84,112.39,75.43,12,1314.08
5394,20240524,20240528,20240529,28,19,8,5,5760.16,288.01,196.85,16,3761.86
5395,20240926,20240929,20240930,18,6,5,4,4940.3,0.0,126.44,10,3437.05
5396,20241104,20241107,20241108,11,16,8,4,3366.4,0.0,92.98,16,2207.7
5397,20240928,20241001,20241003,31,32,5,5,4041.8,0.0,48.6,4,2258.82
5398,20251120,20251124,20251125,30,4,7,1,12967.08,0.0,192.67,14,7559.49
5399,20240710,20240712,20240713,22,29,6,1,6301.6,0.0,212.61,8,3701.13
5400,20240422,20240423,20240425,21,16,7,4,17838.72,0.0,669.52,16,11698.73
5401,20251214,20251215,20251217,4,1,8,2,7963.31,398.17,193.54,17,4606.38
5402,20260225,20260302,20260303,14,28,8,1,21695.15,0.0,513.87,19,15141.68
5403,20240911,20240912,20240913,6,2,8,4,7004.14,0.0,158.19,11,4375.69
5404,20241127,20241128,20241130,17,15,8,1,8176.56,0.0,106.67,14,5433.88
5405,20250330,20250403,20250404,26,8,6,3,799.21,39.96,26.38,1,457.23
5406,20250416,20250421,20250422,7,24,6,3,2867.9,0.0,99.45,17,1655.86
5407,20260318,20260319,20260321,31,3,7,3,10161.27,1016.13,339.56,9,6479.5
5408,20250118,20250120,20250121,4,4,5,1,4754.72,475.47,165.56,8,3195.64
5409,20240409,20240412,20240413,3,22,7,1,6887.36,0.0,223.47,8,3839.75
5410,20250131,20250203,20250205,31,40,7,4,3192.7,159.64,51.81,7,2010.62
5411,20250508,20250511,20250513,4,2,8,5,2445.87,0.0,34.61,19,1558.9
5412,20250409,20250412,20250413,24,19,5,2,5454.05,545.41,211.34,5,3003.11
5413,20250406,20250408,20250409,24,33,5,1,5969.44,596.94,218.03,16,3555.73
5414,20260128,20260130,20260131,11,12,5,3,10862.28,543.11,141.65,12,7477.06
5415,20251105,20251108,20251110,2,20,7,1,14033.37,0.0,466.18,13,8960.06
5416,20240929,20241003,20241004,11,34,7,1,1068.58,0.0,33.99,1,728.48
5417,20241213,20241218,20241220,3,30,7,1,1582.72,0.0,46.53,4,974.57
5418,20250727,20250728,20250730,22,12,5,1,1449.42,0.0,35.82,2,854.01
5419,20250122,20250124,20250125,28,31,6,1,2339.64,233.96,51.82,4,1420.96
5420,20250204,20250206,20250208,31,28,6,1,5206.86,0.0,175.76,18,3094.85
5421,20240731,20240802,20240803,26,21,5,4,9333.8,466.69,361.19,10,5781.59
5422,20241001,20241002,20241004,25,18,8,2,16669.5,0.0,276.9,15,10556.43
5423,20250918,20250923,20250925,28,38,5,2,5410.0,541.0,111.63,8,3362.76
5424,20251201,20251205,20251207,25,35,7,1,4596.36,0.0,66.5,12,2956.59
5425,20251020,20251024,20251025,21,40,6,4,2846.22,0.0,83.63,3,1813.55
5426,20241109,20241110,20241111,31,28,8,1,7226.19,361.31,98.31,9,4707.61
5427,20240708,20240713,20240714,11,15,7,1,6678.4,667.84,197.58,8,3833.23
5428,20240725,20240730,20240801,14,5,6,3,5563.04,556.3,163.04,8,3654.84
5429,20250110,20250111,20250113,29,6,7,4,3214.35,0.0,67.45,15,1869.74
5430,20250410,20250414,20250416,11,39,5,4,7214.5,0.0,254.13,10,4136.57
5431,20260106,20260109,20260110,10,15,5,2,3032.48,151.62,61.17,8,1994.5
5432,20260110,20260111,20260113,5,5,6,1,5490.0,0.0,106.37,10,3120.1
5433,20240402,20240405,20240407,10,9,8,1,11918.88,0.0,202.62,12,7331.82
5434,20250825,20250829,20250830,19,1,8,3,10766.25,538.31,150.37,11,7425.95
5435,20241103,20241104,20241106,28,22,6,1,3563.4,0.0,88.98,3,2060.86
5436,20240822,20240825,20240827,5,24,6,1,4637.94,231.9,53.06,17,2566.55
5437,20250507,20250510,20250511,22,16,8,1,4377.38,437.74,138.77,14,2730.47
5438,20240425,20240429,20240430,24,30,7,5,4551.17,0.0,73.67,13,2906.34
5439,20241128,20241203,20241205,28,20,5,1,15494.08,0.0,325.62,16,10503.23
5440,20250505,20250506,20250508,24,39,5,1,13477.26,0.0,298.23,17,9355.55
5441,20241014,20241015,20241017,5,31,8,5,2932.71,0.0,94.85,3,1636.88
5442,20250604,20250607,20250609,16,4,8,4,416.7,0.0,12.67,1,267.43
5443,20250227,20250304,20250305,30,11,8,3,8910.43,0.0,118.42,19,5128.92
5444,20251030,20251104,20251106,29,31,5,4,11546.2,0.0,154.44,10,8004.24
5445,20240810,20240814,20240816,20,22,8,1,13575.0,1357.5,296.02,15,7690.03
5446,20240512,20240515,20240516,30,31,5,4,2676.12,0.0,70.09,12,1711.32
5447,20250418,20250421,20250422,22,14,8,1,8648.32,0.0,102.04,16,5129.85
5448,20241003,20241006,20241007,2,2,8,5,477.54,0.0,10.61,2,329.68
5449,20250824,20250827,20250828,29,32,6,1,741.66,0.0,7.91,3,480.33
5450,20240607,20240611,20240612,6,32,5,3,11767.05,0.0,154.24,15,8226.65
5451,20250521,20250523,20250525,13,26,7,3,15271.27,763.56,350.13,17,10025.18
5452,20260317,20260318,20260320,9,17,5,1,2304.42,0.0,33.45,2,1335.55
5453,20240607,20240612,20240613,23,1,7,2,4093.39,409.34,125.45,7,2540.08
5454,20241105,20241108,20241110,1,30,6,4,1489.4,0.0,38.1,4,1025.38
5455,20251202,20251205,20251206,21,27,6,1,1961.72,0.0,62.4,2,1154.94
5456,20250421,20250423,20250424,27,27,8,5,4611.6,0.0,69.12,8,2776.1
5457,20240805,20240809,20240810,25,7,8,1,8981.5,0.0,115.34,11,5907.78
5458,20240902,20240903,20240905,11,30,6,3,1858.43,0.0,51.94,7,1287.88
5459,20251005,20251007,20251008,28,29,6,3,13617.8,1361.78,287.82,14,9455.26
5460,20251214,20251218,20251220,12,35,8,2,1971.32,0.0,55.66,2,1374.72
5461,20241217,20241219,20241220,22,23,6,4,17546.72,0.0,414.34,17,10685.21
5462,20250309,20250314,20250316,17,30,5,4,3993.3,399.33,55.12,10,2730.94
5463,20251018,20251021,20251023,3,17,8,3,2092.58,0.0,68.55,14,1421.37
5464,20240806,20240810,20240811,1,28,8,3,5504.94,0.0,195.24,7,3750.37
5465,20240828,20240830,20240831,6,28,6,3,798.56,39.93,17.54,2,439.82
5466,20251012,20251013,20251015,30,32,5,2,8448.45,844.85,272.7,15,5549.35
5467,20240813,20240816,20240818,30,35,5,1,5740.2,0.0,94.97,6,3182.3
5468,20251010,20251014,20251015,14,1,7,1,3982.95,199.15,90.06,15,2741.3
5469,20250326,20250327,20250329,31,32,6,3,13633.62,0.0,477.88,14,8347.96
5470,20260317,20260319,20260321,2,32,7,5,13644.28,682.21,511.03,19,9445.39
5471,20240424,20240428,20240429,31,22,8,1,340.35,34.04,3.44,1,203.4
5472,20260213,20260217,20260218,8,21,5,3,2665.16,133.26,41.76,4,1680.27
5473,20240910,20240913,20240915,2,29,8,1,9519.04,0.0,335.27,8,6662.59
5474,20240426,20240427,20240428,24,19,5,3,9264.64,0.0,190.15,11,5347.77
5475,20250906,20250907,20250908,13,17,5,4,13621.68,0.0,338.27,12,8970.33
5476,20250421,20250422,20250424,10,33,7,4,6151.77,307.59,171.79,9,3446.75
5477,20251127,20251130,20251202,24,32,7,4,7185.09,718.51,187.12,11,4450.96
5478,20240618,20240619,20240620,11,9,8,4,8537.76,853.78,285.45,12,5153.55
5479,20240529,20240601,20240603,24,34,7,1,5575.8,0.0,189.61,10,3660.23
5480,20250516,20250519,20250520,6,14,6,3,633.93,0.0,20.21,1,442.49
5481,20251229,20251230,20260101,3,6,7,1,6065.28,0.0,121.17,12,3813.81
5482,20250119,20250120,20250122,11,36,8,5,11127.35,0.0,234.51,17,6120.86
5483,20251029,20251103,20251104,20,10,7,4,3905.28,390.53,41.09,12,2459.24
5484,20260116,20260118,20260119,8,9,6,1,5968.05,0.0,188.8,5,3599.23
5485,20251220,20251225,20251226,5,11,8,1,1658.44,82.92,38.56,2,925.27
5486,20250403,20250404,20250405,24,20,6,2,7773.59,388.68,244.38,11,4541.51
5487,20250818,20250821,20250823,16,7,6,5,2730.5,0.0,36.87,5,1864.61
5488,20250416,20250420,20250421,14,7,6,1,1116.15,0.0,20.39,5,682.32
5489,20250801,20250804,20250806,9,16,6,3,1201.52,60.08,18.14,2,730.46
5490,20250516,20250518,20250520,1,9,5,1,14029.35,1402.94,550.33,15,7981.06
5491,20250415,20250417,20250419,2,8,7,3,19999.31,0.0,236.07,17,13762.64
5492,20250210,20250213,20250214,22,37,7,3,2452.68,245.27,55.94,9,1532.7
5493,20250716,20250721,20250723,3,24,6,1,12049.29,0.0,441.56,11,6934.78
5494,20250926,20250929,20250930,9,1,8,4,8022.72,802.27,131.38,12,4496.66
5495,20260125,20260127,20260128,29,5,6,1,4211.3,0.0,134.1,5,2869.04
5496,20250618,20250620,20250622,12,33,6,4,13743.52,687.18,527.73,14,9131.76
5497,20240612,20240615,20240616,24,11,5,1,6231.05,311.55,202.77,7,3725.57
5498,20250530,20250603,20250604,12,7,8,3,10660.3,0.0,221.71,10,6641.43
5499,20241115,20241120,20241121,29,27,5,1,6188.63,618.86,238.97,7,3913.72
5500,20240420,20240421,20240423,26,34,5,3,730.62,0.0,20.15,6,478.03
5501,20240523,20240526,20240527,16,16,8,1,6575.9,0.0,104.04,10,3864.33
5502,20250602,20250604,20250605,22,30,7,3,7569.2,0.0,221.86,8,4206.16
5503,20260213,20260214,20260215,14,17,5,1,386.49,38.65,6.07,1,263.95
5504,20250401,20250403,20250404,30,5,6,2,3627.36,0.0,63.9,6,2331.74
5505,20250216,20250221,20250222,12,32,7,4,5753.55,0.0,194.13,15,3413.89
5506,20240604,20240605,20240606,27,37,5,2,3811.57,0.0,135.47,7,2589.96
5507,20250802,20250803,20250805,20,40,8,2,4837.18,483.72,144.36,17,3090.68
5508,20240511,20240516,20240517,21,5,7,3,12973.38,0.0,357.0,14,8274.05
5509,20251130,20251203,20251205,12,23,5,2,90.94,0.0,2.43,1,59.66
5510,20251112,20251115,20251116,26,25,7,4,11041.05,1104.1,315.55,15,6502.85
5511,20260318,20260320,20260322,24,4,5,2,8865.76,0.0,122.69,16,5814.35
5512,20241023,20241028,20241030,26,39,7,5,2003.94,0.0,32.78,9,1190.05
5513,20240726,20240729,20240730,26,5,6,4,4392.72,0.0,96.25,9,2427.18
5514,20241103,20241105,20241106,5,11,5,2,3645.11,0.0,89.04,7,2099.15
5515,20251031,20251103,20251105,28,39,7,2,1431.48,71.57,40.95,12,921.3
5516,20240906,20240908,20240910,27,23,6,4,1839.56,0.0,41.1,4,1200.89
5517,20260102,20260105,20260106,9,28,6,4,1886.4,0.0,68.58,15,1296.12
5518,20240721,20240725,20240726,31,20,8,1,2139.52,0.0,43.11,2,1299.22
5519,20240506,20240507,20240509,17,31,7,1,2460.48,123.02,73.25,6,1567.49
5520,20240906,20240907,20240909,11,4,6,1,7967.04,796.7,219.8,12,5163.11
5521,20250928,20250930,20251002,8,28,5,4,1186.27,0.0,34.58,1,753.82
5522,20250610,20250613,20250614,12,3,7,4,11419.38,0.0,169.54,14,6561.1
5523,20241213,20241217,20241218,2,8,5,1,5795.35,289.77,112.92,5,3386.78
5524,20250719,20250721,20250722,22,21,8,3,10939.5,0.0,171.02,10,7390.76
5525,20250713,20250717,20250718,23,18,5,4,15815.16,790.76,476.88,18,10444.28
5526,20250507,20250510,20250512,22,7,7,5,13901.07,0.0,215.1,17,8425.91
5527,20250407,20250410,20250412,18,32,6,1,1791.9,0.0,23.08,2,1103.86
5528,20240613,20240618,20240620,12,13,7,1,1589.14,0.0,53.78,14,943.92
5529,20241005,20241008,20241009,23,35,6,1,9882.86,494.14,170.03,13,5685.12
5530,20250417,20250421,20250422,28,1,5,3,617.99,0.0,18.25,1,390.8
5531,20240707,20240708,20240709,3,10,8,1,15650.72,0.0,295.61,16,8800.8
5532,20250311,20250313,20250315,13,12,8,1,9536.25,0.0,296.64,15,5637.03
5533,20240624,20240626,20240627,31,24,5,4,5682.8,568.28,191.59,10,3728.49
5534,20251022,20251024,20251026,27,17,5,3,8541.9,0.0,195.57,10,5467.01
5535,20240614,20240615,20240617,31,7,7,1,7038.56,0.0,151.23,8,4309.73
5536,20240606,20240609,20240611,6,23,8,2,2151.94,215.19,25.22,14,1226.39
5537,20250706,20250711,20250712,15,39,7,1,7990.4,0.0,169.26,16,4506.24
5538,20240907,20240910,20240911,4,6,5,2,10221.12,0.0,332.83,12,5774.63
5539,20241211,20241212,20241213,27,11,7,2,12982.5,0.0,446.66,15,8784.92
5540,20241114,20241119,20241120,17,20,6,1,19487.35,0.0,309.53,19,12925.2
5541,20240904,20240908,20240910,9,30,7,1,15040.35,0.0,267.53,13,8642.47
5542,20251003,20251007,20251009,3,6,6,4,3706.56,370.66,60.98,6,2168.05
5543,20250814,20250818,20250819,24,10,5,4,5904.96,0.0,72.93,6,3730.49
5544,20240920,20240922,20240924,26,10,5,1,834.55,0.0,12.51,1,564.73
5545,20250810,20250815,20250816,28,25,7,3,2474.94,0.0,41.63,13,1437.59
5546,20250829,20250831,20250902,31,4,7,1,7676.13,0.0,290.17,7,4854.76
5547,20250425,20250427,20250429,26,27,6,4,8346.3,0.0,323.24,10,4593.83
5548,20250524,20250529,20250530,25,18,5,4,2244.08,0.0,32.34,8,1473.16
5549,20260205,20260206,20260208,26,14,8,3,1017.13,50.86,22.66,1,624.33
5550,20250223,20250227,20250301,31,35,5,3,1196.78,119.68,18.44,13,690.68
5551,20250104,20250106,20250107,15,33,5,2,3909.84,0.0,123.24,11,2514.42
5552,20250425,20250427,20250429,24,33,6,1,948.92,0.0,23.37,7,581.91
5553,20251126,20251127,20251129,26,36,7,2,2749.92,0.0,45.03,16,1657.13
5554,20250827,20250901,20250902,4,10,8,1,17308.89,865.44,215.5,17,11052.97
5555,20240525,20240528,20240529,22,35,7,4,5606.85,0.0,139.67,15,3713.95
5556,20250227,20250228,20250301,12,8,8,2,3482.0,174.1,125.91,10,2258.95
5557,20250917,20250922,20250924,4,14,7,1,679.96,0.0,22.74,2,422.35
5558,20240909,20240913,20240915,6,23,8,3,6423.96,642.4,240.82,6,4046.14
5559,20260316,20260318,20260320,4,30,5,4,2639.4,263.94,103.57,12,1736.2
5560,20251106,20251108,20251110,28,24,5,3,6640.0,0.0,222.44,10,3723.08
5561,20251204,20251205,20251206,25,23,7,3,4319.44,431.94,97.04,8,2998.15
5562,20240530,20240603,20240605,4,16,8,4,18471.04,1847.1,352.19,16,12877.95
5563,20250525,20250528,20250529,20,24,7,1,2236.66,0.0,76.51,2,1491.83
5564,20250417,20250418,20250420,21,20,6,3,12433.98,0.0,263.67,13,7466.28
5565,20250628,20250629,20250701,17,20,6,2,11575.56,0.0,205.81,19,7832.17
5566,20251206,20251207,20251209,20,24,5,1,19016.88,0.0,582.73,17,11606.96
5567,20241212,20241213,20241215,29,25,6,5,14046.34,0.0,351.3,14,8415.06
5568,20250422,20250424,20250425,17,14,7,2,3649.41,182.47,66.3,9,2170.55
5569,20250805,20250807,20250809,21,6,5,1,8275.52,827.55,179.72,11,5367.67
5570,20250927,20251002,20251003,19,12,6,1,11444.08,0.0,447.38,19,7649.98
5571,20251009,20251013,20251015,13,17,6,5,592.58,0.0,18.12,2,385.6
5572,20241130,20241202,20241204,28,7,6,4,1749.81,0.0,53.71,3,1030.89
5573,20260323,20260326,20260327,14,8,8,1,3741.65,374.16,112.5,5,2304.54
5574,20240407,20240408,20240410,25,39,8,3,10760.53,1076.05,175.38,11,7372.71
5575,20250323,20250324,20250325,20,12,6,1,5613.3,0.0,133.12,15,3607.07
5576,20250615,20250619,20250621,22,30,8,4,1951.95,195.2,39.34,15,1224.7
5577,20240515,20240519,20240520,24,6,7,2,7937.86,793.79,280.98,7,4671.5
5578,20250221,20250224,20250226,24,39,8,1,6730.64,0.0,269.22,7,4368.27
5579,20250605,20250607,20250608,18,9,7,3,3547.08,0.0,71.22,18,2467.51
5580,20250614,20250617,20250619,20,16,7,5,2753.82,275.38,97.87,3,1918.29
5581,20240626,20240630,20240701,17,32,7,1,5798.56,289.93,149.62,16,3757.45
5582,20241018,20241023,20241025,12,9,6,1,5963.64,0.0,204.26,6,3662.2
5583,20240924,20240927,20240929,23,22,7,5,2344.2,0.0,90.46,12,1544.62
5584,20250707,20250708,20250710,28,32,7,1,2997.84,149.89,83.82,4,1850.47
5585,20241124,20241128,20241130,23,1,7,2,2189.92,218.99,52.97,16,1417.37
5586,20250519,20250523,20250525,25,2,5,3,1571.82,0.0,56.47,6,1078.81
5587,20250911,20250916,20250918,26,32,7,1,2290.65,0.0,49.12,15,1374.72
5588,20251029,20251102,20251103,13,11,7,1,1411.7,0.0,19.25,5,927.11
5589,20240811,20240812,20240813,2,37,5,1,9107.28,0.0,151.5,18,6029.46
5590,20260114,20260115,20260117,12,38,8,1,5756.52,0.0,188.26,7,3731.81
5591,20240729,20240731,20240802,24,36,8,3,5619.05,561.91,93.25,5,3568.11
5592,20240416,20240419,20240420,26,40,7,4,8857.6,0.0,324.09,8,5858.04
5593,20240503,20240505,20240506,17,33,8,1,3716.57,0.0,133.55,13,2362.18
5594,20240824,20240825,20240827,25,16,8,4,12508.84,0.0,499.27,19,8223.11
5595,20251223,20251226,20251227,3,40,6,2,7049.91,0.0,181.55,7,4129.08
5596,20240829,20240831,20240902,21,14,8,1,21406.73,2140.67,471.68,19,14113.01
5597,20250815,20250820,20250822,22,24,8,3,2584.0,129.2,30.21,5,1440.39
5598,20250128,20250202,20250204,17,1,5,1,12318.15,0.0,372.5,13,8443.44
5599,20240429,20240501,20240502,23,39,8,3,2020.36,202.04,45.8,2,1126.87
5600,20250216,20250219,20250221,16,24,5,1,7753.28,387.66,118.54,8,4534.38
5601,20240421,20240424,20240425,17,38,6,4,9602.62,0.0,376.42,17,5646.53
5602,20250311,20250312,20250314,20,15,8,5,1509.44,75.47,30.36,16,1024.78
5603,20250509,20250511,20250512,25,13,7,1,6374.7,637.47,218.66,15,3995.68
5604,20250412,20250416,20250418,9,21,6,5,6506.7,0.0,223.71,10,4276.14
5605,20241022,20241023,20241024,11,35,7,1,16890.52,844.53,564.33,17,11682.63
5606,20251007,20251011,20251013,14,22,5,1,12087.48,0.0,218.87,12,7673.85
5607,20250606,20250611,20250612,7,32,5,1,2742.32,0.0,27.66,14,1607.12
5608,20241002,20241005,20241006,12,9,8,4,4237.6,0.0,123.41,10,2500.74
5609,20250209,20250213,20250214,12,32,5,4,365.28,18.26,12.01,1,233.96
5610,20240618,20240621,20240622,11,30,8,5,1205.0,120.5,44.73,2,796.94
5611,20260128,20260202,20260203,14,36,6,4,628.98,0.0,13.36,6,409.7
5612,20250927,20250930,20251001,17,3,5,2,2228.36,0.0,87.2,2,1514.83
5613,20241026,20241030,20241031,22,16,8,4,7398.0,0.0,119.23,9,4079.59
5614,20250801,20250806,20250807,11,4,5,5,3419.7,0.0,61.22,6,2107.59
5615,20250805,20250809,20250811,27,17,6,4,13043.55,0.0,443.44,13,9011.53
5616,20250615,20250617,20250619,16,31,5,3,5585.84,558.58,174.87,8,3802.85
5617,20240510,20240511,20240512,23,26,8,4,1024.91,102.49,36.14,1,647.01
5618,20251227,20251228,20251230,4,31,6,1,9073.68,0.0,101.26,8,6033.09
5619,20260221,20260225,20260226,6,30,7,5,4456.28,445.63,109.76,4,2800.27
5620,20260306,20260307,20260309,15,40,5,5,7450.19,0.0,233.82,11,4271.45
5621,20260311,20260314,20260316,12,36,7,4,1829.1,182.91,59.44,15,1224.23
5622,20260201,20260206,20260208,16,24,7,1,6190.02,0.0,241.76,6,3423.09
5623,20250917,20250921,20250922,5,36,6,1,12449.6,0.0,289.97,16,7369.52
5624,20240512,20240517,20240518,16,2,8,5,7561.26,0.0,150.89,17,5231.32
5625,20250303,20250307,20250308,22,29,6,4,4381.7,0.0,52.03,10,2471.56
5626,20240925,20240930,20241002,23,21,7,4,7075.52,353.78,195.39,16,4161.73
5627,20240907,20240908,20240909,9,39,5,5,18982.33,949.12,664.53,19,12962.64
5628,20251122,20251127,20251129,12,21,8,3,5839.54,0.0,178.56,7,4085.19
5629,20251109,20251114,20251116,17,8,5,4,2710.65,135.53,49.51,17,1846.65
5630,20250413,20250416,20250418,17,29,7,1,12862.98,0.0,262.41,18,7438.49
5631,20250915,20250916,20250918,25,39,5,1,13013.22,0.0,416.67,11,8779.47
5632,20240703,20240705,20240707,13,1,5,3,3959.52,197.98,66.12,16,2354.3
5633,20240908,20240910,20240912,22,3,5,1,684.11,34.21,12.19,1,441.92
5634,20251214,20251218,20251219,28,27,8,2,2101.77,210.18,36.24,11,1310.04
5635,20250221,20250223,20250225,10,23,5,4,5010.48,501.05,90.57,12,2785.97
5636,20250501,20250502,20250504,26,22,8,1,12948.45,0.0,369.46,15,7699.85
5637,20250301,20250305,20250306,11,4,7,4,2252.7,0.0,77.32,3,1484.48
5638,20240825,20240829,20240830,12,23,5,1,13043.16,0.0,500.17,13,7185.57
5639,20251119,20251123,20251125,21,23,6,4,2187.96,0.0,44.23,3,1448.18
5640,20251001,20251004,20251006,20,34,6,1,7366.37,736.64,175.61,11,4723.34
5641,20250808,20250809,20250811,18,16,6,4,2085.96,208.6,77.93,6,1183.69
5642,20241212,20241215,20241216,7,14,7,3,870.72,87.07,26.86,6,520.52
5643,20250710,20250712,20250714,3,4,8,2,9022.08,902.21,236.26,8,6225.63
5644,20260219,20260221,20260222,29,23,8,1,2705.7,0.0,100.02,10,1847.57
5645,20250714,20250715,20250717,28,26,7,1,3889.95,0.0,65.91,5,2676.67
5646,20250324,20250325,20250327,28,12,8,2,2508.32,0.0,89.12,8,1692.97
5647,20241013,20241016,20241017,17,30,8,1,12883.78,0.0,501.3,13,8353.53
5648,20250413,20250417,20250419,28,38,5,1,13132.2,0.0,325.5,12,8915.06
5649,20241225,20241227,20241229,16,7,7,4,10484.58,0.0,368.34,19,6582.36
5650,20250616,20250619,20250620,3,23,8,1,1221.2,0.0,24.35,8,745.23
5651,20240504,20240506,20240507,6,28,5,1,4002.45,0.0,110.6,15,2206.21
5652,20240816,20240817,20240819,10,1,7,1,6601.32,660.13,141.18,18,4619.79
5653,20251021,20251026,20251028,13,8,8,2,11584.1,0.0,364.06,10,6481.83
5654,20250101,20250104,20250105,30,16,6,3,3449.52,0.0,89.59,9,2228.39
5655,20250208,20250212,20250213,11,6,8,4,1054.25,105.43,24.53,5,645.79
5656,20250429,20250503,20250504,20,15,8,3,4036.55,0.0,47.66,19,2634.81
5657,20250211,20250215,20250217,10,6,7,2,9835.54,0.0,137.32,11,5814.81
5658,20251001,20251005,20251006,21,36,7,2,3804.95,0.0,96.94,5,2345.07
5659,20240925,20240927,20240929,19,24,7,1,5682.24,0.0,221.32,12,3424.3
5660,20251001,20251006,20251007,5,14,6,4,17427.6,871.38,468.53,18,10572.34
5661,20240830,20240901,20240902,15,32,6,1,17298.88,0.0,500.01,16,11385.91
5662,20241224,20241228,20241230,4,1,7,4,6071.4,303.57,209.77,10,3928.89
5663,20250530,20250602,20250603,28,24,6,3,711.78,0.0,21.19,3,433.24
5664,20260101,20260104,20260105,23,28,8,3,8663.2,0.0,210.25,8,5698.16
5665,20240916,20240921,20240922,30,33,8,3,6799.68,0.0,169.49,9,4395.18
5666,20250530,20250601,20250602,28,9,6,5,8374.59,0.0,86.98,9,5754.5
5667,20240517,20240519,20240520,7,24,7,2,2536.38,0.0,44.34,7,1673.98
5668,20240525,20240528,20240530,23,31,5,2,7144.14,714.41,149.0,6,4506.22
5669,20251007,20251009,20251011,4,32,5,4,84.63,8.46,1.05,1,56.2
5670,20250902,20250904,20250906,30,8,6,3,9228.11,922.81,261.92,17,5206.8
5671,20241229,20250101,20250103,25,40,5,2,10390.5,0.0,130.11,9,6152.07
5672,20250625,20250627,20250628,22,11,8,1,11579.81,0.0,235.58,11,6964.79
5673,20241231,20250102,20250104,31,16,5,1,9690.08,969.01,148.34,16,5512.11
5674,20241018,20241020,20241022,27,8,6,4,11871.01,1187.1,441.49,19,8227.94
5675,20250206,20250207,20250209,27,6,6,1,2170.0,0.0,22.73,5,1299.06
5676,20241112,20241117,20241119,4,11,5,1,8485.47,0.0,171.0,9,5595.4
5677,20251111,20251113,20251115,1,6,6,1,3135.82,156.79,93.43,17,1872.56
5678,20250123,20250124,20250125,30,30,7,5,3572.53,0.0,70.17,13,2144.49
5679,20241118,20241123,20241125,9,24,8,3,1266.92,0.0,34.77,4,853.47
5680,20250423,20250426,20250427,14,16,5,2,6710.28,0.0,70.44,12,4397.04
5681,20251001,20251006,20251008,2,22,5,5,3601.4,0.0,142.61,11,2167.96
5682,20241015,20241019,20241020,20,25,6,2,7437.3,0.0,142.91,13,4345.93
5683,20260209,20260211,20260212,26,8,6,4,4735.8,0.0,122.6,5,2756.36
5684,20250302,20250304,20250305,27,12,8,4,3687.65,0.0,92.77,5,2411.64
5685,20250722,20250725,20250727,19,36,5,2,3953.43,197.67,71.52,13,2430.12
5686,20260222,20260223,20260224,21,1,6,4,2481.16,0.0,60.33,4,1495.46
5687,20250207,20250208,20250209,17,39,7,5,20176.1,0.0,600.54,19,14038.39
5688,20240823,20240828,20240830,15,39,6,1,2705.12,0.0,66.2,4,1574.55
5689,20250923,20250927,20250928,18,11,7,1,15180.75,759.04,264.8,13,8441.68
5690,20240405,20240408,20240410,30,13,8,4,1900.98,0.0,30.91,2,1290.79
5691,20250226,20250301,20250302,9,9,7,2,8741.16,0.0,275.67,9,6082.85
5692,20260310,20260315,20260316,16,23,6,3,3968.82,198.44,153.31,18,2573.13
5693,20250125,20250127,20250129,20,9,8,1,9410.22,0.0,198.72,9,5558.5
5694,20250808,20250812,20250814,19,32,8,4,17482.46,1748.25,586.3,17,10099.89
5695,20250415,20250420,20250421,1,16,8,4,3579.6,0.0,121.14,8,2035.7
5696,20240903,20240905,20240907,10,39,5,5,10495.2,0.0,189.14,10,5828.32
5697,20241116,20241120,20241121,21,35,8,2,5957.84,297.89,154.0,8,3514.36
5698,20250414,20250419,20250421,22,17,8,5,7418.04,370.9,79.46,14,4546.16
5699,20240615,20240620,20240621,24,24,8,3,6642.45,0.0,146.57,9,4385.57
5700,20250125,20250127,20250128,31,1,7,3,1387.88,0.0,24.61,4,868.55
5701,20250125,20250126,20250127,22,3,6,4,649.64,64.96,15.37,4,438.33
5702,20251125,20251130,20251201,19,21,7,2,3979.5,397.95,107.59,15,2282.94
5703,20240629,20240702,20240704,11,19,7,3,1124.46,56.22,20.61,3,661.03
5704,20251201,20251203,20251205,13,16,8,1,4506.92,0.0,52.15,11,2898.97
5705,20250122,20250126,20250127,26,4,6,2,8544.45,854.45,163.14,15,5119.57
5706,20250715,20250717,20250718,16,34,7,4,2192.4,219.24,47.55,3,1520.16
5707,20250508,20250512,20250514,23,17,8,1,7445.16,0.0,100.43,18,4941.14
5708,20241103,20241107,20241108,4,19,8,4,6711.88,0.0,185.13,14,3973.66
5709,20260202,20260204,20260205,4,17,5,1,11815.54,0.0,190.54,11,7487.59
5710,20240910,20240913,20240914,7,20,8,1,8698.3,0.0,261.63,13,4832.2
5711,20240427,20240428,20240430,6,26,5,4,4353.04,217.65,156.19,8,2900.24
5712,20250925,20250930,20251002,20,31,8,1,5200.96,260.05,168.92,16,3467.54
5713,20250624,20250628,20250629,21,22,5,5,4205.28,0.0,140.92,16,2405.85
5714,20260104,20260106,20260108,18,7,5,5,3522.78,0.0,70.81,3,1942.07
5715,20250225,20250302,20250304,10,35,7,2,871.84,87.18,14.58,8,589.26
5716,20240413,20240414,20240416,19,12,7,2,713.68,0.0,8.65,8,488.24
5717,20240415,20240419,20240420,4,1,7,1,1731.35,0.0,22.89,5,958.25
5718,20250208,20250210,20250212,16,2,6,4,18850.32,0.0,571.15,18,10404.49
5719,20240928,20241003,20241004,5,31,5,1,16602.39,0.0,530.85,19,10543.54
5720,20260127,20260130,20260201,3,16,7,5,13039.0,0.0,442.02,13,8923.66
5721,20240625,20240630,20240701,5,1,7,5,5049.44,504.94,134.75,11,2819.77
5722,20251228,20260101,20260102,4,33,7,1,6022.5,301.12,191.12,11,4111.96
5723,20240904,20240906,20240907,16,13,6,4,3881.12,0.0,105.93,4,2628.41
5724,20240626,20240627,20240628,18,40,8,2,7658.28,0.0,278.48,18,4410.53
5725,20241016,20241021,20241022,20,36,8,3,7595.2,759.52,218.54,8,4649.75
5726,20240714,20240715,20240717,15,2,5,1,5485.7,0.0,112.2,10,3725.65
5727,20250116,20250117,20250118,6,28,5,4,7374.36,0.0,114.39,12,4148.23
5728,20241125,20241129,20241201,1,25,5,1,1021.68,0.0,32.19,11,700.1
5729,20250418,20250419,20250421,23,7,5,4,3051.24,0.0,104.19,6,1797.28
5730,20250424,20250428,20250429,31,14,7,2,18710.56,0.0,313.02,16,12328.8
5731,20240401,20240402,20240403,10,20,7,3,398.1,0.0,12.12,1,257.21
5732,20240630,20240705,20240707,7,6,6,5,7705.68,0.0,277.09,12,5157.64
5733,20240727,20240731,20240802,11,29,7,4,9519.4,951.94,225.35,10,5712.75
5734,20240819,20240823,20240825,7,12,8,3,5059.12,0.0,83.75,8,2859.8
5735,20240607,20240608,20240610,7,38,8,2,1428.1,142.81,40.57,2,941.17
5736,20241114,20241118,20241119,16,33,6,2,7800.4,0.0,244.39,8,5186.49
5737,20250503,20250507,20250509,25,26,7,1,3588.85,179.44,46.53,5,2106.87
5738,20241110,20241114,20241115,23,5,7,5,5438.9,0.0,176.87,10,3024.71
5739,20241124,20241129,20241201,30,1,8,1,8406.63,0.0,219.66,9,4731.08
5740,20250306,20250310,20250312,12,6,8,2,9808.38,0.0,122.92,18,6549.24
5741,20250502,20250503,20250505,16,20,6,4,4343.04,434.3,166.75,12,2709.92
5742,20241126,20241129,20241201,13,32,8,2,3398.24,0.0,126.79,8,1956.55
5743,20240908,20240909,20240910,2,7,6,4,479.7,0.0,10.91,2,329.29
5744,20250121,20250122,20250124,13,29,8,1,731.13,0.0,27.13,3,503.8
5745,20240418,20240421,20240422,9,2,8,1,4219.9,421.99,124.15,19,2340.23
5746,20250323,20250327,20250329,16,11,8,3,11188.06,0.0,184.28,13,6711.2
5747,20260210,20260214,20260215,5,24,5,3,2585.33,0.0,80.05,11,1486.19
5748,20250113,20250114,20250116,24,34,5,5,287.31,14.37,5.31,1,190.79
5749,20240618,20240619,20240620,27,32,8,2,2398.8,239.88,30.32,15,1386.66
5750,20250825,20250828,20250830,30,22,5,1,17529.75,0.0,583.79,15,10540.77
5751,20240701,20240703,20240704,3,2,5,1,10780.5,0.0,369.38,15,7055.03
5752,20240819,20240822,20240823,4,12,6,2,9237.61,923.76,321.74,19,5764.55
5753,20240715,20240720,20240722,30,32,6,3,10901.9,545.1,219.5,10,6063.71
5754,20251230,20260102,20260104,27,4,5,1,1940.52,0.0,58.56,6,1182.47
5755,20260311,20260312,20260314,19,29,5,3,892.44,44.62,24.95,2,547.99
5756,20250517,20250518,20250519,11,29,6,5,13712.22,685.61,274.95,18,9093.56
5757,20250621,20250625,20250627,17,31,7,2,16657.2,1665.72,624.39,14,11327.52
5758,20250711,20250715,20250716,18,9,7,4,12995.1,649.76,358.03,18,8943.89
5759,20250616,20250618,20250619,27,10,8,1,21654.49,0.0,739.07,19,13496.9
5760,20250429,20250502,20250503,17,8,8,4,7886.48,788.65,183.42,14,4700.71
5761,20260315,20260317,20260319,1,16,5,1,7551.09,0.0,228.81,9,4236.49
5762,20250913,20250915,20250916,22,21,7,3,341.01,0.0,11.93,1,226.23
5763,20240603,20240605,20240606,25,5,5,1,11323.0,566.15,393.97,13,7134.44
5764,20250109,20250113,20250114,10,23,6,1,1046.91,0.0,39.63,1,716.03
5765,20260306,20260309,20260311,4,10,6,1,9000.32,0.0,268.84,8,5870.22
5766,20250117,20250118,20250119,5,23,7,1,9728.32,0.0,110.18,16,6032.47
5767,20240826,20240828,20240830,27,13,6,4,4312.35,0.0,111.87,9,2446.54
5768,20251219,20251223,20251224,15,39,8,1,1077.55,0.0,25.75,1,672.83
5769,20250625,20250629,20250701,17,13,6,5,1125.39,56.27,15.52,3,636.57
5770,20250512,20250517,20250519,30,35,8,2,11232.65,561.63,329.97,11,7697.98
5771,20250129,20250131,20250202,2,8,8,1,10268.34,1026.83,279.31,17,7071.08
5772,20240629,20240701,20240702,7,4,7,2,14947.27,0.0,158.99,13,9225.28
5773,20250103,20250106,20250108,26,8,5,1,2120.76,106.04,45.25,18,1294.82
5774,20250211,20250215,20250216,18,17,7,4,5950.56,0.0,113.72,11,3950.53
5775,20260203,20260208,20260210,1,37,6,1,905.56,0.0,15.03,2,574.74
5776,20241109,20241110,20241111,23,8,6,4,942.2,0.0,28.51,7,653.21
5777,20240717,20240722,20240723,5,32,6,1,11304.0,0.0,434.05,16,6936.1
5778,20250204,20250207,20250208,25,28,6,1,4991.58,0.0,176.54,11,2930.32
5779,20260322,20260324,20260325,25,14,6,1,2686.2,0.0,101.62,3,1746.17
5780,20250315,20250320,20250321,26,14,8,4,4563.72,0.0,74.68,7,3123.59
5781,20241231,20250101,20250102,15,38,6,3,6671.65,0.0,258.62,17,4061.69
5782,20250727,20250729,20250731,10,29,6,5,2132.83,0.0,44.59,7,1408.14
5783,20250714,20250717,20250719,28,10,7,2,4153.17,207.66,81.32,7,2440.75
5784,20241103,20241105,20241106,18,37,5,1,5605.1,280.26,212.53,10,3376.06
5785,20260301,20260302,20260304,21,17,7,4,16436.4,0.0,225.17,15,9509.81
5786,20250603,20250604,20250606,5,4,8,3,11749.55,1174.96,133.05,17,6524.81
5787,20240512,20240514,20240515,20,33,8,4,9542.5,0.0,177.75,11,6402.86
5788,20250120,20250122,20250124,19,35,5,2,8661.5,0.0,312.54,17,5258.27
5789,20260128,20260201,20260202,10,18,6,4,1970.52,0.0,21.81,4,1327.61
5790,20250110,20250111,20250113,25,29,5,1,13685.0,1368.5,520.91,17,8935.83
5791,20250516,20250521,20250522,5,10,7,5,19978.74,0.0,769.15,18,13936.7
5792,20250617,20250619,20250621,23,35,6,1,4696.5,234.82,102.44,6,3022.71
5793,20250823,20250825,20250827,30,15,8,4,803.99,0.0,11.03,1,524.76
5794,20251222,20251225,20251227,19,11,5,1,1485.36,0.0,20.47,18,863.07
5795,20240717,20240720,20240722,4,21,8,4,4062.6,0.0,72.81,10,2707.47
5796,20250409,20250413,20250415,18,11,6,4,4384.48,438.45,51.14,4,2477.05
5797,20250421,20250424,20250425,17,25,8,4,12103.96,0.0,284.51,11,8060.27
5798,20240720,20240723,20240724,18,30,5,2,4189.2,0.0,148.13,5,2857.87
5799,20250731,20250802,20250803,10,17,6,2,963.2,0.0,28.5,4,619.58
5800,20240625,20240629,20240701,20,32,6,4,2245.5,0.0,33.39,10,1417.87
5801,20250224,20250228,20250301,9,18,8,3,3160.15,0.0,74.85,7,1971.99
5802,20241125,20241130,20241201,18,39,7,3,12698.28,634.91,455.69,18,8308.2
5803,20240722,20240727,20240728,19,11,8,1,640.71,0.0,7.62,3,381.29
5804,20251116,20251119,20251121,21,29,7,2,493.16,49.32,8.62,4,278.78
5805,20240924,20240926,20240927,25,22,8,2,15429.26,1542.93,584.46,14,8871.35
5806,20241002,20241006,20241008,28,38,7,4,8064.6,403.23,241.36,15,5383.37
5807,20251209,20251212,20251213,25,9,7,1,1029.52,0.0,26.82,2,619.0
5808,20251226,20251230,20251231,25,8,8,2,88.25,0.0,2.16,1,51.57
5809,20240425,20240428,20240430,28,35,8,4,14244.32,0.0,222.78,16,9682.25
5810,20241018,20241019,20241020,9,37,7,3,21288.6,2128.86,806.15,18,12182.94
5811,20250826,20250830,20250831,10,30,6,4,379.56,0.0,6.32,3,241.14
5812,20251015,20251018,20251019,17,19,7,1,672.43,0.0,21.37,1,406.85
5813,20260324,20260329,20260330,15,17,7,2,709.08,0.0,12.57,2,472.57
5814,20250507,20250510,20250511,23,27,8,3,4992.48,249.62,62.52,18,3347.1
5815,20240406,20240407,20240409,1,30,7,2,1831.72,183.17,41.73,2,1208.23
5816,20251223,20251226,20251227,5,12,8,4,6914.25,0.0,218.21,7,4740.08
5817,20240726,20240727,20240728,24,1,7,1,2805.76,0.0,39.23,4,1771.81
5818,20240627,20240701,20240703,26,3,8,3,4620.05,0.0,103.11,5,3055.61
5819,20250801,20250804,20250805,11,14,8,1,4420.22,442.02,77.13,14,3016.3
5820,20250611,20250612,20250614,11,28,8,3,2445.12,0.0,52.56,8,1511.35
5821,20240514,20240516,20240518,18,18,5,4,3724.74,0.0,126.61,9,2419.05
5822,20240801,20240803,20240804,16,25,8,1,3813.94,381.39,48.09,13,2488.14
5823,20250601,20250606,20250608,6,19,6,2,5688.6,0.0,182.73,15,3611.32
5824,20241002,20241003,20241005,17,11,8,2,17005.19,850.26,493.64,19,10623.17
5825,20250808,20250813,20250814,26,30,6,4,17947.98,1794.8,493.42,18,10273.65
5826,20250123,20250124,20250125,23,29,6,1,15902.62,795.13,616.96,19,9548.77
5827,20250531,20250603,20250604,26,39,7,2,4742.55,474.26,68.75,9,3028.83
5828,20250310,20250311,20250312,21,34,7,4,2245.62,224.56,44.08,2,1282.14
5829,20241221,20241223,20241224,28,16,7,3,5978.63,597.86,94.33,7,3447.51
5830,20241204,20241209,20241211,9,29,5,4,2168.61,108.43,27.42,3,1434.73
5831,20250818,20250819,20250821,2,15,8,2,6916.96,0.0,223.22,16,3855.12
5832,20250407,20250410,20250412,4,35,6,5,5207.02,0.0,107.72,13,3424.92
5833,20250604,20250607,20250608,31,25,8,1,8381.52,0.0,219.92,9,5750.13
5834,20250523,20250525,20250526,21,34,6,1,6529.14,0.0,243.99,9,4214.04
5835,20240829,20240902,20240903,9,12,7,3,12162.6,1216.26,449.63,12,6917.26
5836,20260121,20260126,20260128,27,1,7,2,5824.13,0.0,171.0,13,3330.04
5837,20250513,20250516,20250517,11,6,5,3,5722.08,0.0,121.03,14,3190.03
5838,20250902,20250907,20250909,19,22,6,1,11037.0,0.0,368.23,12,7401.62
5839,20251229,20260102,20260104,9,39,7,1,82.07,4.1,1.37,1,52.07
5840,20260129,20260131,20260201,3,26,8,4,2443.15,122.16,68.47,5,1709.01
5841,20250727,20250730,20250801,10,33,8,1,5287.66,0.0,59.8,14,3240.96
5842,20251022,20251024,20251025,8,19,6,4,13720.32,1372.03,237.43,12,7581.64
5843,20250308,20250310,20250311,18,39,7,3,13149.07,1314.91,327.88,11,7346.85
5844,20250916,20250918,20250919,1,38,5,1,3468.08,0.0,105.83,11,1984.3
5845,20241119,20241120,20241122,9,9,8,4,671.1,67.11,19.25,2,395.99
5846,20250828,20250829,20250830,19,35,8,4,8989.37,449.47,142.07,13,5851.28
5847,20240602,20240604,20240606,13,1,8,4,8873.5,887.35,302.25,10,5612.14
5848,20260122,20260125,20260127,21,24,6,1,11131.04,0.0,396.22,16,6546.36
5849,20240924,20240929,20240930,21,18,6,3,3189.48,0.0,64.96,14,1982.63
5850,20250719,20250724,20250725,30,13,8,5,1051.74,105.17,25.36,1,608.1
5851,20240409,20240414,20240416,27,38,7,3,5776.4,0.0,111.68,14,3675.86
5852,20240722,20240727,20240729,7,27,5,1,1188.59,118.86,46.66,1,707.34
5853,20260315,20260318,20260320,22,6,7,1,1106.49,0.0,16.59,11,679.16
5854,20251124,20251128,20251130,20,6,7,4,2235.74,111.79,76.4,13,1407.83
5855,20240908,20240912,20240913,19,5,6,4,2226.24,0.0,78.44,12,1254.26
5856,20240704,20240707,20240709,25,13,6,5,11860.37,0.0,239.55,19,7413.82
5857,20251111,20251112,20251114,5,3,5,5,16527.34,0.0,644.49,19,9821.31
5858,20260317,20260320,20260321,13,11,6,1,7523.2,376.16,124.66,8,4985.32
5859,20240731,20240803,20240804,26,31,5,3,4235.64,0.0,77.31,6,2813.21
5860,20250725,20250730,20250801,28,35,6,1,7398.57,739.86,266.15,17,4586.82
5861,20241023,20241024,20241026,2,32,5,1,549.78,0.0,13.95,6,370.74
5862,20250921,20250922,20250923,16,20,6,1,3896.4,0.0,82.13,10,2238.22
5863,20250128,20250202,20250204,9,28,7,5,9432.0,943.2,329.13,18,5594.7
5864,20240630,20240703,20240705,6,38,6,1,11552.64,0.0,425.47,11,6685.77
5865,20241121,20241123,20241124,2,3,5,2,8851.73,0.0,234.94,17,5140.52
5866,20250425,20250428,20250429,18,37,8,2,3507.16,0.0,49.48,4,2324.3
5867,20251030,20251104,20251106,22,29,6,1,5220.32,0.0,168.62,7,3295.53
5868,20240416,20240419,20240421,17,16,7,3,785.42,0.0,21.33,2,451.95
5869,20260222,20260224,20260226,13,18,7,1,1055.6,0.0,26.78,7,728.86
5870,20250714,20250716,20250717,25,18,7,2,443.72,22.19,12.53,4,284.49
5871,20251224,20251226,20251228,21,7,6,2,854.84,85.48,21.42,7,569.73
5872,20260202,20260207,20260208,29,10,8,4,8089.6,0.0,104.02,8,4511.49
5873,20240721,20240725,20240727,12,12,8,4,3004.74,0.0,65.72,3,1913.29
5874,20240607,20240609,20240610,9,1,8,4,7247.76,0.0,143.82,13,4088.5
5875,20251014,20251017,20251019,15,21,6,2,3230.07,323.01,112.29,3,1924.7
5876,20240814,20240819,20240820,17,20,6,1,2601.16,0.0,97.41,4,1730.29
5877,20240716,20240717,20240718,15,14,5,2,19733.78,986.69,383.36,19,13322.91
5878,20250305,20250308,20250310,26,8,6,5,12769.56,638.48,337.04,12,7908.83
5879,20260121,20260123,20260125,2,39,8,1,2744.0,0.0,58.31,4,1728.76
5880,20251028,20251029,20251031,17,28,6,1,2772.27,138.61,88.31,3,1534.71
5881,20250410,20250411,20250413,14,19,8,5,7398.58,739.86,198.72,14,4490.99
5882,20240821,20240825,20240827,7,29,8,5,6687.98,668.8,152.28,13,4391.06
5883,20241130,20241202,20241204,21,15,7,1,13277.88,663.89,196.89,12,8286.76
5884,20250811,20250812,20250814,26,9,7,4,2345.07,117.25,93.0,13,1405.04
5885,20240723,20240725,20240727,18,27,8,2,2779.52,138.98,51.59,8,1595.89
5886,20250415,20250416,20250418,3,31,5,2,2722.64,272.26,49.24,8,1871.38
5887,20240409,20240412,20240413,3,27,5,2,1747.44,174.74,60.03,6,1108.66
5888,20241122,20241126,20241128,14,23,5,5,7100.31,0.0,152.17,7,4322.31
5889,20240927,20241001,20241003,22,1,8,1,144.7,7.24,2.52,1,99.69
5890,20250806,20250807,20250808,11,26,6,4,2010.72,0.0,55.46,16,1219.45
5891,20260121,20260122,20260123,11,25,5,1,18714.08,0.0,286.74,16,12798.86
5892,20240715,20240718,20240720,27,17,5,3,4924.71,0.0,103.9,9,2882.07
5893,20251029,20251102,20251103,1,10,6,4,4322.1,0.0,107.74,15,2399.16
5894,20250719,20250720,20250722,3,40,6,4,18795.04,939.75,271.91,16,12964.78
5895,20260303,20260308,20260309,5,16,5,5,1430.82,0.0,49.62,3,834.97
5896,20260120,20260121,20260122,31,11,5,4,12144.73,0.0,409.02,13,7272.73
5897,20240612,20240614,20240616,16,29,8,4,1785.12,0.0,19.98,3,1197.7
5898,20250920,20250924,20250926,5,20,8,1,4214.8,421.48,91.39,5,2612.15
5899,20250603,20250604,20250605,11,23,5,5,3474.18,0.0,63.65,9,1997.58
5900,20240621,20240624,20240625,31,26,6,2,3246.24,324.62,70.95,3,1908.09
5901,20241003,20241004,20241006,22,15,6,2,5607.0,0.0,219.07,12,3922.16
5902,20260131,20260202,20260204,8,7,6,3,2567.76,0.0,100.46,3,1527.09
5903,20250428,20250503,20250505,9,7,5,2,6705.9,0.0,170.26,15,4399.9
5904,20241201,20241205,20241207,3,38,8,3,3713.58,0.0,102.39,18,2241.45
5905,20241118,20241120,20241121,25,21,7,1,10523.92,0.0,347.26,11,6042.6
5906,20251127,20251201,20251202,5,17,8,1,1056.33,0.0,30.71,1,592.54
5907,20241022,20241025,20241027,10,13,6,5,2714.04,135.7,32.08,14,1526.59
5908,20240724,20240728,20240729,12,29,8,5,2222.22,222.22,52.31,7,1378.5
5909,20250520,20250525,20250526,20,37,7,2,630.36,0.0,18.18,1,439.51
5910,20260319,20260320,20260321,20,31,5,5,6895.07,689.51,269.18,7,4563.77
5911,20240811,20240816,20240818,25,22,6,2,8051.71,402.59,240.64,17,4690.97
5912,20241002,20241005,20241007,10,20,8,2,2908.8,145.44,68.93,6,1941.63
5913,20250306,20250307,20250308,13,35,8,5,10141.95,0.0,108.27,13,5583.09
5914,20240823,20240827,20240828,13,35,7,3,4411.56,0.0,120.45,4,2681.39
5915,20250715,20250720,20250722,2,16,5,4,2924.1,292.41,83.72,19,1848.4
5916,20241001,20241002,20241004,24,39,7,2,18598.15,0.0,588.65,19,12814.64
5917,20240702,20240707,20240709,18,34,8,2,9362.64,468.13,346.76,14,5296.44
5918,20241006,20241009,20241011,16,34,5,1,5712.63,0.0,160.6,11,3484.38
5919,20260202,20260206,20260208,31,3,6,5,9524.34,0.0,277.56,14,5276.5
5920,20260205,20260206,20260207,6,6,5,1,17524.16,0.0,310.24,16,9971.64
5921,20250401,20250402,20250403,31,12,5,2,2393.7,119.68,51.81,15,1586.14
5922,20250115,20250118,20250120,22,31,8,1,8963.37,896.34,298.04,13,5571.47
5923,20251114,20251117,20251118,8,4,5,3,866.88,43.34,18.29,8,552.04
5924,20240819,20240821,20240822,22,4,5,2,15056.86,0.0,396.48,13,9988.81
5925,20250717,20250719,20250720,24,2,5,4,4166.1,0.0,91.31,6,2330.53
5926,20250805,20250808,20250809,12,8,8,3,410.81,0.0,6.48,1,229.83
5927,20250827,20250901,20250903,12,37,6,1,13842.84,0.0,448.01,12,7838.85
5928,20240905,20240906,20240907,27,29,8,1,3385.23,0.0,90.65,3,1945.48
5929,20250831,20250904,20250906,5,29,6,1,1647.14,0.0,51.28,11,1046.34
5930,20250617,20250619,20250621,1,12,7,4,2726.62,0.0,105.49,13,1870.81
5931,20251224,20251228,20251229,21,26,8,4,380.86,19.04,9.8,2,258.44
5932,20240805,20240808,20240809,29,32,7,1,5249.68,0.0,201.58,8,2982.55
5933,20250618,20250620,20250621,17,22,7,3,19396.26,1939.63,645.17,18,11649.95
5934,20251121,20251122,20251123,5,35,5,1,2653.65,0.0,58.29,5,1556.12
5935,20241019,20241024,20241025,18,23,5,4,5387.8,0.0,83.99,10,2977.22
5936,20250920,20250921,20250923,9,13,7,5,7982.9,399.14,129.62,10,5354.55
5937,20240611,20240615,20240616,26,26,6,4,1080.64,108.06,33.29,8,685.54
5938,20250902,20250907,20250909,20,38,5,1,95.65,0.0,3.48,1,61.9
5939,20250613,20250616,20250618,12,34,5,2,794.58,0.0,10.85,1,533.75
5940,20240818,20240820,20240821,20,20,6,5,9802.54,980.25,132.18,11,6147.92
5941,20240518,20240519,20240520,22,24,5,1,8050.9,0.0,240.79,11,5244.67
5942,20250921,20250925,20250926,22,40,7,4,2193.12,109.66,56.05,4,1306.3
5943,20240922,20240925,20240927,12,30,6,5,4266.36,0.0,142.76,18,2728.02
5944,20250326,20250331,20250402,19,21,6,4,2134.74,213.47,81.03,3,1265.56
5945,20240514,20240515,20240517,2,12,5,3,6345.52,0.0,166.62,8,4170.44
5946,20260226,20260227,20260301,14,37,7,3,1009.96,50.5,26.36,4,621.99
5947,20250502,20250505,20250507,13,40,5,5,3234.06,0.0,56.56,6,2007.76
5948,20260203,20260205,20260207,18,3,7,2,4541.12,0.0,139.78,8,2529.55
5949,20240725,20240726,20240728,30,2,8,5,3919.48,0.0,155.78,4,2503.9
5950,20240827,20240901,20240903,30,5,8,2,5075.05,253.75,200.9,5,3209.29
5951,20250616,20250620,20250621,16,16,7,4,1290.5,0.0,38.72,10,902.14
5952,20250612,20250613,20250614,21,7,8,5,1125.9,112.59,15.53,10,781.33
5953,20251024,20251026,20251028,4,36,8,3,636.03,63.6,16.7,3,418.25
5954,20260131,20260203,20260204,16,37,7,1,7592.41,0.0,86.69,7,4214.74
5955,20251116,20251119,20251121,22,8,6,1,5149.44,0.0,60.33,9,2873.34
5956,20240711,20240714,20240716,22,34,7,4,1804.0,0.0,25.43,2,1108.83
5957,20241110,20241114,20241116,30,6,8,3,2833.92,0.0,61.46,18,1658.94
5958,20260121,20260122,20260123,15,32,7,1,4680.52,468.05,149.19,4,3228.84
5959,20250502,20250506,20250508,29,15,6,4,4306.0,0.0,118.8,4,2951.7
5960,20251218,20251223,20251225,31,2,5,5,6976.48,0.0,211.21,16,4414.86
5961,20250513,20250515,20250516,19,18,5,4,1061.6,53.08,13.74,8,648.24
5962,20240506,20240507,20240508,3,33,6,3,245.95,12.3,5.78,1,169.7
5963,20250308,20250313,20250314,13,38,8,5,1926.2,192.62,76.46,4,1261.62
5964,20251118,20251122,20251123,24,5,7,4,2430.18,121.51,88.66,18,1527.33
5965,20250718,20250720,20250721,19,34,5,1,1080.72,0.0,15.93,4,675.07
5966,20240705,20240709,20240710,30,12,8,5,1253.12,0.0,16.97,4,813.15
5967,20240830,20240901,20240903,26,19,6,3,3689.04,184.45,75.24,4,2368.87
5968,20251209,20251212,20251214,2,5,6,5,1379.2,0.0,35.5,8,780.13
5969,20260309,20260311,20260313,27,39,8,4,6709.22,335.46,68.71,14,3775.54
5970,20250927,20250929,20251001,12,32,6,3,2455.05,245.51,64.69,5,1421.86
5971,20240610,20240611,20240612,26,26,7,1,13539.02,0.0,306.72,19,7862.55
5972,20250622,20250626,20250628,17,30,8,1,4876.2,0.0,181.97,9,2855.42
5973,20251121,20251125,20251127,15,35,7,1,1762.26,0.0,59.63,2,1161.65
5974,20250707,20250708,20250710,3,6,7,4,2904.0,0.0,77.1,16,1739.77
5975,20250604,20250606,20250608,4,10,6,4,10086.78,1008.68,156.77,17,6398.08
5976,20250304,20250307,20250308,19,2,8,1,4092.13,0.0,115.67,7,2765.09
5977,20240925,20240927,20240928,19,20,5,1,338.63,0.0,10.56,1,201.19
5978,20241020,20241024,20241025,18,20,6,4,5498.58,0.0,119.15,6,3069.93
5979,20250922,20250925,20250927,5,2,8,1,5305.3,0.0,168.03,13,3286.59
5980,20240521,20240524,20240526,17,27,6,1,1599.25,0.0,58.77,5,1114.67
5981,20240601,20240605,20240607,2,1,5,1,12080.48,0.0,262.02,16,8242.85
5982,20250112,20250117,20250119,5,32,6,3,6721.02,336.05,167.46,9,4040.84
5983,20251012,20251013,20251015,16,29,6,3,5249.79,0.0,182.58,7,3162.18
5984,20250720,20250725,20250726,20,33,7,4,9706.76,0.0,361.5,14,5573.51
5985,20250601,20250603,20250604,21,5,5,1,5083.2,0.0,160.83,16,3150.27
5986,20250422,20250427,20250428,31,35,6,1,563.58,0.0,18.51,2,362.55
5987,20240620,20240621,20240623,27,22,8,4,2458.95,0.0,72.72,5,1474.28
5988,20241126,20241128,20241129,13,35,5,5,12875.4,643.77,253.84,15,8142.65
5989,20240528,20240530,20240601,25,28,8,2,3687.48,0.0,103.16,18,2207.63
5990,20251001,20251003,20251005,3,27,5,4,3382.68,169.13,95.06,6,2306.13
5991,20250925,20250926,20250927,27,2,6,4,10943.64,0.0,234.98,18,6393.86
5992,20241004,20241006,20241007,13,28,7,5,2770.56,138.53,41.88,12,1609.12
5993,20241029,20241031,20241102,24,18,8,2,15494.31,774.72,268.41,13,9469.33
5994,20241116,20241120,20241122,31,34,6,1,12617.76,1261.78,181.21,12,8082.79
5995,20260103,20260107,20260108,23,28,5,1,1997.0,0.0,73.41,4,1175.27
5996,20250320,20250325,20250327,29,3,8,4,6286.84,314.34,223.2,14,4233.39
5997,20251003,20251004,20251005,1,36,8,4,5668.44,0.0,148.48,6,3952.25
5998,20250219,20250220,20250222,6,3,7,2,10869.45,0.0,348.48,15,7568.52
5999,20250818,20250820,20250822,20,12,5,1,541.92,27.1,13.82,4,317.99
6000,20250417,20250419,20250420,18,9,7,1,5070.84,0.0,91.07,12,3399.73
