SnapshotDateKey,ProductKey,WarehouseKey,QuantityOnHand
20240401,3,1,691
20240402,3,1,680
20240403,3,1,672
20240404,3,1,669
20240405,3,1,663
20240406,3,1,661
20240407,3,1,656
20240408,3,1,649
20240409,3,1,649
20240410,3,1,645
20240411,3,1,634
20240412,3,1,623
20240413,3,1,613
20240414,3,1,605
20240415,3,1,597
20240416,3,1,591
20240417,3,1,584
20240418,3,1,582
20240419,3,1,576
20240420,3,1,570
20240421,3,1,569
20240422,3,1,566
20240423,3,1,563
20240424,3,1,555
20240425,3,1,551
20240426,3,1,549
20240427,3,1,540
20240428,3,1,534
20240429,3,1,527
20240430,3,1,523
20240501,3,1,726
20240502,3,1,723
20240503,3,1,712
20240504,3,1,702
20240505,3,1,691
20240506,3,1,682
20240507,3,1,681
20240508,3,1,672
20240509,3,1,670
20240510,3,1,666
20240511,3,1,661
20240512,3,1,656
20240513,3,1,647
20240514,3,1,641
20240515,3,1,635
20240516,3,1,633
20240517,3,1,624
20240518,3,1,620
20240519,3,1,612
20240520,3,1,607
20240521,3,1,600
20240522,3,1,592
20240523,3,1,586
20240524,3,1,581
20240525,3,1,573
20240526,3,1,572
20240527,3,1,561
20240528,3,1,556
20240529,3,1,545
20240530,3,1,539
20240531,3,1,538
20240601,3,1,779
20240602,3,1,769
20240603,3,1,759
20240604,3,1,757
20240605,3,1,748
20240606,3,1,742
20240607,3,1,737
20240608,3,1,732
20240609,3,1,724
20240610,3,1,716
20240611,3,1,706
20240612,3,1,696
20240613,3,1,694
20240614,3,1,689
20240615,3,1,678
20240616,3,1,668
20240617,3,1,663
20240618,3,1,663
20240619,3,1,661
20240620,3,1,651
20240621,3,1,643
20240622,3,1,634
20240623,3,1,625
20240624,3,1,624
20240625,3,1,617
20240626,3,1,609
20240627,3,1,608
20240628,3,1,602
20240629,3,1,599
20240630,3,1,588
20240701,3,1,772
20240702,3,1,762
20240703,3,1,755
20240704,3,1,744
20240705,3,1,738
20240706,3,1,736
20240707,3,1,734
20240708,3,1,732
20240709,3,1,723
20240710,3,1,723
20240711,3,1,715
20240712,3,1,710
20240713,3,1,704
20240714,3,1,695
20240715,3,1,684
20240716,3,1,681
20240717,3,1,670
20240718,3,1,660
20240719,3,1,651
20240720,3,1,650
20240721,3,1,649
20240722,3,1,649
20240723,3,1,639
20240724,3,1,628
20240725,3,1,625
20240726,3,1,619
20240727,3,1,613
20240728,3,1,609
20240729,3,1,598
20240730,3,1,587
20240731,3,1,585
20240801,3,1,815
20240802,3,1,814
20240803,3,1,804
20240804,3,1,794
20240805,3,1,794
20240806,3,1,788
20240807,3,1,786
20240808,3,1,780
20240809,3,1,777
20240810,3,1,771
20240811,3,1,763
20240812,3,1,762
20240813,3,1,757
20240814,3,1,753
20240815,3,1,749
20240816,3,1,738
20240817,3,1,727
20240818,3,1,720
20240819,3,1,711
20240820,3,1,707
20240821,3,1,700
20240822,3,1,695
20240823,3,1,691
20240824,3,1,682
20240825,3,1,672
20240826,3,1,668
20240827,3,1,665
20240828,3,1,661
20240829,3,1,650
20240830,3,1,641
20240831,3,1,638
20240901,3,1,872
20240902,3,1,868
20240903,3,1,858
20240904,3,1,847
20240905,3,1,845
20240906,3,1,838
20240907,3,1,836
20240908,3,1,828
20240909,3,1,828
20240910,3,1,821
20240911,3,1,817
20240912,3,1,811
20240913,3,1,805
20240914,3,1,794
20240915,3,1,793
20240916,3,1,787
20240917,3,1,786
20240918,3,1,779
20240919,3,1,774
20240920,3,1,773
20240921,3,1,771
20240922,3,1,770
20240923,3,1,761
20240924,3,1,751
20240925,3,1,748
20240926,3,1,744
20240927,3,1,744
20240928,3,1,742
20240929,3,1,741
20240930,3,1,730
20241001,3,1,917
20241002,3,1,916
20241003,3,1,914
20241004,3,1,912
20241005,3,1,910
20241006,3,1,908
20241007,3,1,905
20241008,3,1,900
20241009,3,1,898
20241010,3,1,892
20241011,3,1,888
20241012,3,1,881
20241013,3,1,875
20241014,3,1,865
20241015,3,1,858
20241016,3,1,850
20241017,3,1,840
20241018,3,1,838
20241019,3,1,828
20241020,3,1,823
20241021,3,1,816
20241022,3,1,808
20241023,3,1,806
20241024,3,1,800
20241025,3,1,797
20241026,3,1,795
20241027,3,1,785
20241028,3,1,776
20241029,3,1,774
20241030,3,1,772
20241031,3,1,771
20241101,3,1,970
20241102,3,1,962
20241103,3,1,958
20241104,3,1,947
20241105,3,1,941
20241106,3,1,931
20241107,3,1,930
20241108,3,1,919
20241109,3,1,916
20241110,3,1,912
20241111,3,1,905
20241112,3,1,900
20241113,3,1,897
20241114,3,1,896
20241115,3,1,891
20241116,3,1,886
20241117,3,1,885
20241118,3,1,876
20241119,3,1,874
20241120,3,1,874
20241121,3,1,871
20241122,3,1,868
20241123,3,1,865
20241124,3,1,854
20241125,3,1,847
20241126,3,1,845
20241127,3,1,839
20241128,3,1,836
20241129,3,1,825
20241130,3,1,814
20241201,3,1,1047
20241202,3,1,1046
20241203,3,1,1037
20241204,3,1,1037
20241205,3,1,1034
20241206,3,1,1028
20241207,3,1,1025
20241208,3,1,1017
20241209,3,1,1015
20241210,3,1,1005
20241211,3,1,1005
20241212,3,1,1001
20241213,3,1,997
20241214,3,1,986
20241215,3,1,978
20241216,3,1,967
20241217,3,1,961
20241218,3,1,950
20241219,3,1,946
20241220,3,1,946
20241221,3,1,944
20241222,3,1,940
20241223,3,1,932
20241224,3,1,930
20241225,3,1,927
20241226,3,1,920
20241227,3,1,920
20241228,3,1,910
20241229,3,1,899
20241230,3,1,890
20241231,3,1,879
20250101,3,1,1051
20250102,3,1,1041
20250103,3,1,1039
20250104,3,1,1031
20250105,3,1,1025
20250106,3,1,1022
20250107,3,1,1017
20250108,3,1,1012
20250109,3,1,1002
20250110,3,1,996
20250111,3,1,991
20250112,3,1,983
20250113,3,1,982
20250114,3,1,979
20250115,3,1,973
20250116,3,1,966
20250117,3,1,965
20250118,3,1,962
20250119,3,1,957
20250120,3,1,957
20250121,3,1,951
20250122,3,1,941
20250123,3,1,930
20250124,3,1,923
20250125,3,1,920
20250126,3,1,912
20250127,3,1,905
20250128,3,1,905
20250129,3,1,905
20250130,3,1,894
20250131,3,1,884
20250201,3,1,1091
20250202,3,1,1090
20250203,3,1,1088
20250204,3,1,1087
20250205,3,1,1086
20250206,3,1,1076
20250207,3,1,1067
20250208,3,1,1058
20250209,3,1,1058
20250210,3,1,1054
20250211,3,1,1047
20250212,3,1,1041
20250213,3,1,1038
20250214,3,1,1034
20250215,3,1,1026
20250216,3,1,1016
20250217,3,1,1005
20250218,3,1,997
20250219,3,1,994
20250220,3,1,984
20250221,3,1,977
20250222,3,1,968
20250223,3,1,964
20250224,3,1,958
20250225,3,1,952
20250226,3,1,944
20250227,3,1,944
20250228,3,1,938
20250301,3,1,1117
20250302,3,1,1108
20250303,3,1,1102
20250304,3,1,1098
20250305,3,1,1090
20250306,3,1,1090
20250307,3,1,1080
20250308,3,1,1077
20250309,3,1,1076
20250310,3,1,1068
20250311,3,1,1058
20250312,3,1,1047
20250313,3,1,1038
20250314,3,1,1028
20250315,3,1,1025
20250316,3,1,1016
20250317,3,1,1016
20250318,3,1,1005
20250319,3,1,996
20250320,3,1,989
20250321,3,1,978
20250322,3,1,972
20250323,3,1,969
20250324,3,1,963
20250325,3,1,963
20250326,3,1,952
20250327,3,1,946
20250328,3,1,946
20250329,3,1,939
20250330,3,1,933
20250331,3,1,922
20250401,3,1,1184
20250402,3,1,1184
20250403,3,1,1179
20250404,3,1,1170
20250405,3,1,1162
20250406,3,1,1152
20250407,3,1,1143
20250408,3,1,1137
20250409,3,1,1128
20250410,3,1,1119
20250411,3,1,1118
20250412,3,1,1117
20250413,3,1,1115
20250414,3,1,1104
20250415,3,1,1094
20250416,3,1,1094
20250417,3,1,1083
20250418,3,1,1083
20250419,3,1,1074
20250420,3,1,1068
20250421,3,1,1061
20250422,3,1,1053
20250423,3,1,1043
20250424,3,1,1035
20250425,3,1,1029
20250426,3,1,1023
20250427,3,1,1012
20250428,3,1,1003
20250429,3,1,996
20250430,3,1,989
20250501,3,1,1173
20250502,3,1,1165
20250503,3,1,1164
20250504,3,1,1155
20250505,3,1,1144
20250506,3,1,1136
20250507,3,1,1126
20250508,3,1,1117
20250509,3,1,1107
20250510,3,1,1101
20250511,3,1,1097
20250512,3,1,1092
20250513,3,1,1081
20250514,3,1,1073
20250515,3,1,1072
20250516,3,1,1068
20250517,3,1,1068
20250518,3,1,1058
20250519,3,1,1054
20250520,3,1,1054
20250521,3,1,1043
20250522,3,1,1033
20250523,3,1,1022
20250524,3,1,1018
20250525,3,1,1013
20250526,3,1,1007
20250527,3,1,998
20250528,3,1,989
20250529,3,1,983
20250530,3,1,977
20250531,3,1,976
20250601,3,1,1147
20250602,3,1,1142
20250603,3,1,1141
20250604,3,1,1140
20250605,3,1,1133
20250606,3,1,1123
20250607,3,1,1121
20250608,3,1,1115
20250609,3,1,1112
20250610,3,1,1103
20250611,3,1,1095
20250612,3,1,1091
20250613,3,1,1086
20250614,3,1,1080
20250615,3,1,1071
20250616,3,1,1066
20250617,3,1,1058
20250618,3,1,1053
20250619,3,1,1050
20250620,3,1,1043
20250621,3,1,1034
20250622,3,1,1023
20250623,3,1,1023
20250624,3,1,1012
20250625,3,1,1004
20250626,3,1,1001
20250627,3,1,997
20250628,3,1,989
20250629,3,1,986
20250630,3,1,982
20250701,3,1,1202
20250702,3,1,1192
20250703,3,1,1182
20250704,3,1,1179
20250705,3,1,1177
20250706,3,1,1166
20250707,3,1,1155
20250708,3,1,1148
20250709,3,1,1140
20250710,3,1,1137
20250711,3,1,1130
20250712,3,1,1122
20250713,3,1,1119
20250714,3,1,1111
20250715,3,1,1107
20250716,3,1,1101
20250717,3,1,1101
20250718,3,1,1100
20250719,3,1,1093
20250720,3,1,1084
20250721,3,1,1078
20250722,3,1,1069
20250723,3,1,1060
20250724,3,1,1051
20250725,3,1,1042
20250726,3,1,1033
20250727,3,1,1024
20250728,3,1,1020
20250729,3,1,1016
20250730,3,1,1011
20250731,3,1,1005
20250801,3,1,1248
20250802,3,1,1247
20250803,3,1,1243
20250804,3,1,1236
20250805,3,1,1236
20250806,3,1,1235
20250807,3,1,1224
20250808,3,1,1214
20250809,3,1,1208
20250810,3,1,1207
20250811,3,1,1204
20250812,3,1,1195
20250813,3,1,1187
20250814,3,1,1185
20250815,3,1,1185
20250816,3,1,1174
20250817,3,1,1166
20250818,3,1,1159
20250819,3,1,1149
20250820,3,1,1144
20250821,3,1,1143
20250822,3,1,1143
20250823,3,1,1132
20250824,3,1,1125
20250825,3,1,1117
20250826,3,1,1113
20250827,3,1,1112
20250828,3,1,1103
20250829,3,1,1094
20250830,3,1,1085
20250831,3,1,1079
20250901,3,1,1329
20250902,3,1,1326
20250903,3,1,1326
20250904,3,1,1324
20250905,3,1,1319
20250906,3,1,1314
20250907,3,1,1309
20250908,3,1,1304
20250909,3,1,1302
20250910,3,1,1294
20250911,3,1,1289
20250912,3,1,1283
20250913,3,1,1276
20250914,3,1,1271
20250915,3,1,1265
20250916,3,1,1260
20250917,3,1,1256
20250918,3,1,1250
20250919,3,1,1242
20250920,3,1,1232
20250921,3,1,1231
20250922,3,1,1229
20250923,3,1,1228
20250924,3,1,1228
20250925,3,1,1219
20250926,3,1,1217
20250927,3,1,1214
20250928,3,1,1211
20250929,3,1,1201
20250930,3,1,1194
20251001,3,1,1349
20251002,3,1,1338
20251003,3,1,1330
20251004,3,1,1325
20251005,3,1,1314
20251006,3,1,1314
20251007,3,1,1314
20251008,3,1,1305
20251009,3,1,1303
20251010,3,1,1303
20251011,3,1,1302
20251012,3,1,1297
20251013,3,1,1290
20251014,3,1,1285
20251015,3,1,1280
20251016,3,1,1279
20251017,3,1,1276
20251018,3,1,1265
20251019,3,1,1262
20251020,3,1,1258
20251021,3,1,1248
20251022,3,1,1248
20251023,3,1,1248
20251024,3,1,1238
20251025,3,1,1235
20251026,3,1,1233
20251027,3,1,1228
20251028,3,1,1228
20251029,3,1,1224
20251030,3,1,1224
20251031,3,1,1216
20251101,3,1,1486
20251102,3,1,1484
20251103,3,1,1475
20251104,3,1,1468
20251105,3,1,1458
20251106,3,1,1448
20251107,3,1,1444
20251108,3,1,1433
20251109,3,1,1423
20251110,3,1,1416
20251111,3,1,1409
20251112,3,1,1404
20251113,3,1,1394
20251114,3,1,1394
20251115,3,1,1389
20251116,3,1,1388
20251117,3,1,1388
20251118,3,1,1377
20251119,3,1,1370
20251120,3,1,1365
20251121,3,1,1354
20251122,3,1,1353
20251123,3,1,1342
20251124,3,1,1337
20251125,3,1,1336
20251126,3,1,1333
20251127,3,1,1328
20251128,3,1,1319
20251129,3,1,1309
20251130,3,1,1308
20251201,3,1,1516
20251202,3,1,1510
20251203,3,1,1504
20251204,3,1,1493
20251205,3,1,1490
20251206,3,1,1485
20251207,3,1,1482
20251208,3,1,1480
20251209,3,1,1476
20251210,3,1,1476
20251211,3,1,1467
20251212,3,1,1462
20251213,3,1,1457
20251214,3,1,1451
20251215,3,1,1445
20251216,3,1,1434
20251217,3,1,1427
20251218,3,1,1418
20251219,3,1,1409
20251220,3,1,1409
20251221,3,1,1400
20251222,3,1,1391
20251223,3,1,1384
20251224,3,1,1384
20251225,3,1,1384
20251226,3,1,1384
20251227,3,1,1376
20251228,3,1,1370
20251229,3,1,1366
20251230,3,1,1360
20251231,3,1,1355
20260101,3,1,1543
20260102,3,1,1538
20260103,3,1,1532
20260104,3,1,1521
20260105,3,1,1511
20260106,3,1,1503
20260107,3,1,1493
20260108,3,1,1489
20260109,3,1,1485
20260110,3,1,1474
20260111,3,1,1464
20260112,3,1,1463
20260113,3,1,1463
20260114,3,1,1461
20260115,3,1,1452
20260116,3,1,1450
20260117,3,1,1439
20260118,3,1,1437
20260119,3,1,1435
20260120,3,1,1435
20260121,3,1,1424
20260122,3,1,1421
20260123,3,1,1412
20260124,3,1,1406
20260125,3,1,1405
20260126,3,1,1403
20260127,3,1,1402
20260128,3,1,1401
20260129,3,1,1392
20260130,3,1,1385
20260131,3,1,1384
20260201,3,1,1594
20260202,3,1,1587
20260203,3,1,1586
20260204,3,1,1584
20260205,3,1,1576
20260206,3,1,1567
20260207,3,1,1556
20260208,3,1,1545
20260209,3,1,1537
20260210,3,1,1534
20260211,3,1,1525
20260212,3,1,1518
20260213,3,1,1507
20260214,3,1,1498
20260215,3,1,1489
20260216,3,1,1483
20260217,3,1,1474
20260218,3,1,1471
20260219,3,1,1470
20260220,3,1,1468
20260221,3,1,1462
20260222,3,1,1455
20260223,3,1,1450
20260224,3,1,1445
20260225,3,1,1443
20260226,3,1,1433
20260227,3,1,1431
20260228,3,1,1430
20260301,3,1,1602
20260302,3,1,1591
20260303,3,1,1587
20260304,3,1,1578
20260305,3,1,1573
20260306,3,1,1562
20260307,3,1,1555
20260308,3,1,1553
20260309,3,1,1552
20260310,3,1,1550
20260311,3,1,1543
20260312,3,1,1543
20260313,3,1,1534
20260314,3,1,1531
20260315,3,1,1521
20260316,3,1,1520
20260317,3,1,1510
20260318,3,1,1500
20260319,3,1,1494
20260320,3,1,1489
20260321,3,1,1479
20260322,3,1,1470
20260323,3,1,1464
20260324,3,1,1461
20260325,3,1,1461
20260326,3,1,1450
20260327,3,1,1439
20260328,3,1,1429
20260329,3,1,1429
20260330,3,1,1424
20260331,3,1,1421
20240401,32,1,480
20240402,32,1,474
20240403,32,1,472
20240404,32,1,466
20240405,32,1,460
20240406,32,1,453
20240407,32,1,451
20240408,32,1,450
20240409,32,1,447
20240410,32,1,447
20240411,32,1,439
20240412,32,1,436
20240413,32,1,433
20240414,32,1,433
20240415,32,1,427
20240416,32,1,427
20240417,32,1,422
20240418,32,1,419
20240419,32,1,412
20240420,32,1,401
20240421,32,1,395
20240422,32,1,386
20240423,32,1,384
20240424,32,1,380
20240425,32,1,371
20240426,32,1,367
20240427,32,1,356
20240428,32,1,345
20240429,32,1,337
20240430,32,1,330
20240501,32,1,521
20240502,32,1,510
20240503,32,1,500
20240504,32,1,496
20240505,32,1,494
20240506,32,1,484
20240507,32,1,484
20240508,32,1,475
20240509,32,1,472
20240510,32,1,463
20240511,32,1,456
20240512,32,1,455
20240513,32,1,445
20240514,32,1,434
20240515,32,1,431
20240516,32,1,430
20240517,32,1,420
20240518,32,1,415
20240519,32,1,408
20240520,32,1,399
20240521,32,1,392
20240522,32,1,387
20240523,32,1,379
20240524,32,1,379
20240525,32,1,373
20240526,32,1,366
20240527,32,1,358
20240528,32,1,356
20240529,32,1,347
20240530,32,1,344
20240531,32,1,337
20240601,32,1,592
20240602,32,1,581
20240603,32,1,575
20240604,32,1,575
20240605,32,1,568
20240606,32,1,565
20240607,32,1,555
20240608,32,1,554
20240609,32,1,554
20240610,32,1,546
20240611,32,1,546
20240612,32,1,544
20240613,32,1,540
20240614,32,1,530
20240615,32,1,521
20240616,32,1,514
20240617,32,1,509
20240618,32,1,501
20240619,32,1,498
20240620,32,1,488
20240621,32,1,480
20240622,32,1,473
20240623,32,1,467
20240624,32,1,460
20240625,32,1,454
20240626,32,1,446
20240627,32,1,441
20240628,32,1,438
20240629,32,1,430
20240630,32,1,427
20240701,32,1,579
20240702,32,1,579
20240703,32,1,573
20240704,32,1,565
20240705,32,1,562
20240706,32,1,562
20240707,32,1,555
20240708,32,1,551
20240709,32,1,542
20240710,32,1,538
20240711,32,1,531
20240712,32,1,524
20240713,32,1,521
20240714,32,1,512
20240715,32,1,503
20240716,32,1,494
20240717,32,1,491
20240718,32,1,488
20240719,32,1,485
20240720,32,1,484
20240721,32,1,474
20240722,32,1,463
20240723,32,1,454
20240724,32,1,454
20240725,32,1,443
20240726,32,1,434
20240727,32,1,434
20240728,32,1,434
20240729,32,1,431
20240730,32,1,426
20240731,32,1,422
20240801,32,1,660
20240802,32,1,655
20240803,32,1,651
20240804,32,1,645
20240805,32,1,644
20240806,32,1,644
20240807,32,1,635
20240808,32,1,634
20240809,32,1,623
20240810,32,1,617
20240811,32,1,611
20240812,32,1,602
20240813,32,1,600
20240814,32,1,594
20240815,32,1,589
20240816,32,1,584
20240817,32,1,573
20240818,32,1,562
20240819,32,1,558
20240820,32,1,554
20240821,32,1,551
20240822,32,1,547
20240823,32,1,542
20240824,32,1,542
20240825,32,1,540
20240826,32,1,531
20240827,32,1,523
20240828,32,1,523
20240829,32,1,513
20240830,32,1,512
20240831,32,1,511
20240901,32,1,668
20240902,32,1,666
20240903,32,1,656
20240904,32,1,651
20240905,32,1,649
20240906,32,1,649
20240907,32,1,647
20240908,32,1,643
20240909,32,1,638
20240910,32,1,633
20240911,32,1,631
20240912,32,1,630
20240913,32,1,625
20240914,32,1,625
20240915,32,1,615
20240916,32,1,612
20240917,32,1,605
20240918,32,1,598
20240919,32,1,598
20240920,32,1,591
20240921,32,1,584
20240922,32,1,583
20240923,32,1,577
20240924,32,1,576
20240925,32,1,571
20240926,32,1,569
20240927,32,1,566
20240928,32,1,556
20240929,32,1,546
20240930,32,1,535
20241001,32,1,822
20241002,32,1,812
20241003,32,1,802
20241004,32,1,799
20241005,32,1,798
20241006,32,1,794
20241007,32,1,787
20241008,32,1,786
20241009,32,1,779
20241010,32,1,776
20241011,32,1,771
20241012,32,1,767
20241013,32,1,759
20241014,32,1,756
20241015,32,1,751
20241016,32,1,744
20241017,32,1,734
20241018,32,1,729
20241019,32,1,728
20241020,32,1,722
20241021,32,1,722
20241022,32,1,715
20241023,32,1,711
20241024,32,1,704
20241025,32,1,703
20241026,32,1,698
20241027,32,1,696
20241028,32,1,690
20241029,32,1,690
20241030,32,1,684
20241031,32,1,679
20241101,32,1,839
20241102,32,1,829
20241103,32,1,823
20241104,32,1,817
20241105,32,1,813
20241106,32,1,810
20241107,32,1,810
20241108,32,1,805
20241109,32,1,799
20241110,32,1,799
20241111,32,1,796
20241112,32,1,790
20241113,32,1,788
20241114,32,1,781
20241115,32,1,776
20241116,32,1,765
20241117,32,1,763
20241118,32,1,763
20241119,32,1,760
20241120,32,1,751
20241121,32,1,740
20241122,32,1,733
20241123,32,1,726
20241124,32,1,718
20241125,32,1,707
20241126,32,1,696
20241127,32,1,689
20241128,32,1,685
20241129,32,1,684
20241130,32,1,683
20241201,32,1,932
20241202,32,1,922
20241203,32,1,917
20241204,32,1,907
20241205,32,1,897
20241206,32,1,891
20241207,32,1,886
20241208,32,1,885
20241209,32,1,874
20241210,32,1,867
20241211,32,1,863
20241212,32,1,862
20241213,32,1,852
20241214,32,1,852
20241215,32,1,844
20241216,32,1,842
20241217,32,1,835
20241218,32,1,834
20241219,32,1,825
20241220,32,1,820
20241221,32,1,815
20241222,32,1,804
20241223,32,1,802
20241224,32,1,795
20241225,32,1,789
20241226,32,1,781
20241227,32,1,774
20241228,32,1,765
20241229,32,1,761
20241230,32,1,759
20241231,32,1,751
20250101,32,1,976
20250102,32,1,968
20250103,32,1,966
20250104,32,1,963
20250105,32,1,955
20250106,32,1,951
20250107,32,1,940
20250108,32,1,932
20250109,32,1,928
20250110,32,1,919
20250111,32,1,911
20250112,32,1,907
20250113,32,1,902
20250114,32,1,895
20250115,32,1,893
20250116,32,1,886
20250117,32,1,883
20250118,32,1,872
20250119,32,1,866
20250120,32,1,857
20250121,32,1,851
20250122,32,1,849
20250123,32,1,841
20250124,32,1,834
20250125,32,1,833
20250126,32,1,822
20250127,32,1,821
20250128,32,1,817
20250129,32,1,816
20250130,32,1,807
20250131,32,1,802
20250201,32,1,1022
20250202,32,1,1017
20250203,32,1,1012
20250204,32,1,1006
20250205,32,1,995
20250206,32,1,990
20250207,32,1,988
20250208,32,1,985
20250209,32,1,979
20250210,32,1,970
20250211,32,1,960
20250212,32,1,954
20250213,32,1,949
20250214,32,1,938
20250215,32,1,930
20250216,32,1,930
20250217,32,1,923
20250218,32,1,914
20250219,32,1,905
20250220,32,1,904
20250221,32,1,898
20250222,32,1,889
20250223,32,1,878
20250224,32,1,868
20250225,32,1,859
20250226,32,1,850
20250227,32,1,846
20250228,32,1,839
20250301,32,1,993
20250302,32,1,990
20250303,32,1,979
20250304,32,1,977
20250305,32,1,974
20250306,32,1,965
20250307,32,1,965
20250308,32,1,963
20250309,32,1,963
20250310,32,1,956
20250311,32,1,948
20250312,32,1,937
20250313,32,1,928
20250314,32,1,920
20250315,32,1,911
20250316,32,1,900
20250317,32,1,894
20250318,32,1,893
20250319,32,1,886
20250320,32,1,883
20250321,32,1,873
20250322,32,1,867
20250323,32,1,860
20250324,32,1,854
20250325,32,1,850
20250326,32,1,840
20250327,32,1,829
20250328,32,1,819
20250329,32,1,808
20250330,32,1,808
20250331,32,1,801
20250401,32,1,1008
20250402,32,1,1003
20250403,32,1,992
20250404,32,1,983
20250405,32,1,974
20250406,32,1,967
20250407,32,1,966
20250408,32,1,964
20250409,32,1,953
20250410,32,1,953
20250411,32,1,945
20250412,32,1,938
20250413,32,1,930
20250414,32,1,919
20250415,32,1,915
20250416,32,1,908
20250417,32,1,908
20250418,32,1,904
20250419,32,1,901
20250420,32,1,892
20250421,32,1,889
20250422,32,1,886
20250423,32,1,881
20250424,32,1,875
20250425,32,1,867
20250426,32,1,856
20250427,32,1,851
20250428,32,1,844
20250429,32,1,840
20250430,32,1,833
20250501,32,1,1018
20250502,32,1,1009
20250503,32,1,1001
20250504,32,1,992
20250505,32,1,984
20250506,32,1,980
20250507,32,1,971
20250508,32,1,969
20250509,32,1,969
20250510,32,1,967
20250511,32,1,959
20250512,32,1,952
20250513,32,1,944
20250514,32,1,935
20250515,32,1,933
20250516,32,1,924
20250517,32,1,919
20250518,32,1,909
20250519,32,1,909
20250520,32,1,900
20250521,32,1,892
20250522,32,1,887
20250523,32,1,877
20250524,32,1,874
20250525,32,1,870
20250526,32,1,866
20250527,32,1,861
20250528,32,1,858
20250529,32,1,850
20250530,32,1,849
20250531,32,1,849
20250601,32,1,1015
20250602,32,1,1015
20250603,32,1,1008
20250604,32,1,1006
20250605,32,1,997
20250606,32,1,987
20250607,32,1,977
20250608,32,1,971
20250609,32,1,965
20250610,32,1,961
20250611,32,1,960
20250612,32,1,958
20250613,32,1,956
20250614,32,1,949
20250615,32,1,949
20250616,32,1,938
20250617,32,1,937
20250618,32,1,933
20250619,32,1,930
20250620,32,1,920
20250621,32,1,913
20250622,32,1,902
20250623,32,1,892
20250624,32,1,883
20250625,32,1,882
20250626,32,1,875
20250627,32,1,868
20250628,32,1,865
20250629,32,1,865
20250630,32,1,865
20250701,32,1,1064
20250702,32,1,1062
20250703,32,1,1051
20250704,32,1,1048
20250705,32,1,1040
20250706,32,1,1040
20250707,32,1,1040
20250708,32,1,1034
20250709,32,1,1033
20250710,32,1,1026
20250711,32,1,1022
20250712,32,1,1020
20250713,32,1,1009
20250714,32,1,1005
20250715,32,1,1004
20250716,32,1,1003
20250717,32,1,1000
20250718,32,1,995
20250719,32,1,989
20250720,32,1,984
20250721,32,1,983
20250722,32,1,980
20250723,32,1,979
20250724,32,1,973
20250725,32,1,973
20250726,32,1,964
20250727,32,1,958
20250728,32,1,955
20250729,32,1,952
20250730,32,1,952
20250731,32,1,952
20250801,32,1,1194
20250802,32,1,1193
20250803,32,1,1185
20250804,32,1,1174
20250805,32,1,1166
20250806,32,1,1156
20250807,32,1,1148
20250808,32,1,1137
20250809,32,1,1131
20250810,32,1,1122
20250811,32,1,1113
20250812,32,1,1110
20250813,32,1,1110
20250814,32,1,1105
20250815,32,1,1103
20250816,32,1,1093
20250817,32,1,1085
20250818,32,1,1075
20250819,32,1,1071
20250820,32,1,1065
20250821,32,1,1063
20250822,32,1,1058
20250823,32,1,1058
20250824,32,1,1054
20250825,32,1,1044
20250826,32,1,1037
20250827,32,1,1027
20250828,32,1,1018
20250829,32,1,1018
20250830,32,1,1013
20250831,32,1,1010
20250901,32,1,1175
20250902,32,1,1175
20250903,32,1,1173
20250904,32,1,1165
20250905,32,1,1162
20250906,32,1,1154
20250907,32,1,1151
20250908,32,1,1151
20250909,32,1,1143
20250910,32,1,1142
20250911,32,1,1131
20250912,32,1,1126
20250913,32,1,1126
20250914,32,1,1124
20250915,32,1,1121
20250916,32,1,1116
20250917,32,1,1108
20250918,32,1,1105
20250919,32,1,1102
20250920,32,1,1091
20250921,32,1,1089
20250922,32,1,1081
20250923,32,1,1079
20250924,32,1,1076
20250925,32,1,1069
20250926,32,1,1068
20250927,32,1,1067
20250928,32,1,1057
20250929,32,1,1056
20250930,32,1,1055
20251001,32,1,1312
20251002,32,1,1308
20251003,32,1,1299
20251004,32,1,1289
20251005,32,1,1288
20251006,32,1,1283
20251007,32,1,1272
20251008,32,1,1271
20251009,32,1,1267
20251010,32,1,1265
20251011,32,1,1264
20251012,32,1,1254
20251013,32,1,1247
20251014,32,1,1246
20251015,32,1,1242
20251016,32,1,1239
20251017,32,1,1228
20251018,32,1,1225
20251019,32,1,1224
20251020,32,1,1213
20251021,32,1,1213
20251022,32,1,1202
20251023,32,1,1199
20251024,32,1,1191
20251025,32,1,1185
20251026,32,1,1183
20251027,32,1,1177
20251028,32,1,1175
20251029,32,1,1169
20251030,32,1,1169
20251031,32,1,1167
20251101,32,1,1319
20251102,32,1,1308
20251103,32,1,1308
20251104,32,1,1301
20251105,32,1,1295
20251106,32,1,1293
20251107,32,1,1285
20251108,32,1,1276
20251109,32,1,1265
20251110,32,1,1265
20251111,32,1,1263
20251112,32,1,1257
20251113,32,1,1248
20251114,32,1,1246
20251115,32,1,1242
20251116,32,1,1237
20251117,32,1,1230
20251118,32,1,1228
20251119,32,1,1225
20251120,32,1,1224
20251121,32,1,1222
20251122,32,1,1211
20251123,32,1,1203
20251124,32,1,1192
20251125,32,1,1181
20251126,32,1,1176
20251127,32,1,1174
20251128,32,1,1165
20251129,32,1,1154
20251130,32,1,1152
20251201,32,1,1412
20251202,32,1,1401
20251203,32,1,1399
20251204,32,1,1392
20251205,32,1,1391
20251206,32,1,1380
20251207,32,1,1375
20251208,32,1,1370
20251209,32,1,1362
20251210,32,1,1360
20251211,32,1,1352
20251212,32,1,1351
20251213,32,1,1346
20251214,32,1,1342
20251215,32,1,1337
20251216,32,1,1331
20251217,32,1,1324
20251218,32,1,1322
20251219,32,1,1311
20251220,32,1,1304
20251221,32,1,1303
20251222,32,1,1302
20251223,32,1,1298
20251224,32,1,1287
20251225,32,1,1277
20251226,32,1,1275
20251227,32,1,1269
20251228,32,1,1266
20251229,32,1,1257
20251230,32,1,1249
20251231,32,1,1244
20260101,32,1,1435
20260102,32,1,1430
20260103,32,1,1420
20260104,32,1,1420
20260105,32,1,1415
20260106,32,1,1409
20260107,32,1,1409
20260108,32,1,1409
20260109,32,1,1403
20260110,32,1,1395
20260111,32,1,1393
20260112,32,1,1383
20260113,32,1,1381
20260114,32,1,1381
20260115,32,1,1376
20260116,32,1,1375
20260117,32,1,1370
20260118,32,1,1370
20260119,32,1,1360
20260120,32,1,1353
20260121,32,1,1353
20260122,32,1,1342
20260123,32,1,1339
20260124,32,1,1333
20260125,32,1,1326
20260126,32,1,1322
20260127,32,1,1315
20260128,32,1,1314
20260129,32,1,1311
20260130,32,1,1303
20260131,32,1,1301
20260201,32,1,1495
20260202,32,1,1494
20260203,32,1,1484
20260204,32,1,1473
20260205,32,1,1470
20260206,32,1,1460
20260207,32,1,1455
20260208,32,1,1453
20260209,32,1,1442
20260210,32,1,1441
20260211,32,1,1440
20260212,32,1,1436
20260213,32,1,1426
20260214,32,1,1423
20260215,32,1,1415
20260216,32,1,1405
20260217,32,1,1400
20260218,32,1,1399
20260219,32,1,1388
20260220,32,1,1379
20260221,32,1,1379
20260222,32,1,1373
20260223,32,1,1363
20260224,32,1,1357
20260225,32,1,1355
20260226,32,1,1344
20260227,32,1,1340
20260228,32,1,1340
20260301,32,1,1503
20260302,32,1,1498
20260303,32,1,1491
20260304,32,1,1489
20260305,32,1,1488
20260306,32,1,1485
20260307,32,1,1485
20260308,32,1,1485
20260309,32,1,1478
20260310,32,1,1475
20260311,32,1,1474
20260312,32,1,1473
20260313,32,1,1464
20260314,32,1,1456
20260315,32,1,1456
20260316,32,1,1449
20260317,32,1,1442
20260318,32,1,1435
20260319,32,1,1426
20260320,32,1,1418
20260321,32,1,1410
20260322,32,1,1409
20260323,32,1,1398
20260324,32,1,1396
20260325,32,1,1387
20260326,32,1,1379
20260327,32,1,1374
20260328,32,1,1369
20260329,32,1,1359
20260330,32,1,1352
20260331,32,1,1349
20240401,4,1,382
20240402,4,1,375
20240403,4,1,370
20240404,4,1,361
20240405,4,1,353
20240406,4,1,345
20240407,4,1,335
20240408,4,1,335
20240409,4,1,329
20240410,4,1,325
20240411,4,1,316
20240412,4,1,307
20240413,4,1,300
20240414,4,1,292
20240415,4,1,282
20240416,4,1,276
20240417,4,1,267
20240418,4,1,266
20240419,4,1,264
20240420,4,1,254
20240421,4,1,252
20240422,4,1,252
20240423,4,1,242
20240424,4,1,238
20240425,4,1,231
20240426,4,1,222
20240427,4,1,217
20240428,4,1,217
20240429,4,1,209
20240430,4,1,202
20240501,4,1,387
20240502,4,1,378
20240503,4,1,367
20240504,4,1,361
20240505,4,1,361
20240506,4,1,351
20240507,4,1,346
20240508,4,1,339
20240509,4,1,329
20240510,4,1,326
20240511,4,1,326
20240512,4,1,315
20240513,4,1,314
20240514,4,1,310
20240515,4,1,301
20240516,4,1,292
20240517,4,1,291
20240518,4,1,288
20240519,4,1,280
20240520,4,1,275
20240521,4,1,269
20240522,4,1,261
20240523,4,1,251
20240524,4,1,243
20240525,4,1,241
20240526,4,1,230
20240527,4,1,224
20240528,4,1,215
20240529,4,1,208
20240530,4,1,205
20240531,4,1,198
20240601,4,1,468
20240602,4,1,457
20240603,4,1,457
20240604,4,1,446
20240605,4,1,443
20240606,4,1,433
20240607,4,1,427
20240608,4,1,419
20240609,4,1,410
20240610,4,1,401
20240611,4,1,398
20240612,4,1,391
20240613,4,1,385
20240614,4,1,382
20240615,4,1,382
20240616,4,1,373
20240617,4,1,368
20240618,4,1,366
20240619,4,1,362
20240620,4,1,357
20240621,4,1,346
20240622,4,1,342
20240623,4,1,341
20240624,4,1,339
20240625,4,1,328
20240626,4,1,319
20240627,4,1,319
20240628,4,1,314
20240629,4,1,311
20240630,4,1,305
20240701,4,1,539
20240702,4,1,534
20240703,4,1,526
20240704,4,1,518
20240705,4,1,516
20240706,4,1,508
20240707,4,1,502
20240708,4,1,498
20240709,4,1,495
20240710,4,1,489
20240711,4,1,478
20240712,4,1,473
20240713,4,1,473
20240714,4,1,471
20240715,4,1,460
20240716,4,1,451
20240717,4,1,451
20240718,4,1,442
20240719,4,1,441
20240720,4,1,438
20240721,4,1,428
20240722,4,1,421
20240723,4,1,414
20240724,4,1,412
20240725,4,1,409
20240726,4,1,408
20240727,4,1,401
20240728,4,1,396
20240729,4,1,395
20240730,4,1,392
20240731,4,1,392
20240801,4,1,551
20240802,4,1,548
20240803,4,1,545
20240804,4,1,543
20240805,4,1,541
20240806,4,1,530
20240807,4,1,526
20240808,4,1,520
20240809,4,1,510
20240810,4,1,499
20240811,4,1,495
20240812,4,1,486
20240813,4,1,482
20240814,4,1,479
20240815,4,1,478
20240816,4,1,474
20240817,4,1,463
20240818,4,1,461
20240819,4,1,460
20240820,4,1,457
20240821,4,1,453
20240822,4,1,449
20240823,4,1,438
20240824,4,1,427
20240825,4,1,422
20240826,4,1,412
20240827,4,1,408
20240828,4,1,404
20240829,4,1,396
20240830,4,1,386
20240831,4,1,386
20240901,4,1,621
20240902,4,1,617
20240903,4,1,611
20240904,4,1,605
20240905,4,1,594
20240906,4,1,589
20240907,4,1,578
20240908,4,1,570
20240909,4,1,563
20240910,4,1,557
20240911,4,1,553
20240912,4,1,546
20240913,4,1,540
20240914,4,1,539
20240915,4,1,528
20240916,4,1,518
20240917,4,1,510
20240918,4,1,502
20240919,4,1,501
20240920,4,1,494
20240921,4,1,483
20240922,4,1,482
20240923,4,1,472
20240924,4,1,468
20240925,4,1,466
20240926,4,1,456
20240927,4,1,449
20240928,4,1,440
20240929,4,1,430
20240930,4,1,430
20241001,4,1,611
20241002,4,1,600
20241003,4,1,594
20241004,4,1,592
20241005,4,1,584
20241006,4,1,580
20241007,4,1,574
20241008,4,1,563
20241009,4,1,560
20241010,4,1,549
20241011,4,1,541
20241012,4,1,541
20241013,4,1,537
20241014,4,1,527
20241015,4,1,517
20241016,4,1,509
20241017,4,1,501
20241018,4,1,491
20241019,4,1,490
20241020,4,1,485
20241021,4,1,481
20241022,4,1,470
20241023,4,1,461
20241024,4,1,453
20241025,4,1,452
20241026,4,1,443
20241027,4,1,433
20241028,4,1,428
20241029,4,1,418
20241030,4,1,414
20241031,4,1,407
20241101,4,1,581
20241102,4,1,581
20241103,4,1,580
20241104,4,1,570
20241105,4,1,562
20241106,4,1,555
20241107,4,1,551
20241108,4,1,545
20241109,4,1,537
20241110,4,1,533
20241111,4,1,530
20241112,4,1,522
20241113,4,1,516
20241114,4,1,512
20241115,4,1,507
20241116,4,1,498
20241117,4,1,492
20241118,4,1,492
20241119,4,1,483
20241120,4,1,481
20241121,4,1,481
20241122,4,1,478
20241123,4,1,477
20241124,4,1,477
20241125,4,1,469
20241126,4,1,462
20241127,4,1,459
20241128,4,1,451
20241129,4,1,451
20241130,4,1,447
20241201,4,1,674
20241202,4,1,671
20241203,4,1,660
20241204,4,1,656
20241205,4,1,648
20241206,4,1,646
20241207,4,1,638
20241208,4,1,632
20241209,4,1,627
20241210,4,1,624
20241211,4,1,618
20241212,4,1,614
20241213,4,1,611
20241214,4,1,605
20241215,4,1,603
20241216,4,1,596
20241217,4,1,596
20241218,4,1,594
20241219,4,1,589
20241220,4,1,588
20241221,4,1,586
20241222,4,1,581
20241223,4,1,576
20241224,4,1,572
20241225,4,1,563
20241226,4,1,557
20241227,4,1,553
20241228,4,1,547
20241229,4,1,544
20241230,4,1,544
20241231,4,1,539
20250101,4,1,738
20250102,4,1,732
20250103,4,1,729
20250104,4,1,724
20250105,4,1,717
20250106,4,1,715
20250107,4,1,715
20250108,4,1,713
20250109,4,1,708
20250110,4,1,700
20250111,4,1,693
20250112,4,1,684
20250113,4,1,679
20250114,4,1,669
20250115,4,1,658
20250116,4,1,658
20250117,4,1,657
20250118,4,1,653
20250119,4,1,648
20250120,4,1,646
20250121,4,1,643
20250122,4,1,643
20250123,4,1,633
20250124,4,1,624
20250125,4,1,622
20250126,4,1,618
20250127,4,1,612
20250128,4,1,607
20250129,4,1,602
20250130,4,1,596
20250131,4,1,585
20250201,4,1,807
20250202,4,1,804
20250203,4,1,799
20250204,4,1,791
20250205,4,1,784
20250206,4,1,779
20250207,4,1,771
20250208,4,1,769
20250209,4,1,769
20250210,4,1,766
20250211,4,1,764
20250212,4,1,754
20250213,4,1,752
20250214,4,1,742
20250215,4,1,738
20250216,4,1,730
20250217,4,1,724
20250218,4,1,724
20250219,4,1,714
20250220,4,1,709
20250221,4,1,703
20250222,4,1,700
20250223,4,1,698
20250224,4,1,698
20250225,4,1,692
20250226,4,1,689
20250227,4,1,684
20250228,4,1,673
20250301,4,1,911
20250302,4,1,904
20250303,4,1,902
20250304,4,1,895
20250305,4,1,885
20250306,4,1,874
20250307,4,1,874
20250308,4,1,874
20250309,4,1,863
20250310,4,1,854
20250311,4,1,854
20250312,4,1,844
20250313,4,1,833
20250314,4,1,831
20250315,4,1,829
20250316,4,1,820
20250317,4,1,817
20250318,4,1,816
20250319,4,1,808
20250320,4,1,802
20250321,4,1,799
20250322,4,1,796
20250323,4,1,791
20250324,4,1,789
20250325,4,1,789
20250326,4,1,782
20250327,4,1,779
20250328,4,1,775
20250329,4,1,772
20250330,4,1,771
20250331,4,1,765
20250401,4,1,999
20250402,4,1,993
20250403,4,1,985
20250404,4,1,985
20250405,4,1,976
20250406,4,1,967
20250407,4,1,966
20250408,4,1,955
20250409,4,1,950
20250410,4,1,946
20250411,4,1,943
20250412,4,1,932
20250413,4,1,926
20250414,4,1,915
20250415,4,1,907
20250416,4,1,902
20250417,4,1,902
20250418,4,1,891
20250419,4,1,889
20250420,4,1,880
20250421,4,1,879
20250422,4,1,869
20250423,4,1,869
20250424,4,1,868
20250425,4,1,865
20250426,4,1,856
20250427,4,1,845
20250428,4,1,843
20250429,4,1,837
20250430,4,1,829
20250501,4,1,1110
20250502,4,1,1109
20250503,4,1,1100
20250504,4,1,1100
20250505,4,1,1090
20250506,4,1,1086
20250507,4,1,1080
20250508,4,1,1075
20250509,4,1,1070
20250510,4,1,1070
20250511,4,1,1069
20250512,4,1,1065
20250513,4,1,1063
20250514,4,1,1054
20250515,4,1,1043
20250516,4,1,1041
20250517,4,1,1033
20250518,4,1,1027
20250519,4,1,1018
20250520,4,1,1009
20250521,4,1,1000
20250522,4,1,989
20250523,4,1,982
20250524,4,1,971
20250525,4,1,966
20250526,4,1,966
20250527,4,1,962
20250528,4,1,954
20250529,4,1,954
20250530,4,1,945
20250531,4,1,936
20250601,4,1,1110
20250602,4,1,1101
20250603,4,1,1097
20250604,4,1,1086
20250605,4,1,1080
20250606,4,1,1075
20250607,4,1,1069
20250608,4,1,1058
20250609,4,1,1051
20250610,4,1,1045
20250611,4,1,1038
20250612,4,1,1030
20250613,4,1,1028
20250614,4,1,1022
20250615,4,1,1014
20250616,4,1,1012
20250617,4,1,1003
20250618,4,1,1003
20250619,4,1,1003
20250620,4,1,999
20250621,4,1,992
20250622,4,1,991
20250623,4,1,986
20250624,4,1,984
20250625,4,1,974
20250626,4,1,966
20250627,4,1,955
20250628,4,1,951
20250629,4,1,944
20250630,4,1,940
20250701,4,1,1143
20250702,4,1,1132
20250703,4,1,1122
20250704,4,1,1119
20250705,4,1,1116
20250706,4,1,1111
20250707,4,1,1102
20250708,4,1,1098
20250709,4,1,1098
20250710,4,1,1097
20250711,4,1,1093
20250712,4,1,1083
20250713,4,1,1075
20250714,4,1,1072
20250715,4,1,1065
20250716,4,1,1056
20250717,4,1,1053
20250718,4,1,1044
20250719,4,1,1037
20250720,4,1,1029
20250721,4,1,1028
20250722,4,1,1027
20250723,4,1,1022
20250724,4,1,1018
20250725,4,1,1015
20250726,4,1,1004
20250727,4,1,1002
20250728,4,1,998
20250729,4,1,998
20250730,4,1,998
20250731,4,1,995
20250801,4,1,1246
20250802,4,1,1238
20250803,4,1,1229
20250804,4,1,1223
20250805,4,1,1218
20250806,4,1,1214
20250807,4,1,1214
20250808,4,1,1211
20250809,4,1,1206
20250810,4,1,1204
20250811,4,1,1203
20250812,4,1,1196
20250813,4,1,1191
20250814,4,1,1180
20250815,4,1,1171
20250816,4,1,1162
20250817,4,1,1157
20250818,4,1,1150
20250819,4,1,1140
20250820,4,1,1134
20250821,4,1,1131
20250822,4,1,1123
20250823,4,1,1122
20250824,4,1,1116
20250825,4,1,1106
20250826,4,1,1096
20250827,4,1,1087
20250828,4,1,1081
20250829,4,1,1077
20250830,4,1,1075
20250831,4,1,1070
20250901,4,1,1301
20250902,4,1,1299
20250903,4,1,1290
20250904,4,1,1284
20250905,4,1,1279
20250906,4,1,1270
20250907,4,1,1259
20250908,4,1,1251
20250909,4,1,1242
20250910,4,1,1239
20250911,4,1,1229
20250912,4,1,1221
20250913,4,1,1215
20250914,4,1,1214
20250915,4,1,1208
20250916,4,1,1201
20250917,4,1,1199
20250918,4,1,1196
20250919,4,1,1187
20250920,4,1,1180
20250921,4,1,1178
20250922,4,1,1168
20250923,4,1,1158
20250924,4,1,1157
20250925,4,1,1157
20250926,4,1,1149
20250927,4,1,1149
20250928,4,1,1141
20250929,4,1,1135
20250930,4,1,1126
20251001,4,1,1269
20251002,4,1,1268
20251003,4,1,1263
20251004,4,1,1254
20251005,4,1,1253
20251006,4,1,1245
20251007,4,1,1237
20251008,4,1,1227
20251009,4,1,1221
20251010,4,1,1218
20251011,4,1,1209
20251012,4,1,1208
20251013,4,1,1199
20251014,4,1,1198
20251015,4,1,1190
20251016,4,1,1190
20251017,4,1,1186
20251018,4,1,1176
20251019,4,1,1171
20251020,4,1,1171
20251021,4,1,1161
20251022,4,1,1154
20251023,4,1,1149
20251024,4,1,1139
20251025,4,1,1132
20251026,4,1,1125
20251027,4,1,1117
20251028,4,1,1115
20251029,4,1,1114
20251030,4,1,1107
20251031,4,1,1098
20251101,4,1,1392
20251102,4,1,1392
20251103,4,1,1381
20251104,4,1,1379
20251105,4,1,1373
20251106,4,1,1368
20251107,4,1,1366
20251108,4,1,1357
20251109,4,1,1348
20251110,4,1,1345
20251111,4,1,1335
20251112,4,1,1328
20251113,4,1,1326
20251114,4,1,1323
20251115,4,1,1323
20251116,4,1,1317
20251117,4,1,1311
20251118,4,1,1309
20251119,4,1,1302
20251120,4,1,1299
20251121,4,1,1297
20251122,4,1,1295
20251123,4,1,1289
20251124,4,1,1278
20251125,4,1,1272
20251126,4,1,1265
20251127,4,1,1255
20251128,4,1,1248
20251129,4,1,1239
20251130,4,1,1233
20251201,4,1,1395
20251202,4,1,1387
20251203,4,1,1382
20251204,4,1,1376
20251205,4,1,1375
20251206,4,1,1370
20251207,4,1,1359
20251208,4,1,1358
20251209,4,1,1351
20251210,4,1,1343
20251211,4,1,1335
20251212,4,1,1325
20251213,4,1,1323
20251214,4,1,1321
20251215,4,1,1317
20251216,4,1,1317
20251217,4,1,1317
20251218,4,1,1310
20251219,4,1,1307
20251220,4,1,1296
20251221,4,1,1286
20251222,4,1,1278
20251223,4,1,1269
20251224,4,1,1266
20251225,4,1,1258
20251226,4,1,1248
20251227,4,1,1247
20251228,4,1,1241
20251229,4,1,1230
20251230,4,1,1224
20251231,4,1,1215
20260101,4,1,1369
20260102,4,1,1369
20260103,4,1,1361
20260104,4,1,1355
20260105,4,1,1353
20260106,4,1,1344
20260107,4,1,1338
20260108,4,1,1329
20260109,4,1,1321
20260110,4,1,1310
20260111,4,1,1308
20260112,4,1,1302
20260113,4,1,1301
20260114,4,1,1294
20260115,4,1,1290
20260116,4,1,1283
20260117,4,1,1283
20260118,4,1,1279
20260119,4,1,1274
20260120,4,1,1274
20260121,4,1,1273
20260122,4,1,1263
20260123,4,1,1258
20260124,4,1,1258
20260125,4,1,1257
20260126,4,1,1246
20260127,4,1,1244
20260128,4,1,1234
20260129,4,1,1232
20260130,4,1,1231
20260131,4,1,1221
20260201,4,1,1380
20260202,4,1,1372
20260203,4,1,1361
20260204,4,1,1355
20260205,4,1,1344
20260206,4,1,1337
20260207,4,1,1337
20260208,4,1,1334
20260209,4,1,1334
20260210,4,1,1324
20260211,4,1,1320
20260212,4,1,1314
20260213,4,1,1305
20260214,4,1,1299
20260215,4,1,1288
20260216,4,1,1277
20260217,4,1,1275
20260218,4,1,1266
20260219,4,1,1264
20260220,4,1,1256
20260221,4,1,1250
20260222,4,1,1240
20260223,4,1,1238
20260224,4,1,1227
20260225,4,1,1221
20260226,4,1,1212
20260227,4,1,1203
20260228,4,1,1194
20260301,4,1,1378
20260302,4,1,1377
20260303,4,1,1367
20260304,4,1,1360
20260305,4,1,1350
20260306,4,1,1346
20260307,4,1,1339
20260308,4,1,1339
20260309,4,1,1332
20260310,4,1,1322
20260311,4,1,1315
20260312,4,1,1305
20260313,4,1,1299
20260314,4,1,1294
20260315,4,1,1292
20260316,4,1,1290
20260317,4,1,1283
20260318,4,1,1279
20260319,4,1,1275
20260320,4,1,1269
20260321,4,1,1263
20260322,4,1,1254
20260323,4,1,1244
20260324,4,1,1243
20260325,4,1,1242
20260326,4,1,1233
20260327,4,1,1222
20260328,4,1,1216
20260329,4,1,1210
20260330,4,1,1202
20260331,4,1,1191
20240401,22,1,478
20240402,22,1,478
20240403,22,1,477
20240404,22,1,470
20240405,22,1,467
20240406,22,1,461
20240407,22,1,456
20240408,22,1,448
20240409,22,1,446
20240410,22,1,439
20240411,22,1,431
20240412,22,1,425
20240413,22,1,422
20240414,22,1,412
20240415,22,1,411
20240416,22,1,408
20240417,22,1,402
20240418,22,1,399
20240419,22,1,392
20240420,22,1,383
20240421,22,1,377
20240422,22,1,373
20240423,22,1,366
20240424,22,1,360
20240425,22,1,351
20240426,22,1,344
20240427,22,1,344
20240428,22,1,341
20240429,22,1,337
20240430,22,1,333
20240501,22,1,611
20240502,22,1,603
20240503,22,1,600
20240504,22,1,594
20240505,22,1,591
20240506,22,1,591
20240507,22,1,591
20240508,22,1,587
20240509,22,1,578
20240510,22,1,574
20240511,22,1,564
20240512,22,1,554
20240513,22,1,552
20240514,22,1,542
20240515,22,1,535
20240516,22,1,529
20240517,22,1,524
20240518,22,1,513
20240519,22,1,512
20240520,22,1,512
20240521,22,1,512
20240522,22,1,502
20240523,22,1,495
20240524,22,1,489
20240525,22,1,489
20240526,22,1,488
20240527,22,1,478
20240528,22,1,468
20240529,22,1,459
20240530,22,1,449
20240531,22,1,441
20240601,22,1,694
20240602,22,1,689
20240603,22,1,688
20240604,22,1,687
20240605,22,1,680
20240606,22,1,678
20240607,22,1,676
20240608,22,1,666
20240609,22,1,660
20240610,22,1,655
20240611,22,1,651
20240612,22,1,648
20240613,22,1,647
20240614,22,1,636
20240615,22,1,628
20240616,22,1,618
20240617,22,1,615
20240618,22,1,614
20240619,22,1,613
20240620,22,1,602
20240621,22,1,592
20240622,22,1,581
20240623,22,1,580
20240624,22,1,575
20240625,22,1,573
20240626,22,1,566
20240627,22,1,566
20240628,22,1,562
20240629,22,1,556
20240630,22,1,553
20240701,22,1,826
20240702,22,1,816
20240703,22,1,816
20240704,22,1,808
20240705,22,1,801
20240706,22,1,796
20240707,22,1,796
20240708,22,1,786
20240709,22,1,776
20240710,22,1,767
20240711,22,1,756
20240712,22,1,746
20240713,22,1,737
20240714,22,1,735
20240715,22,1,726
20240716,22,1,719
20240717,22,1,719
20240718,22,1,719
20240719,22,1,716
20240720,22,1,710
20240721,22,1,699
20240722,22,1,689
20240723,22,1,678
20240724,22,1,670
20240725,22,1,669
20240726,22,1,660
20240727,22,1,656
20240728,22,1,653
20240729,22,1,647
20240730,22,1,643
20240731,22,1,636
20240801,22,1,930
20240802,22,1,927
20240803,22,1,916
20240804,22,1,915
20240805,22,1,905
20240806,22,1,901
20240807,22,1,890
20240808,22,1,881
20240809,22,1,880
20240810,22,1,874
20240811,22,1,871
20240812,22,1,871
20240813,22,1,864
20240814,22,1,857
20240815,22,1,848
20240816,22,1,840
20240817,22,1,833
20240818,22,1,826
20240819,22,1,819
20240820,22,1,817
20240821,22,1,810
20240822,22,1,808
20240823,22,1,802
20240824,22,1,798
20240825,22,1,788
20240826,22,1,784
20240827,22,1,784
20240828,22,1,783
20240829,22,1,781
20240830,22,1,771
20240831,22,1,762
20240901,22,1,1042
20240902,22,1,1041
20240903,22,1,1041
20240904,22,1,1035
20240905,22,1,1029
20240906,22,1,1024
20240907,22,1,1017
20240908,22,1,1013
20240909,22,1,1011
20240910,22,1,1005
20240911,22,1,1001
20240912,22,1,996
20240913,22,1,987
20240914,22,1,982
20240915,22,1,971
20240916,22,1,970
20240917,22,1,963
20240918,22,1,955
20240919,22,1,954
20240920,22,1,948
20240921,22,1,940
20240922,22,1,940
20240923,22,1,931
20240924,22,1,927
20240925,22,1,920
20240926,22,1,918
20240927,22,1,917
20240928,22,1,913
20240929,22,1,912
20240930,22,1,911
20241001,22,1,1139
20241002,22,1,1128
20241003,22,1,1122
20241004,22,1,1116
20241005,22,1,1109
20241006,22,1,1098
20241007,22,1,1094
20241008,22,1,1086
20241009,22,1,1078
20241010,22,1,1076
20241011,22,1,1066
20241012,22,1,1061
20241013,22,1,1057
20241014,22,1,1055
20241015,22,1,1050
20241016,22,1,1044
20241017,22,1,1034
20241018,22,1,1031
20241019,22,1,1024
20241020,22,1,1014
20241021,22,1,1008
20241022,22,1,1006
20241023,22,1,998
20241024,22,1,992
20241025,22,1,989
20241026,22,1,979
20241027,22,1,979
20241028,22,1,968
20241029,22,1,960
20241030,22,1,952
20241031,22,1,945
20241101,22,1,1238
20241102,22,1,1227
20241103,22,1,1227
20241104,22,1,1216
20241105,22,1,1205
20241106,22,1,1202
20241107,22,1,1194
20241108,22,1,1190
20241109,22,1,1186
20241110,22,1,1180
20241111,22,1,1178
20241112,22,1,1176
20241113,22,1,1170
20241114,22,1,1159
20241115,22,1,1159
20241116,22,1,1154
20241117,22,1,1149
20241118,22,1,1141
20241119,22,1,1130
20241120,22,1,1124
20241121,22,1,1116
20241122,22,1,1115
20241123,22,1,1104
20241124,22,1,1093
20241125,22,1,1089
20241126,22,1,1081
20241127,22,1,1080
20241128,22,1,1074
20241129,22,1,1063
20241130,22,1,1062
20241201,22,1,1330
20241202,22,1,1324
20241203,22,1,1315
20241204,22,1,1313
20241205,22,1,1308
20241206,22,1,1300
20241207,22,1,1295
20241208,22,1,1295
20241209,22,1,1286
20241210,22,1,1276
20241211,22,1,1269
20241212,22,1,1261
20241213,22,1,1260
20241214,22,1,1258
20241215,22,1,1247
20241216,22,1,1246
20241217,22,1,1235
20241218,22,1,1235
20241219,22,1,1230
20241220,22,1,1221
20241221,22,1,1220
20241222,22,1,1219
20241223,22,1,1211
20241224,22,1,1205
20241225,22,1,1196
20241226,22,1,1192
20241227,22,1,1184
20241228,22,1,1178
20241229,22,1,1178
20241230,22,1,1170
20241231,22,1,1159
20250101,22,1,1331
20250102,22,1,1329
20250103,22,1,1318
20250104,22,1,1314
20250105,22,1,1307
20250106,22,1,1296
20250107,22,1,1290
20250108,22,1,1285
20250109,22,1,1280
20250110,22,1,1277
20250111,22,1,1277
20250112,22,1,1271
20250113,22,1,1262
20250114,22,1,1260
20250115,22,1,1249
20250116,22,1,1240
20250117,22,1,1233
20250118,22,1,1230
20250119,22,1,1222
20250120,22,1,1211
20250121,22,1,1208
20250122,22,1,1201
20250123,22,1,1196
20250124,22,1,1189
20250125,22,1,1186
20250126,22,1,1183
20250127,22,1,1173
20250128,22,1,1171
20250129,22,1,1161
20250130,22,1,1161
20250131,22,1,1151
20250201,22,1,1418
20250202,22,1,1407
20250203,22,1,1396
20250204,22,1,1394
20250205,22,1,1384
20250206,22,1,1373
20250207,22,1,1367
20250208,22,1,1360
20250209,22,1,1350
20250210,22,1,1341
20250211,22,1,1332
20250212,22,1,1321
20250213,22,1,1311
20250214,22,1,1300
20250215,22,1,1289
20250216,22,1,1283
20250217,22,1,1276
20250218,22,1,1270
20250219,22,1,1267
20250220,22,1,1259
20250221,22,1,1252
20250222,22,1,1250
20250223,22,1,1240
20250224,22,1,1236
20250225,22,1,1231
20250226,22,1,1222
20250227,22,1,1215
20250228,22,1,1214
20250301,22,1,1406
20250302,22,1,1398
20250303,22,1,1395
20250304,22,1,1390
20250305,22,1,1384
20250306,22,1,1378
20250307,22,1,1376
20250308,22,1,1370
20250309,22,1,1359
20250310,22,1,1352
20250311,22,1,1343
20250312,22,1,1335
20250313,22,1,1335
20250314,22,1,1330
20250315,22,1,1327
20250316,22,1,1321
20250317,22,1,1321
20250318,22,1,1319
20250319,22,1,1318
20250320,22,1,1318
20250321,22,1,1313
20250322,22,1,1304
20250323,22,1,1301
20250324,22,1,1292
20250325,22,1,1286
20250326,22,1,1278
20250327,22,1,1275
20250328,22,1,1270
20250329,22,1,1267
20250330,22,1,1262
20250331,22,1,1251
20250401,22,1,1408
20250402,22,1,1397
20250403,22,1,1397
20250404,22,1,1393
20250405,22,1,1386
20250406,22,1,1383
20250407,22,1,1382
20250408,22,1,1378
20250409,22,1,1369
20250410,22,1,1364
20250411,22,1,1354
20250412,22,1,1350
20250413,22,1,1343
20250414,22,1,1334
20250415,22,1,1326
20250416,22,1,1321
20250417,22,1,1311
20250418,22,1,1309
20250419,22,1,1308
20250420,22,1,1308
20250421,22,1,1300
20250422,22,1,1296
20250423,22,1,1295
20250424,22,1,1293
20250425,22,1,1293
20250426,22,1,1289
20250427,22,1,1282
20250428,22,1,1279
20250429,22,1,1276
20250430,22,1,1265
20250501,22,1,1411
20250502,22,1,1411
20250503,22,1,1402
20250504,22,1,1391
20250505,22,1,1388
20250506,22,1,1386
20250507,22,1,1384
20250508,22,1,1380
20250509,22,1,1377
20250510,22,1,1374
20250511,22,1,1372
20250512,22,1,1361
20250513,22,1,1358
20250514,22,1,1358
20250515,22,1,1355
20250516,22,1,1349
20250517,22,1,1348
20250518,22,1,1343
20250519,22,1,1332
20250520,22,1,1324
20250521,22,1,1320
20250522,22,1,1310
20250523,22,1,1307
20250524,22,1,1307
20250525,22,1,1305
20250526,22,1,1305
20250527,22,1,1300
20250528,22,1,1296
20250529,22,1,1296
20250530,22,1,1292
20250531,22,1,1290
20250601,22,1,1566
20250602,22,1,1563
20250603,22,1,1554
20250604,22,1,1544
20250605,22,1,1535
20250606,22,1,1534
20250607,22,1,1528
20250608,22,1,1528
20250609,22,1,1521
20250610,22,1,1513
20250611,22,1,1513
20250612,22,1,1504
20250613,22,1,1502
20250614,22,1,1501
20250615,22,1,1498
20250616,22,1,1487
20250617,22,1,1484
20250618,22,1,1484
20250619,22,1,1484
20250620,22,1,1474
20250621,22,1,1467
20250622,22,1,1465
20250623,22,1,1458
20250624,22,1,1458
20250625,22,1,1450
20250626,22,1,1440
20250627,22,1,1431
20250628,22,1,1429
20250629,22,1,1425
20250630,22,1,1419
20250701,22,1,1571
20250702,22,1,1564
20250703,22,1,1563
20250704,22,1,1554
20250705,22,1,1546
20250706,22,1,1545
20250707,22,1,1539
20250708,22,1,1536
20250709,22,1,1533
20250710,22,1,1524
20250711,22,1,1524
20250712,22,1,1519
20250713,22,1,1516
20250714,22,1,1513
20250715,22,1,1508
20250716,22,1,1502
20250717,22,1,1498
20250718,22,1,1492
20250719,22,1,1484
20250720,22,1,1482
20250721,22,1,1478
20250722,22,1,1472
20250723,22,1,1468
20250724,22,1,1462
20250725,22,1,1453
20250726,22,1,1446
20250727,22,1,1441
20250728,22,1,1434
20250729,22,1,1423
20250730,22,1,1423
20250731,22,1,1417
20250801,22,1,1556
20250802,22,1,1548
20250803,22,1,1538
20250804,22,1,1532
20250805,22,1,1528
20250806,22,1,1528
20250807,22,1,1521
20250808,22,1,1511
20250809,22,1,1510
20250810,22,1,1508
20250811,22,1,1502
20250812,22,1,1496
20250813,22,1,1491
20250814,22,1,1490
20250815,22,1,1485
20250816,22,1,1479
20250817,22,1,1477
20250818,22,1,1470
20250819,22,1,1460
20250820,22,1,1459
20250821,22,1,1459
20250822,22,1,1453
20250823,22,1,1444
20250824,22,1,1443
20250825,22,1,1432
20250826,22,1,1427
20250827,22,1,1426
20250828,22,1,1421
20250829,22,1,1416
20250830,22,1,1412
20250831,22,1,1405
20250901,22,1,1581
20250902,22,1,1578
20250903,22,1,1568
20250904,22,1,1559
20250905,22,1,1555
20250906,22,1,1553
20250907,22,1,1542
20250908,22,1,1536
20250909,22,1,1533
20250910,22,1,1532
20250911,22,1,1528
20250912,22,1,1521
20250913,22,1,1515
20250914,22,1,1515
20250915,22,1,1506
20250916,22,1,1503
20250917,22,1,1501
20250918,22,1,1493
20250919,22,1,1485
20250920,22,1,1476
20250921,22,1,1476
20250922,22,1,1472
20250923,22,1,1469
20250924,22,1,1463
20250925,22,1,1452
20250926,22,1,1451
20250927,22,1,1444
20250928,22,1,1439
20250929,22,1,1434
20250930,22,1,1423
20251001,22,1,1681
20251002,22,1,1676
20251003,22,1,1668
20251004,22,1,1667
20251005,22,1,1661
20251006,22,1,1656
20251007,22,1,1656
20251008,22,1,1645
20251009,22,1,1641
20251010,22,1,1638
20251011,22,1,1637
20251012,22,1,1637
20251013,22,1,1635
20251014,22,1,1627
20251015,22,1,1624
20251016,22,1,1619
20251017,22,1,1612
20251018,22,1,1608
20251019,22,1,1604
20251020,22,1,1599
20251021,22,1,1589
20251022,22,1,1578
20251023,22,1,1575
20251024,22,1,1572
20251025,22,1,1568
20251026,22,1,1566
20251027,22,1,1560
20251028,22,1,1554
20251029,22,1,1549
20251030,22,1,1544
20251031,22,1,1534
20251101,22,1,1697
20251102,22,1,1691
20251103,22,1,1682
20251104,22,1,1676
20251105,22,1,1667
20251106,22,1,1660
20251107,22,1,1652
20251108,22,1,1648
20251109,22,1,1638
20251110,22,1,1635
20251111,22,1,1627
20251112,22,1,1624
20251113,22,1,1615
20251114,22,1,1605
20251115,22,1,1603
20251116,22,1,1596
20251117,22,1,1590
20251118,22,1,1586
20251119,22,1,1583
20251120,22,1,1576
20251121,22,1,1567
20251122,22,1,1563
20251123,22,1,1559
20251124,22,1,1549
20251125,22,1,1540
20251126,22,1,1532
20251127,22,1,1525
20251128,22,1,1524
20251129,22,1,1523
20251130,22,1,1523
20251201,22,1,1720
20251202,22,1,1715
20251203,22,1,1715
20251204,22,1,1704
20251205,22,1,1699
20251206,22,1,1699
20251207,22,1,1697
20251208,22,1,1695
20251209,22,1,1687
20251210,22,1,1678
20251211,22,1,1673
20251212,22,1,1665
20251213,22,1,1664
20251214,22,1,1661
20251215,22,1,1661
20251216,22,1,1657
20251217,22,1,1657
20251218,22,1,1648
20251219,22,1,1642
20251220,22,1,1633
20251221,22,1,1626
20251222,22,1,1626
20251223,22,1,1622
20251224,22,1,1622
20251225,22,1,1622
20251226,22,1,1611
20251227,22,1,1600
20251228,22,1,1599
20251229,22,1,1595
20251230,22,1,1592
20251231,22,1,1587
20260101,22,1,1824
20260102,22,1,1815
20260103,22,1,1815
20260104,22,1,1808
20260105,22,1,1800
20260106,22,1,1794
20260107,22,1,1787
20260108,22,1,1780
20260109,22,1,1779
20260110,22,1,1770
20260111,22,1,1767
20260112,22,1,1765
20260113,22,1,1759
20260114,22,1,1752
20260115,22,1,1748
20260116,22,1,1748
20260117,22,1,1737
20260118,22,1,1728
20260119,22,1,1723
20260120,22,1,1719
20260121,22,1,1709
20260122,22,1,1705
20260123,22,1,1703
20260124,22,1,1700
20260125,22,1,1694
20260126,22,1,1686
20260127,22,1,1683
20260128,22,1,1681
20260129,22,1,1670
20260130,22,1,1669
20260131,22,1,1663
20260201,22,1,1832
20260202,22,1,1828
20260203,22,1,1828
20260204,22,1,1826
20260205,22,1,1821
20260206,22,1,1820
20260207,22,1,1814
20260208,22,1,1805
20260209,22,1,1802
20260210,22,1,1791
20260211,22,1,1783
20260212,22,1,1782
20260213,22,1,1777
20260214,22,1,1771
20260215,22,1,1765
20260216,22,1,1760
20260217,22,1,1756
20260218,22,1,1750
20260219,22,1,1742
20260220,22,1,1732
20260221,22,1,1731
20260222,22,1,1730
20260223,22,1,1724
20260224,22,1,1719
20260225,22,1,1709
20260226,22,1,1703
20260227,22,1,1701
20260228,22,1,1691
20260301,22,1,1971
20260302,22,1,1961
20260303,22,1,1957
20260304,22,1,1955
20260305,22,1,1954
20260306,22,1,1954
20260307,22,1,1954
20260308,22,1,1945
20260309,22,1,1935
20260310,22,1,1924
20260311,22,1,1918
20260312,22,1,1915
20260313,22,1,1905
20260314,22,1,1895
20260315,22,1,1891
20260316,22,1,1889
20260317,22,1,1879
20260318,22,1,1875
20260319,22,1,1869
20260320,22,1,1859
20260321,22,1,1858
20260322,22,1,1855
20260323,22,1,1853
20260324,22,1,1844
20260325,22,1,1843
20260326,22,1,1842
20260327,22,1,1839
20260328,22,1,1835
20260329,22,1,1827
20260330,22,1,1816
20260331,22,1,1809
20240401,28,1,508
20240402,28,1,507
20240403,28,1,496
20240404,28,1,490
20240405,28,1,481
20240406,28,1,481
20240407,28,1,470
20240408,28,1,459
20240409,28,1,448
20240410,28,1,442
20240411,28,1,441
20240412,28,1,436
20240413,28,1,429
20240414,28,1,424
20240415,28,1,419
20240416,28,1,415
20240417,28,1,407
20240418,28,1,401
20240419,28,1,393
20240420,28,1,393
20240421,28,1,391
20240422,28,1,381
20240423,28,1,372
20240424,28,1,364
20240425,28,1,360
20240426,28,1,355
20240427,28,1,348
20240428,28,1,339
20240429,28,1,334
20240430,28,1,324
20240501,28,1,522
20240502,28,1,514
20240503,28,1,505
20240504,28,1,499
20240505,28,1,488
20240506,28,1,478
20240507,28,1,476
20240508,28,1,467
20240509,28,1,458
20240510,28,1,448
20240511,28,1,442
20240512,28,1,433
20240513,28,1,425
20240514,28,1,414
20240515,28,1,411
20240516,28,1,410
20240517,28,1,401
20240518,28,1,394
20240519,28,1,383
20240520,28,1,383
20240521,28,1,383
20240522,28,1,378
20240523,28,1,371
20240524,28,1,361
20240525,28,1,353
20240526,28,1,345
20240527,28,1,341
20240528,28,1,335
20240529,28,1,334
20240530,28,1,326
20240531,28,1,325
20240601,28,1,499
20240602,28,1,488
20240603,28,1,486
20240604,28,1,484
20240605,28,1,473
20240606,28,1,471
20240607,28,1,465
20240608,28,1,464
20240609,28,1,459
20240610,28,1,448
20240611,28,1,445
20240612,28,1,440
20240613,28,1,430
20240614,28,1,424
20240615,28,1,413
20240616,28,1,409
20240617,28,1,407
20240618,28,1,407
20240619,28,1,403
20240620,28,1,403
20240621,28,1,397
20240622,28,1,397
20240623,28,1,396
20240624,28,1,390
20240625,28,1,383
20240626,28,1,381
20240627,28,1,373
20240628,28,1,369
20240629,28,1,367
20240630,28,1,362
20240701,28,1,644
20240702,28,1,634
20240703,28,1,624
20240704,28,1,622
20240705,28,1,622
20240706,28,1,614
20240707,28,1,609
20240708,28,1,605
20240709,28,1,604
20240710,28,1,603
20240711,28,1,592
20240712,28,1,591
20240713,28,1,580
20240714,28,1,577
20240715,28,1,576
20240716,28,1,570
20240717,28,1,569
20240718,28,1,566
20240719,28,1,565
20240720,28,1,565
20240721,28,1,564
20240722,28,1,553
20240723,28,1,552
20240724,28,1,550
20240725,28,1,549
20240726,28,1,549
20240727,28,1,548
20240728,28,1,547
20240729,28,1,546
20240730,28,1,541
20240731,28,1,537
20240801,28,1,710
20240802,28,1,705
20240803,28,1,700
20240804,28,1,699
20240805,28,1,689
20240806,28,1,685
20240807,28,1,681
20240808,28,1,675
20240809,28,1,672
20240810,28,1,665
20240811,28,1,655
20240812,28,1,645
20240813,28,1,642
20240814,28,1,641
20240815,28,1,640
20240816,28,1,638
20240817,28,1,631
20240818,28,1,626
20240819,28,1,623
20240820,28,1,621
20240821,28,1,615
20240822,28,1,604
20240823,28,1,595
20240824,28,1,592
20240825,28,1,586
20240826,28,1,580
20240827,28,1,571
20240828,28,1,567
20240829,28,1,563
20240830,28,1,558
20240831,28,1,556
20240901,28,1,832
20240902,28,1,822
20240903,28,1,818
20240904,28,1,810
20240905,28,1,802
20240906,28,1,793
20240907,28,1,785
20240908,28,1,777
20240909,28,1,774
20240910,28,1,774
20240911,28,1,763
20240912,28,1,753
20240913,28,1,750
20240914,28,1,750
20240915,28,1,739
20240916,28,1,739
20240917,28,1,739
20240918,28,1,728
20240919,28,1,720
20240920,28,1,713
20240921,28,1,706
20240922,28,1,698
20240923,28,1,691
20240924,28,1,683
20240925,28,1,674
20240926,28,1,672
20240927,28,1,665
20240928,28,1,662
20240929,28,1,655
20240930,28,1,653
20241001,28,1,931
20241002,28,1,929
20241003,28,1,928
20241004,28,1,922
20241005,28,1,918
20241006,28,1,910
20241007,28,1,905
20241008,28,1,902
20241009,28,1,899
20241010,28,1,897
20241011,28,1,889
20241012,28,1,888
20241013,28,1,878
20241014,28,1,875
20241015,28,1,875
20241016,28,1,868
20241017,28,1,860
20241018,28,1,853
20241019,28,1,849
20241020,28,1,847
20241021,28,1,837
20241022,28,1,832
20241023,28,1,827
20241024,28,1,825
20241025,28,1,816
20241026,28,1,805
20241027,28,1,798
20241028,28,1,790
20241029,28,1,782
20241030,28,1,780
20241031,28,1,775
20241101,28,1,964
20241102,28,1,954
20241103,28,1,945
20241104,28,1,939
20241105,28,1,938
20241106,28,1,934
20241107,28,1,926
20241108,28,1,919
20241109,28,1,913
20241110,28,1,909
20241111,28,1,898
20241112,28,1,888
20241113,28,1,881
20241114,28,1,871
20241115,28,1,869
20241116,28,1,868
20241117,28,1,860
20241118,28,1,852
20241119,28,1,850
20241120,28,1,840
20241121,28,1,832
20241122,28,1,830
20241123,28,1,823
20241124,28,1,813
20241125,28,1,804
20241126,28,1,799
20241127,28,1,790
20241128,28,1,787
20241129,28,1,776
20241130,28,1,765
20241201,28,1,952
20241202,28,1,941
20241203,28,1,938
20241204,28,1,930
20241205,28,1,924
20241206,28,1,919
20241207,28,1,912
20241208,28,1,907
20241209,28,1,899
20241210,28,1,888
20241211,28,1,886
20241212,28,1,884
20241213,28,1,877
20241214,28,1,866
20241215,28,1,856
20241216,28,1,852
20241217,28,1,843
20241218,28,1,833
20241219,28,1,830
20241220,28,1,829
20241221,28,1,818
20241222,28,1,817
20241223,28,1,817
20241224,28,1,814
20241225,28,1,805
20241226,28,1,797
20241227,28,1,794
20241228,28,1,786
20241229,28,1,775
20241230,28,1,775
20241231,28,1,765
20250101,28,1,995
20250102,28,1,995
20250103,28,1,992
20250104,28,1,988
20250105,28,1,979
20250106,28,1,971
20250107,28,1,968
20250108,28,1,966
20250109,28,1,961
20250110,28,1,960
20250111,28,1,950
20250112,28,1,941
20250113,28,1,933
20250114,28,1,928
20250115,28,1,921
20250116,28,1,918
20250117,28,1,917
20250118,28,1,915
20250119,28,1,909
20250120,28,1,898
20250121,28,1,897
20250122,28,1,894
20250123,28,1,894
20250124,28,1,889
20250125,28,1,878
20250126,28,1,878
20250127,28,1,871
20250128,28,1,870
20250129,28,1,870
20250130,28,1,864
20250131,28,1,859
20250201,28,1,1141
20250202,28,1,1134
20250203,28,1,1133
20250204,28,1,1127
20250205,28,1,1118
20250206,28,1,1114
20250207,28,1,1113
20250208,28,1,1107
20250209,28,1,1106
20250210,28,1,1099
20250211,28,1,1097
20250212,28,1,1090
20250213,28,1,1082
20250214,28,1,1071
20250215,28,1,1069
20250216,28,1,1058
20250217,28,1,1055
20250218,28,1,1054
20250219,28,1,1044
20250220,28,1,1038
20250221,28,1,1032
20250222,28,1,1029
20250223,28,1,1027
20250224,28,1,1027
20250225,28,1,1017
20250226,28,1,1017
20250227,28,1,1011
20250228,28,1,1008
20250301,28,1,1275
20250302,28,1,1275
20250303,28,1,1274
20250304,28,1,1273
20250305,28,1,1265
20250306,28,1,1264
20250307,28,1,1262
20250308,28,1,1257
20250309,28,1,1255
20250310,28,1,1251
20250311,28,1,1248
20250312,28,1,1244
20250313,28,1,1244
20250314,28,1,1240
20250315,28,1,1234
20250316,28,1,1229
20250317,28,1,1218
20250318,28,1,1214
20250319,28,1,1211
20250320,28,1,1210
20250321,28,1,1203
20250322,28,1,1197
20250323,28,1,1197
20250324,28,1,1187
20250325,28,1,1176
20250326,28,1,1165
20250327,28,1,1156
20250328,28,1,1155
20250329,28,1,1145
20250330,28,1,1141
20250331,28,1,1131
20250401,28,1,1309
20250402,28,1,1303
20250403,28,1,1298
20250404,28,1,1294
20250405,28,1,1294
20250406,28,1,1284
20250407,28,1,1276
20250408,28,1,1265
20250409,28,1,1259
20250410,28,1,1256
20250411,28,1,1249
20250412,28,1,1245
20250413,28,1,1234
20250414,28,1,1228
20250415,28,1,1220
20250416,28,1,1213
20250417,28,1,1209
20250418,28,1,1200
20250419,28,1,1195
20250420,28,1,1194
20250421,28,1,1190
20250422,28,1,1190
20250423,28,1,1182
20250424,28,1,1174
20250425,28,1,1164
20250426,28,1,1159
20250427,28,1,1148
20250428,28,1,1140
20250429,28,1,1136
20250430,28,1,1133
20250501,28,1,1423
20250502,28,1,1423
20250503,28,1,1422
20250504,28,1,1414
20250505,28,1,1405
20250506,28,1,1399
20250507,28,1,1395
20250508,28,1,1393
20250509,28,1,1393
20250510,28,1,1385
20250511,28,1,1383
20250512,28,1,1372
20250513,28,1,1362
20250514,28,1,1353
20250515,28,1,1348
20250516,28,1,1344
20250517,28,1,1334
20250518,28,1,1334
20250519,28,1,1323
20250520,28,1,1314
20250521,28,1,1314
20250522,28,1,1312
20250523,28,1,1301
20250524,28,1,1294
20250525,28,1,1290
20250526,28,1,1281
20250527,28,1,1273
20250528,28,1,1262
20250529,28,1,1258
20250530,28,1,1251
20250531,28,1,1244
20250601,28,1,1392
20250602,28,1,1384
20250603,28,1,1383
20250604,28,1,1374
20250605,28,1,1369
20250606,28,1,1364
20250607,28,1,1362
20250608,28,1,1352
20250609,28,1,1351
20250610,28,1,1340
20250611,28,1,1333
20250612,28,1,1331
20250613,28,1,1323
20250614,28,1,1315
20250615,28,1,1312
20250616,28,1,1302
20250617,28,1,1302
20250618,28,1,1301
20250619,28,1,1290
20250620,28,1,1281
20250621,28,1,1276
20250622,28,1,1273
20250623,28,1,1266
20250624,28,1,1258
20250625,28,1,1258
20250626,28,1,1253
20250627,28,1,1246
20250628,28,1,1239
20250629,28,1,1230
20250630,28,1,1220
20250701,28,1,1371
20250702,28,1,1365
20250703,28,1,1363
20250704,28,1,1362
20250705,28,1,1352
20250706,28,1,1351
20250707,28,1,1346
20250708,28,1,1339
20250709,28,1,1334
20250710,28,1,1327
20250711,28,1,1327
20250712,28,1,1321
20250713,28,1,1312
20250714,28,1,1306
20250715,28,1,1295
20250716,28,1,1290
20250717,28,1,1287
20250718,28,1,1282
20250719,28,1,1279
20250720,28,1,1275
20250721,28,1,1270
20250722,28,1,1267
20250723,28,1,1267
20250724,28,1,1264
20250725,28,1,1264
20250726,28,1,1254
20250727,28,1,1244
20250728,28,1,1241
20250729,28,1,1231
20250730,28,1,1227
20250731,28,1,1223
20250801,28,1,1438
20250802,28,1,1430
20250803,28,1,1423
20250804,28,1,1414
20250805,28,1,1404
20250806,28,1,1396
20250807,28,1,1391
20250808,28,1,1388
20250809,28,1,1383
20250810,28,1,1382
20250811,28,1,1375
20250812,28,1,1366
20250813,28,1,1366
20250814,28,1,1356
20250815,28,1,1349
20250816,28,1,1339
20250817,28,1,1331
20250818,28,1,1321
20250819,28,1,1312
20250820,28,1,1308
20250821,28,1,1302
20250822,28,1,1301
20250823,28,1,1291
20250824,28,1,1283
20250825,28,1,1276
20250826,28,1,1269
20250827,28,1,1261
20250828,28,1,1259
20250829,28,1,1252
20250830,28,1,1245
20250831,28,1,1237
20250901,28,1,1532
20250902,28,1,1530
20250903,28,1,1519
20250904,28,1,1515
20250905,28,1,1512
20250906,28,1,1508
20250907,28,1,1499
20250908,28,1,1497
20250909,28,1,1497
20250910,28,1,1488
20250911,28,1,1482
20250912,28,1,1474
20250913,28,1,1471
20250914,28,1,1469
20250915,28,1,1464
20250916,28,1,1454
20250917,28,1,1446
20250918,28,1,1441
20250919,28,1,1440
20250920,28,1,1434
20250921,28,1,1434
20250922,28,1,1426
20250923,28,1,1421
20250924,28,1,1411
20250925,28,1,1400
20250926,28,1,1398
20250927,28,1,1397
20250928,28,1,1390
20250929,28,1,1390
20250930,28,1,1382
20251001,28,1,1653
20251002,28,1,1644
20251003,28,1,1635
20251004,28,1,1632
20251005,28,1,1622
20251006,28,1,1613
20251007,28,1,1613
20251008,28,1,1606
20251009,28,1,1601
20251010,28,1,1600
20251011,28,1,1597
20251012,28,1,1586
20251013,28,1,1581
20251014,28,1,1580
20251015,28,1,1571
20251016,28,1,1569
20251017,28,1,1564
20251018,28,1,1563
20251019,28,1,1563
20251020,28,1,1552
20251021,28,1,1544
20251022,28,1,1537
20251023,28,1,1537
20251024,28,1,1530
20251025,28,1,1529
20251026,28,1,1528
20251027,28,1,1520
20251028,28,1,1514
20251029,28,1,1505
20251030,28,1,1501
20251031,28,1,1498
20251101,28,1,1765
20251102,28,1,1755
20251103,28,1,1749
20251104,28,1,1747
20251105,28,1,1747
20251106,28,1,1745
20251107,28,1,1739
20251108,28,1,1732
20251109,28,1,1732
20251110,28,1,1729
20251111,28,1,1720
20251112,28,1,1716
20251113,28,1,1708
20251114,28,1,1704
20251115,28,1,1701
20251116,28,1,1693
20251117,28,1,1690
20251118,28,1,1683
20251119,28,1,1681
20251120,28,1,1672
20251121,28,1,1661
20251122,28,1,1651
20251123,28,1,1641
20251124,28,1,1641
20251125,28,1,1631
20251126,28,1,1624
20251127,28,1,1619
20251128,28,1,1610
20251129,28,1,1601
20251130,28,1,1590
20251201,28,1,1820
20251202,28,1,1817
20251203,28,1,1809
20251204,28,1,1804
20251205,28,1,1797
20251206,28,1,1793
20251207,28,1,1791
20251208,28,1,1787
20251209,28,1,1783
20251210,28,1,1781
20251211,28,1,1780
20251212,28,1,1776
20251213,28,1,1770
20251214,28,1,1763
20251215,28,1,1756
20251216,28,1,1754
20251217,28,1,1753
20251218,28,1,1752
20251219,28,1,1744
20251220,28,1,1736
20251221,28,1,1730
20251222,28,1,1724
20251223,28,1,1717
20251224,28,1,1713
20251225,28,1,1705
20251226,28,1,1695
20251227,28,1,1693
20251228,28,1,1688
20251229,28,1,1685
20251230,28,1,1682
20251231,28,1,1678
20260101,28,1,1856
20260102,28,1,1853
20260103,28,1,1844
20260104,28,1,1841
20260105,28,1,1840
20260106,28,1,1830
20260107,28,1,1820
20260108,28,1,1810
20260109,28,1,1808
20260110,28,1,1804
20260111,28,1,1801
20260112,28,1,1798
20260113,28,1,1787
20260114,28,1,1786
20260115,28,1,1779
20260116,28,1,1771
20260117,28,1,1771
20260118,28,1,1761
20260119,28,1,1759
20260120,28,1,1755
20260121,28,1,1749
20260122,28,1,1739
20260123,28,1,1728
20260124,28,1,1726
20260125,28,1,1722
20260126,28,1,1715
20260127,28,1,1711
20260128,28,1,1711
20260129,28,1,1702
20260130,28,1,1696
20260131,28,1,1695
20260201,28,1,1930
20260202,28,1,1923
20260203,28,1,1918
20260204,28,1,1909
20260205,28,1,1906
20260206,28,1,1905
20260207,28,1,1900
20260208,28,1,1897
20260209,28,1,1892
20260210,28,1,1884
20260211,28,1,1874
20260212,28,1,1867
20260213,28,1,1860
20260214,28,1,1849
20260215,28,1,1839
20260216,28,1,1830
20260217,28,1,1820
20260218,28,1,1815
20260219,28,1,1806
20260220,28,1,1800
20260221,28,1,1793
20260222,28,1,1786
20260223,28,1,1786
20260224,28,1,1786
20260225,28,1,1775
20260226,28,1,1771
20260227,28,1,1771
20260228,28,1,1770
20260301,28,1,1923
20260302,28,1,1915
20260303,28,1,1906
20260304,28,1,1906
20260305,28,1,1900
20260306,28,1,1893
20260307,28,1,1883
20260308,28,1,1873
20260309,28,1,1863
20260310,28,1,1855
20260311,28,1,1846
20260312,28,1,1838
20260313,28,1,1829
20260314,28,1,1819
20260315,28,1,1818
20260316,28,1,1817
20260317,28,1,1814
20260318,28,1,1803
20260319,28,1,1795
20260320,28,1,1790
20260321,28,1,1787
20260322,28,1,1785
20260323,28,1,1781
20260324,28,1,1770
20260325,28,1,1759
20260326,28,1,1748
20260327,28,1,1740
20260328,28,1,1733
20260329,28,1,1732
20260330,28,1,1725
20260331,28,1,1717
20240401,30,1,588
20240402,30,1,578
20240403,30,1,577
20240404,30,1,569
20240405,30,1,565
20240406,30,1,564
20240407,30,1,561
20240408,30,1,552
20240409,30,1,550
20240410,30,1,543
20240411,30,1,541
20240412,30,1,536
20240413,30,1,535
20240414,30,1,526
20240415,30,1,516
20240416,30,1,510
20240417,30,1,506
20240418,30,1,495
20240419,30,1,484
20240420,30,1,473
20240421,30,1,464
20240422,30,1,462
20240423,30,1,461
20240424,30,1,456
20240425,30,1,450
20240426,30,1,448
20240427,30,1,447
20240428,30,1,444
20240429,30,1,440
20240430,30,1,438
20240501,30,1,651
20240502,30,1,650
20240503,30,1,650
20240504,30,1,650
20240505,30,1,641
20240506,30,1,632
20240507,30,1,631
20240508,30,1,620
20240509,30,1,617
20240510,30,1,607
20240511,30,1,605
20240512,30,1,596
20240513,30,1,592
20240514,30,1,583
20240515,30,1,583
20240516,30,1,577
20240517,30,1,567
20240518,30,1,566
20240519,30,1,562
20240520,30,1,552
20240521,30,1,541
20240522,30,1,535
20240523,30,1,535
20240524,30,1,524
20240525,30,1,522
20240526,30,1,518
20240527,30,1,508
20240528,30,1,507
20240529,30,1,502
20240530,30,1,495
20240531,30,1,495
20240601,30,1,717
20240602,30,1,710
20240603,30,1,700
20240604,30,1,698
20240605,30,1,695
20240606,30,1,694
20240607,30,1,690
20240608,30,1,690
20240609,30,1,680
20240610,30,1,679
20240611,30,1,671
20240612,30,1,668
20240613,30,1,659
20240614,30,1,659
20240615,30,1,654
20240616,30,1,653
20240617,30,1,645
20240618,30,1,643
20240619,30,1,636
20240620,30,1,632
20240621,30,1,630
20240622,30,1,628
20240623,30,1,622
20240624,30,1,620
20240625,30,1,609
20240626,30,1,600
20240627,30,1,596
20240628,30,1,592
20240629,30,1,587
20240630,30,1,578
20240701,30,1,786
20240702,30,1,778
20240703,30,1,775
20240704,30,1,768
20240705,30,1,764
20240706,30,1,759
20240707,30,1,750
20240708,30,1,750
20240709,30,1,743
20240710,30,1,740
20240711,30,1,740
20240712,30,1,737
20240713,30,1,728
20240714,30,1,720
20240715,30,1,717
20240716,30,1,713
20240717,30,1,703
20240718,30,1,699
20240719,30,1,696
20240720,30,1,691
20240721,30,1,682
20240722,30,1,677
20240723,30,1,671
20240724,30,1,663
20240725,30,1,653
20240726,30,1,645
20240727,30,1,641
20240728,30,1,632
20240729,30,1,623
20240730,30,1,621
20240731,30,1,613
20240801,30,1,871
20240802,30,1,868
20240803,30,1,860
20240804,30,1,860
20240805,30,1,857
20240806,30,1,850
20240807,30,1,845
20240808,30,1,845
20240809,30,1,844
20240810,30,1,843
20240811,30,1,837
20240812,30,1,837
20240813,30,1,828
20240814,30,1,821
20240815,30,1,815
20240816,30,1,813
20240817,30,1,811
20240818,30,1,802
20240819,30,1,795
20240820,30,1,791
20240821,30,1,789
20240822,30,1,785
20240823,30,1,782
20240824,30,1,776
20240825,30,1,773
20240826,30,1,764
20240827,30,1,764
20240828,30,1,756
20240829,30,1,756
20240830,30,1,754
20240831,30,1,743
20240901,30,1,996
20240902,30,1,990
20240903,30,1,989
20240904,30,1,978
20240905,30,1,969
20240906,30,1,963
20240907,30,1,954
20240908,30,1,951
20240909,30,1,942
20240910,30,1,933
20240911,30,1,932
20240912,30,1,932
20240913,30,1,922
20240914,30,1,914
20240915,30,1,911
20240916,30,1,905
20240917,30,1,905
20240918,30,1,903
20240919,30,1,902
20240920,30,1,902
20240921,30,1,901
20240922,30,1,901
20240923,30,1,890
20240924,30,1,890
20240925,30,1,889
20240926,30,1,884
20240927,30,1,877
20240928,30,1,869
20240929,30,1,868
20240930,30,1,867
20241001,30,1,1018
20241002,30,1,1016
20241003,30,1,1007
20241004,30,1,1000
20241005,30,1,998
20241006,30,1,997
20241007,30,1,988
20241008,30,1,980
20241009,30,1,979
20241010,30,1,973
20241011,30,1,963
20241012,30,1,960
20241013,30,1,952
20241014,30,1,948
20241015,30,1,947
20241016,30,1,944
20241017,30,1,940
20241018,30,1,940
20241019,30,1,937
20241020,30,1,926
20241021,30,1,925
20241022,30,1,925
20241023,30,1,921
20241024,30,1,910
20241025,30,1,902
20241026,30,1,896
20241027,30,1,888
20241028,30,1,888
20241029,30,1,886
20241030,30,1,876
20241031,30,1,868
20241101,30,1,1084
20241102,30,1,1082
20241103,30,1,1082
20241104,30,1,1072
20241105,30,1,1070
20241106,30,1,1061
20241107,30,1,1057
20241108,30,1,1047
20241109,30,1,1047
20241110,30,1,1041
20241111,30,1,1040
20241112,30,1,1040
20241113,30,1,1036
20241114,30,1,1029
20241115,30,1,1018
20241116,30,1,1017
20241117,30,1,1010
20241118,30,1,1001
20241119,30,1,990
20241120,30,1,987
20241121,30,1,987
20241122,30,1,976
20241123,30,1,966
20241124,30,1,963
20241125,30,1,962
20241126,30,1,956
20241127,30,1,954
20241128,30,1,948
20241129,30,1,947
20241130,30,1,936
20241201,30,1,1146
20241202,30,1,1144
20241203,30,1,1137
20241204,30,1,1129
20241205,30,1,1128
20241206,30,1,1119
20241207,30,1,1108
20241208,30,1,1105
20241209,30,1,1098
20241210,30,1,1089
20241211,30,1,1078
20241212,30,1,1077
20241213,30,1,1067
20241214,30,1,1067
20241215,30,1,1061
20241216,30,1,1060
20241217,30,1,1059
20241218,30,1,1057
20241219,30,1,1056
20241220,30,1,1056
20241221,30,1,1053
20241222,30,1,1052
20241223,30,1,1048
20241224,30,1,1045
20241225,30,1,1039
20241226,30,1,1029
20241227,30,1,1028
20241228,30,1,1018
20241229,30,1,1012
20241230,30,1,1001
20241231,30,1,997
20250101,30,1,1159
20250102,30,1,1159
20250103,30,1,1149
20250104,30,1,1143
20250105,30,1,1133
20250106,30,1,1126
20250107,30,1,1115
20250108,30,1,1113
20250109,30,1,1110
20250110,30,1,1101
20250111,30,1,1092
20250112,30,1,1081
20250113,30,1,1071
20250114,30,1,1068
20250115,30,1,1060
20250116,30,1,1049
20250117,30,1,1046
20250118,30,1,1045
20250119,30,1,1039
20250120,30,1,1034
20250121,30,1,1026
20250122,30,1,1024
20250123,30,1,1019
20250124,30,1,1012
20250125,30,1,1006
20250126,30,1,1006
20250127,30,1,1005
20250128,30,1,999
20250129,30,1,995
20250130,30,1,993
20250131,30,1,984
20250201,30,1,1190
20250202,30,1,1182
20250203,30,1,1174
20250204,30,1,1170
20250205,30,1,1170
20250206,30,1,1164
20250207,30,1,1162
20250208,30,1,1151
20250209,30,1,1141
20250210,30,1,1131
20250211,30,1,1122
20250212,30,1,1111
20250213,30,1,1100
20250214,30,1,1098
20250215,30,1,1091
20250216,30,1,1086
20250217,30,1,1086
20250218,30,1,1077
20250219,30,1,1076
20250220,30,1,1065
20250221,30,1,1057
20250222,30,1,1055
20250223,30,1,1055
20250224,30,1,1044
20250225,30,1,1035
20250226,30,1,1030
20250227,30,1,1021
20250228,30,1,1012
20250301,30,1,1247
20250302,30,1,1247
20250303,30,1,1244
20250304,30,1,1241
20250305,30,1,1240
20250306,30,1,1232
20250307,30,1,1231
20250308,30,1,1228
20250309,30,1,1221
20250310,30,1,1215
20250311,30,1,1209
20250312,30,1,1199
20250313,30,1,1194
20250314,30,1,1187
20250315,30,1,1180
20250316,30,1,1179
20250317,30,1,1173
20250318,30,1,1167
20250319,30,1,1166
20250320,30,1,1165
20250321,30,1,1162
20250322,30,1,1157
20250323,30,1,1152
20250324,30,1,1150
20250325,30,1,1146
20250326,30,1,1143
20250327,30,1,1133
20250328,30,1,1126
20250329,30,1,1115
20250330,30,1,1108
20250331,30,1,1102
20250401,30,1,1322
20250402,30,1,1320
20250403,30,1,1311
20250404,30,1,1307
20250405,30,1,1305
20250406,30,1,1300
20250407,30,1,1295
20250408,30,1,1287
20250409,30,1,1276
20250410,30,1,1265
20250411,30,1,1255
20250412,30,1,1246
20250413,30,1,1235
20250414,30,1,1227
20250415,30,1,1226
20250416,30,1,1224
20250417,30,1,1219
20250418,30,1,1210
20250419,30,1,1201
20250420,30,1,1191
20250421,30,1,1190
20250422,30,1,1183
20250423,30,1,1174
20250424,30,1,1170
20250425,30,1,1166
20250426,30,1,1159
20250427,30,1,1149
20250428,30,1,1144
20250429,30,1,1139
20250430,30,1,1139
20250501,30,1,1326
20250502,30,1,1315
20250503,30,1,1305
20250504,30,1,1297
20250505,30,1,1295
20250506,30,1,1290
20250507,30,1,1290
20250508,30,1,1279
20250509,30,1,1279
20250510,30,1,1272
20250511,30,1,1267
20250512,30,1,1260
20250513,30,1,1260
20250514,30,1,1256
20250515,30,1,1247
20250516,30,1,1237
20250517,30,1,1233
20250518,30,1,1226
20250519,30,1,1217
20250520,30,1,1210
20250521,30,1,1205
20250522,30,1,1194
20250523,30,1,1183
20250524,30,1,1180
20250525,30,1,1180
20250526,30,1,1171
20250527,30,1,1170
20250528,30,1,1161
20250529,30,1,1152
20250530,30,1,1152
20250531,30,1,1146
20250601,30,1,1404
20250602,30,1,1395
20250603,30,1,1394
20250604,30,1,1388
20250605,30,1,1388
20250606,30,1,1387
20250607,30,1,1379
20250608,30,1,1379
20250609,30,1,1369
20250610,30,1,1369
20250611,30,1,1362
20250612,30,1,1358
20250613,30,1,1351
20250614,30,1,1344
20250615,30,1,1337
20250616,30,1,1331
20250617,30,1,1320
20250618,30,1,1314
20250619,30,1,1304
20250620,30,1,1299
20250621,30,1,1292
20250622,30,1,1284
20250623,30,1,1280
20250624,30,1,1270
20250625,30,1,1267
20250626,30,1,1258
20250627,30,1,1256
20250628,30,1,1248
20250629,30,1,1239
20250630,30,1,1236
20250701,30,1,1413
20250702,30,1,1406
20250703,30,1,1396
20250704,30,1,1385
20250705,30,1,1374
20250706,30,1,1365
20250707,30,1,1358
20250708,30,1,1347
20250709,30,1,1344
20250710,30,1,1338
20250711,30,1,1333
20250712,30,1,1329
20250713,30,1,1326
20250714,30,1,1315
20250715,30,1,1311
20250716,30,1,1310
20250717,30,1,1305
20250718,30,1,1301
20250719,30,1,1290
20250720,30,1,1281
20250721,30,1,1276
20250722,30,1,1267
20250723,30,1,1263
20250724,30,1,1261
20250725,30,1,1254
20250726,30,1,1247
20250727,30,1,1244
20250728,30,1,1242
20250729,30,1,1242
20250730,30,1,1238
20250731,30,1,1230
20250801,30,1,1497
20250802,30,1,1490
20250803,30,1,1488
20250804,30,1,1486
20250805,30,1,1480
20250806,30,1,1477
20250807,30,1,1476
20250808,30,1,1474
20250809,30,1,1471
20250810,30,1,1468
20250811,30,1,1462
20250812,30,1,1452
20250813,30,1,1441
20250814,30,1,1435
20250815,30,1,1433
20250816,30,1,1431
20250817,30,1,1426
20250818,30,1,1418
20250819,30,1,1412
20250820,30,1,1411
20250821,30,1,1403
20250822,30,1,1400
20250823,30,1,1394
20250824,30,1,1384
20250825,30,1,1376
20250826,30,1,1370
20250827,30,1,1360
20250828,30,1,1358
20250829,30,1,1355
20250830,30,1,1352
20250831,30,1,1342
20250901,30,1,1614
20250902,30,1,1612
20250903,30,1,1603
20250904,30,1,1598
20250905,30,1,1591
20250906,30,1,1589
20250907,30,1,1583
20250908,30,1,1575
20250909,30,1,1570
20250910,30,1,1561
20250911,30,1,1555
20250912,30,1,1549
20250913,30,1,1547
20250914,30,1,1539
20250915,30,1,1534
20250916,30,1,1527
20250917,30,1,1520
20250918,30,1,1516
20250919,30,1,1512
20250920,30,1,1509
20250921,30,1,1505
20250922,30,1,1495
20250923,30,1,1491
20250924,30,1,1490
20250925,30,1,1481
20250926,30,1,1479
20250927,30,1,1475
20250928,30,1,1473
20250929,30,1,1467
20250930,30,1,1464
20251001,30,1,1754
20251002,30,1,1754
20251003,30,1,1748
20251004,30,1,1746
20251005,30,1,1742
20251006,30,1,1731
20251007,30,1,1729
20251008,30,1,1721
20251009,30,1,1713
20251010,30,1,1709
20251011,30,1,1704
20251012,30,1,1703
20251013,30,1,1698
20251014,30,1,1692
20251015,30,1,1685
20251016,30,1,1676
20251017,30,1,1665
20251018,30,1,1660
20251019,30,1,1650
20251020,30,1,1640
20251021,30,1,1637
20251022,30,1,1634
20251023,30,1,1628
20251024,30,1,1623
20251025,30,1,1619
20251026,30,1,1618
20251027,30,1,1609
20251028,30,1,1603
20251029,30,1,1601
20251030,30,1,1591
20251031,30,1,1580
20251101,30,1,1746
20251102,30,1,1739
20251103,30,1,1737
20251104,30,1,1734
20251105,30,1,1730
20251106,30,1,1726
20251107,30,1,1718
20251108,30,1,1718
20251109,30,1,1711
20251110,30,1,1705
20251111,30,1,1696
20251112,30,1,1685
20251113,30,1,1680
20251114,30,1,1679
20251115,30,1,1674
20251116,30,1,1672
20251117,30,1,1666
20251118,30,1,1664
20251119,30,1,1664
20251120,30,1,1658
20251121,30,1,1655
20251122,30,1,1653
20251123,30,1,1653
20251124,30,1,1642
20251125,30,1,1632
20251126,30,1,1624
20251127,30,1,1620
20251128,30,1,1613
20251129,30,1,1607
20251130,30,1,1607
20251201,30,1,1888
20251202,30,1,1883
20251203,30,1,1874
20251204,30,1,1866
20251205,30,1,1860
20251206,30,1,1850
20251207,30,1,1842
20251208,30,1,1836
20251209,30,1,1828
20251210,30,1,1827
20251211,30,1,1816
20251212,30,1,1806
20251213,30,1,1802
20251214,30,1,1802
20251215,30,1,1793
20251216,30,1,1787
20251217,30,1,1784
20251218,30,1,1773
20251219,30,1,1767
20251220,30,1,1765
20251221,30,1,1758
20251222,30,1,1749
20251223,30,1,1744
20251224,30,1,1736
20251225,30,1,1735
20251226,30,1,1732
20251227,30,1,1727
20251228,30,1,1726
20251229,30,1,1724
20251230,30,1,1718
20251231,30,1,1713
20260101,30,1,1917
20260102,30,1,1913
20260103,30,1,1908
20260104,30,1,1897
20260105,30,1,1893
20260106,30,1,1887
20260107,30,1,1887
20260108,30,1,1885
20260109,30,1,1878
20260110,30,1,1873
20260111,30,1,1870
20260112,30,1,1866
20260113,30,1,1860
20260114,30,1,1855
20260115,30,1,1845
20260116,30,1,1843
20260117,30,1,1833
20260118,30,1,1822
20260119,30,1,1816
20260120,30,1,1814
20260121,30,1,1809
20260122,30,1,1799
20260123,30,1,1793
20260124,30,1,1786
20260125,30,1,1782
20260126,30,1,1776
20260127,30,1,1773
20260128,30,1,1770
20260129,30,1,1769
20260130,30,1,1761
20260131,30,1,1751
20260201,30,1,1954
20260202,30,1,1950
20260203,30,1,1946
20260204,30,1,1939
20260205,30,1,1938
20260206,30,1,1929
20260207,30,1,1929
20260208,30,1,1925
20260209,30,1,1923
20260210,30,1,1913
20260211,30,1,1908
20260212,30,1,1898
20260213,30,1,1892
20260214,30,1,1883
20260215,30,1,1873
20260216,30,1,1864
20260217,30,1,1856
20260218,30,1,1847
20260219,30,1,1838
20260220,30,1,1830
20260221,30,1,1824
20260222,30,1,1818
20260223,30,1,1816
20260224,30,1,1810
20260225,30,1,1800
20260226,30,1,1790
20260227,30,1,1785
20260228,30,1,1780
20260301,30,1,2034
20260302,30,1,2034
20260303,30,1,2026
20260304,30,1,2021
20260305,30,1,2019
20260306,30,1,2015
20260307,30,1,2004
20260308,30,1,2001
20260309,30,1,1995
20260310,30,1,1987
20260311,30,1,1984
20260312,30,1,1975
20260313,30,1,1975
20260314,30,1,1965
20260315,30,1,1957
20260316,30,1,1948
20260317,30,1,1947
20260318,30,1,1938
20260319,30,1,1935
20260320,30,1,1925
20260321,30,1,1921
20260322,30,1,1913
20260323,30,1,1902
20260324,30,1,1893
20260325,30,1,1893
20260326,30,1,1891
20260327,30,1,1890
20260328,30,1,1879
20260329,30,1,1876
20260330,30,1,1870
20260331,30,1,1864
20240401,23,1,478
20240402,23,1,478
20240403,23,1,469
20240404,23,1,459
20240405,23,1,451
20240406,23,1,446
20240407,23,1,445
20240408,23,1,442
20240409,23,1,437
20240410,23,1,435
20240411,23,1,426
20240412,23,1,421
20240413,23,1,413
20240414,23,1,407
20240415,23,1,405
20240416,23,1,398
20240417,23,1,390
20240418,23,1,385
20240419,23,1,377
20240420,23,1,366
20240421,23,1,364
20240422,23,1,354
20240423,23,1,351
20240424,23,1,351
20240425,23,1,346
20240426,23,1,337
20240427,23,1,329
20240428,23,1,326
20240429,23,1,315
20240430,23,1,304
20240501,23,1,597
20240502,23,1,589
20240503,23,1,583
20240504,23,1,579
20240505,23,1,573
20240506,23,1,573
20240507,23,1,572
20240508,23,1,565
20240509,23,1,560
20240510,23,1,555
20240511,23,1,545
20240512,23,1,537
20240513,23,1,537
20240514,23,1,526
20240515,23,1,516
20240516,23,1,514
20240517,23,1,504
20240518,23,1,500
20240519,23,1,496
20240520,23,1,490
20240521,23,1,480
20240522,23,1,476
20240523,23,1,470
20240524,23,1,468
20240525,23,1,467
20240526,23,1,460
20240527,23,1,458
20240528,23,1,458
20240529,23,1,458
20240530,23,1,454
20240531,23,1,452
20240601,23,1,742
20240602,23,1,737
20240603,23,1,736
20240604,23,1,735
20240605,23,1,732
20240606,23,1,722
20240607,23,1,715
20240608,23,1,713
20240609,23,1,713
20240610,23,1,710
20240611,23,1,707
20240612,23,1,696
20240613,23,1,694
20240614,23,1,685
20240615,23,1,681
20240616,23,1,678
20240617,23,1,676
20240618,23,1,669
20240619,23,1,661
20240620,23,1,656
20240621,23,1,645
20240622,23,1,635
20240623,23,1,626
20240624,23,1,620
20240625,23,1,614
20240626,23,1,607
20240627,23,1,601
20240628,23,1,600
20240629,23,1,593
20240630,23,1,591
20240701,23,1,851
20240702,23,1,851
20240703,23,1,844
20240704,23,1,835
20240705,23,1,829
20240706,23,1,827
20240707,23,1,824
20240708,23,1,819
20240709,23,1,817
20240710,23,1,806
20240711,23,1,801
20240712,23,1,791
20240713,23,1,790
20240714,23,1,785
20240715,23,1,775
20240716,23,1,772
20240717,23,1,763
20240718,23,1,754
20240719,23,1,747
20240720,23,1,747
20240721,23,1,737
20240722,23,1,732
20240723,23,1,725
20240724,23,1,717
20240725,23,1,712
20240726,23,1,711
20240727,23,1,704
20240728,23,1,697
20240729,23,1,696
20240730,23,1,694
20240731,23,1,692
20240801,23,1,890
20240802,23,1,883
20240803,23,1,882
20240804,23,1,872
20240805,23,1,863
20240806,23,1,862
20240807,23,1,860
20240808,23,1,850
20240809,23,1,845
20240810,23,1,840
20240811,23,1,835
20240812,23,1,824
20240813,23,1,823
20240814,23,1,812
20240815,23,1,810
20240816,23,1,800
20240817,23,1,795
20240818,23,1,786
20240819,23,1,785
20240820,23,1,781
20240821,23,1,779
20240822,23,1,773
20240823,23,1,773
20240824,23,1,769
20240825,23,1,763
20240826,23,1,758
20240827,23,1,749
20240828,23,1,742
20240829,23,1,733
20240830,23,1,727
20240831,23,1,723
20240901,23,1,908
20240902,23,1,897
20240903,23,1,886
20240904,23,1,884
20240905,23,1,879
20240906,23,1,872
20240907,23,1,862
20240908,23,1,859
20240909,23,1,850
20240910,23,1,840
20240911,23,1,838
20240912,23,1,835
20240913,23,1,830
20240914,23,1,820
20240915,23,1,809
20240916,23,1,808
20240917,23,1,806
20240918,23,1,802
20240919,23,1,802
20240920,23,1,796
20240921,23,1,793
20240922,23,1,789
20240923,23,1,789
20240924,23,1,787
20240925,23,1,786
20240926,23,1,784
20240927,23,1,779
20240928,23,1,777
20240929,23,1,768
20240930,23,1,763
20241001,23,1,938
20241002,23,1,928
20241003,23,1,923
20241004,23,1,912
20241005,23,1,908
20241006,23,1,903
20241007,23,1,898
20241008,23,1,887
20241009,23,1,879
20241010,23,1,873
20241011,23,1,869
20241012,23,1,869
20241013,23,1,859
20241014,23,1,858
20241015,23,1,850
20241016,23,1,844
20241017,23,1,836
20241018,23,1,825
20241019,23,1,823
20241020,23,1,822
20241021,23,1,818
20241022,23,1,812
20241023,23,1,812
20241024,23,1,803
20241025,23,1,796
20241026,23,1,785
20241027,23,1,782
20241028,23,1,772
20241029,23,1,768
20241030,23,1,767
20241031,23,1,757
20241101,23,1,910
20241102,23,1,908
20241103,23,1,900
20241104,23,1,897
20241105,23,1,897
20241106,23,1,887
20241107,23,1,883
20241108,23,1,876
20241109,23,1,876
20241110,23,1,865
20241111,23,1,858
20241112,23,1,853
20241113,23,1,843
20241114,23,1,839
20241115,23,1,836
20241116,23,1,833
20241117,23,1,826
20241118,23,1,821
20241119,23,1,815
20241120,23,1,806
20241121,23,1,799
20241122,23,1,791
20241123,23,1,784
20241124,23,1,775
20241125,23,1,767
20241126,23,1,758
20241127,23,1,751
20241128,23,1,751
20241129,23,1,741
20241130,23,1,739
20241201,23,1,989
20241202,23,1,982
20241203,23,1,977
20241204,23,1,972
20241205,23,1,971
20241206,23,1,969
20241207,23,1,969
20241208,23,1,959
20241209,23,1,948
20241210,23,1,947
20241211,23,1,937
20241212,23,1,929
20241213,23,1,926
20241214,23,1,925
20241215,23,1,918
20241216,23,1,918
20241217,23,1,917
20241218,23,1,916
20241219,23,1,915
20241220,23,1,915
20241221,23,1,911
20241222,23,1,902
20241223,23,1,899
20241224,23,1,897
20241225,23,1,886
20241226,23,1,881
20241227,23,1,881
20241228,23,1,874
20241229,23,1,868
20241230,23,1,863
20241231,23,1,853
20250101,23,1,1105
20250102,23,1,1101
20250103,23,1,1095
20250104,23,1,1088
20250105,23,1,1084
20250106,23,1,1079
20250107,23,1,1077
20250108,23,1,1070
20250109,23,1,1068
20250110,23,1,1063
20250111,23,1,1054
20250112,23,1,1044
20250113,23,1,1039
20250114,23,1,1037
20250115,23,1,1037
20250116,23,1,1027
20250117,23,1,1023
20250118,23,1,1021
20250119,23,1,1012
20250120,23,1,1007
20250121,23,1,999
20250122,23,1,999
20250123,23,1,988
20250124,23,1,985
20250125,23,1,976
20250126,23,1,973
20250127,23,1,971
20250128,23,1,967
20250129,23,1,967
20250130,23,1,961
20250131,23,1,956
20250201,23,1,1112
20250202,23,1,1106
20250203,23,1,1100
20250204,23,1,1100
20250205,23,1,1092
20250206,23,1,1089
20250207,23,1,1086
20250208,23,1,1076
20250209,23,1,1065
20250210,23,1,1064
20250211,23,1,1059
20250212,23,1,1056
20250213,23,1,1048
20250214,23,1,1041
20250215,23,1,1037
20250216,23,1,1029
20250217,23,1,1021
20250218,23,1,1010
20250219,23,1,999
20250220,23,1,995
20250221,23,1,994
20250222,23,1,983
20250223,23,1,978
20250224,23,1,968
20250225,23,1,960
20250226,23,1,954
20250227,23,1,944
20250228,23,1,935
20250301,23,1,1174
20250302,23,1,1172
20250303,23,1,1170
20250304,23,1,1163
20250305,23,1,1159
20250306,23,1,1152
20250307,23,1,1144
20250308,23,1,1144
20250309,23,1,1143
20250310,23,1,1136
20250311,23,1,1125
20250312,23,1,1119
20250313,23,1,1111
20250314,23,1,1108
20250315,23,1,1106
20250316,23,1,1104
20250317,23,1,1093
20250318,23,1,1084
20250319,23,1,1080
20250320,23,1,1080
20250321,23,1,1070
20250322,23,1,1067
20250323,23,1,1065
20250324,23,1,1057
20250325,23,1,1056
20250326,23,1,1054
20250327,23,1,1048
20250328,23,1,1047
20250329,23,1,1037
20250330,23,1,1026
20250331,23,1,1017
20250401,23,1,1245
20250402,23,1,1242
20250403,23,1,1241
20250404,23,1,1240
20250405,23,1,1239
20250406,23,1,1239
20250407,23,1,1231
20250408,23,1,1223
20250409,23,1,1215
20250410,23,1,1211
20250411,23,1,1210
20250412,23,1,1208
20250413,23,1,1199
20250414,23,1,1189
20250415,23,1,1189
20250416,23,1,1181
20250417,23,1,1171
20250418,23,1,1162
20250419,23,1,1160
20250420,23,1,1153
20250421,23,1,1144
20250422,23,1,1133
20250423,23,1,1125
20250424,23,1,1121
20250425,23,1,1113
20250426,23,1,1112
20250427,23,1,1111
20250428,23,1,1111
20250429,23,1,1105
20250430,23,1,1105
20250501,23,1,1265
20250502,23,1,1261
20250503,23,1,1254
20250504,23,1,1249
20250505,23,1,1249
20250506,23,1,1242
20250507,23,1,1241
20250508,23,1,1233
20250509,23,1,1225
20250510,23,1,1217
20250511,23,1,1213
20250512,23,1,1208
20250513,23,1,1199
20250514,23,1,1194
20250515,23,1,1183
20250516,23,1,1176
20250517,23,1,1167
20250518,23,1,1160
20250519,23,1,1158
20250520,23,1,1153
20250521,23,1,1146
20250522,23,1,1140
20250523,23,1,1133
20250524,23,1,1123
20250525,23,1,1113
20250526,23,1,1111
20250527,23,1,1109
20250528,23,1,1108
20250529,23,1,1100
20250530,23,1,1095
20250531,23,1,1088
20250601,23,1,1363
20250602,23,1,1356
20250603,23,1,1353
20250604,23,1,1344
20250605,23,1,1344
20250606,23,1,1338
20250607,23,1,1329
20250608,23,1,1321
20250609,23,1,1320
20250610,23,1,1310
20250611,23,1,1306
20250612,23,1,1300
20250613,23,1,1295
20250614,23,1,1291
20250615,23,1,1288
20250616,23,1,1278
20250617,23,1,1271
20250618,23,1,1260
20250619,23,1,1257
20250620,23,1,1254
20250621,23,1,1248
20250622,23,1,1241
20250623,23,1,1240
20250624,23,1,1236
20250625,23,1,1231
20250626,23,1,1230
20250627,23,1,1224
20250628,23,1,1223
20250629,23,1,1213
20250630,23,1,1207
20250701,23,1,1378
20250702,23,1,1374
20250703,23,1,1369
20250704,23,1,1366
20250705,23,1,1361
20250706,23,1,1360
20250707,23,1,1357
20250708,23,1,1353
20250709,23,1,1344
20250710,23,1,1334
20250711,23,1,1324
20250712,23,1,1320
20250713,23,1,1316
20250714,23,1,1313
20250715,23,1,1307
20250716,23,1,1296
20250717,23,1,1294
20250718,23,1,1286
20250719,23,1,1283
20250720,23,1,1279
20250721,23,1,1273
20250722,23,1,1265
20250723,23,1,1255
20250724,23,1,1248
20250725,23,1,1241
20250726,23,1,1231
20250727,23,1,1224
20250728,23,1,1223
20250729,23,1,1223
20250730,23,1,1217
20250731,23,1,1217
20250801,23,1,1463
20250802,23,1,1452
20250803,23,1,1452
20250804,23,1,1445
20250805,23,1,1434
20250806,23,1,1433
20250807,23,1,1424
20250808,23,1,1413
20250809,23,1,1413
20250810,23,1,1408
20250811,23,1,1408
20250812,23,1,1403
20250813,23,1,1393
20250814,23,1,1390
20250815,23,1,1381
20250816,23,1,1372
20250817,23,1,1372
20250818,23,1,1366
20250819,23,1,1363
20250820,23,1,1352
20250821,23,1,1344
20250822,23,1,1338
20250823,23,1,1331
20250824,23,1,1329
20250825,23,1,1323
20250826,23,1,1314
20250827,23,1,1303
20250828,23,1,1302
20250829,23,1,1292
20250830,23,1,1289
20250831,23,1,1279
20250901,23,1,1560
20250902,23,1,1549
20250903,23,1,1543
20250904,23,1,1534
20250905,23,1,1524
20250906,23,1,1522
20250907,23,1,1514
20250908,23,1,1506
20250909,23,1,1501
20250910,23,1,1494
20250911,23,1,1487
20250912,23,1,1482
20250913,23,1,1475
20250914,23,1,1470
20250915,23,1,1465
20250916,23,1,1460
20250917,23,1,1455
20250918,23,1,1452
20250919,23,1,1451
20250920,23,1,1445
20250921,23,1,1440
20250922,23,1,1440
20250923,23,1,1434
20250924,23,1,1424
20250925,23,1,1421
20250926,23,1,1411
20250927,23,1,1405
20250928,23,1,1401
20250929,23,1,1391
20250930,23,1,1380
20251001,23,1,1659
20251002,23,1,1652
20251003,23,1,1642
20251004,23,1,1632
20251005,23,1,1622
20251006,23,1,1613
20251007,23,1,1609
20251008,23,1,1598
20251009,23,1,1589
20251010,23,1,1579
20251011,23,1,1578
20251012,23,1,1578
20251013,23,1,1567
20251014,23,1,1560
20251015,23,1,1553
20251016,23,1,1545
20251017,23,1,1537
20251018,23,1,1537
20251019,23,1,1534
20251020,23,1,1528
20251021,23,1,1528
20251022,23,1,1518
20251023,23,1,1517
20251024,23,1,1512
20251025,23,1,1511
20251026,23,1,1511
20251027,23,1,1506
20251028,23,1,1497
20251029,23,1,1494
20251030,23,1,1489
20251031,23,1,1478
20251101,23,1,1674
20251102,23,1,1663
20251103,23,1,1657
20251104,23,1,1650
20251105,23,1,1640
20251106,23,1,1632
20251107,23,1,1625
20251108,23,1,1615
20251109,23,1,1604
20251110,23,1,1601
20251111,23,1,1593
20251112,23,1,1590
20251113,23,1,1582
20251114,23,1,1581
20251115,23,1,1578
20251116,23,1,1569
20251117,23,1,1560
20251118,23,1,1555
20251119,23,1,1546
20251120,23,1,1541
20251121,23,1,1541
20251122,23,1,1532
20251123,23,1,1532
20251124,23,1,1523
20251125,23,1,1513
20251126,23,1,1513
20251127,23,1,1502
20251128,23,1,1495
20251129,23,1,1488
20251130,23,1,1485
20251201,23,1,1660
20251202,23,1,1655
20251203,23,1,1646
20251204,23,1,1646
20251205,23,1,1644
20251206,23,1,1635
20251207,23,1,1630
20251208,23,1,1629
20251209,23,1,1618
20251210,23,1,1614
20251211,23,1,1612
20251212,23,1,1606
20251213,23,1,1605
20251214,23,1,1597
20251215,23,1,1590
20251216,23,1,1580
20251217,23,1,1577
20251218,23,1,1572
20251219,23,1,1564
20251220,23,1,1562
20251221,23,1,1558
20251222,23,1,1557
20251223,23,1,1549
20251224,23,1,1542
20251225,23,1,1541
20251226,23,1,1540
20251227,23,1,1536
20251228,23,1,1529
20251229,23,1,1520
20251230,23,1,1515
20251231,23,1,1506
20260101,23,1,1711
20260102,23,1,1708
20260103,23,1,1701
20260104,23,1,1691
20260105,23,1,1688
20260106,23,1,1680
20260107,23,1,1675
20260108,23,1,1669
20260109,23,1,1663
20260110,23,1,1658
20260111,23,1,1651
20260112,23,1,1647
20260113,23,1,1646
20260114,23,1,1642
20260115,23,1,1637
20260116,23,1,1627
20260117,23,1,1620
20260118,23,1,1615
20260119,23,1,1605
20260120,23,1,1605
20260121,23,1,1597
20260122,23,1,1586
20260123,23,1,1578
20260124,23,1,1571
20260125,23,1,1565
20260126,23,1,1564
20260127,23,1,1563
20260128,23,1,1562
20260129,23,1,1551
20260130,23,1,1547
20260131,23,1,1536
20260201,23,1,1768
20260202,23,1,1757
20260203,23,1,1751
20260204,23,1,1751
20260205,23,1,1742
20260206,23,1,1738
20260207,23,1,1737
20260208,23,1,1734
20260209,23,1,1723
20260210,23,1,1718
20260211,23,1,1712
20260212,23,1,1703
20260213,23,1,1697
20260214,23,1,1696
20260215,23,1,1695
20260216,23,1,1684
20260217,23,1,1682
20260218,23,1,1679
20260219,23,1,1679
20260220,23,1,1670
20260221,23,1,1664
20260222,23,1,1657
20260223,23,1,1655
20260224,23,1,1649
20260225,23,1,1643
20260226,23,1,1633
20260227,23,1,1625
20260228,23,1,1618
20260301,23,1,1859
20260302,23,1,1857
20260303,23,1,1850
20260304,23,1,1839
20260305,23,1,1831
20260306,23,1,1821
20260307,23,1,1821
20260308,23,1,1811
20260309,23,1,1804
20260310,23,1,1802
20260311,23,1,1792
20260312,23,1,1782
20260313,23,1,1775
20260314,23,1,1764
20260315,23,1,1755
20260316,23,1,1750
20260317,23,1,1739
20260318,23,1,1734
20260319,23,1,1733
20260320,23,1,1732
20260321,23,1,1724
20260322,23,1,1723
20260323,23,1,1713
20260324,23,1,1702
20260325,23,1,1702
20260326,23,1,1700
20260327,23,1,1698
20260328,23,1,1690
20260329,23,1,1688
20260330,23,1,1680
20260331,23,1,1670
20240401,40,1,688
20240402,40,1,678
20240403,40,1,669
20240404,40,1,664
20240405,40,1,661
20240406,40,1,653
20240407,40,1,644
20240408,40,1,643
20240409,40,1,640
20240410,40,1,629
20240411,40,1,628
20240412,40,1,617
20240413,40,1,616
20240414,40,1,609
20240415,40,1,606
20240416,40,1,605
20240417,40,1,603
20240418,40,1,592
20240419,40,1,589
20240420,40,1,579
20240421,40,1,572
20240422,40,1,561
20240423,40,1,556
20240424,40,1,550
20240425,40,1,550
20240426,40,1,546
20240427,40,1,539
20240428,40,1,535
20240429,40,1,533
20240430,40,1,528
20240501,40,1,814
20240502,40,1,810
20240503,40,1,809
20240504,40,1,809
20240505,40,1,802
20240506,40,1,794
20240507,40,1,784
20240508,40,1,778
20240509,40,1,775
20240510,40,1,775
20240511,40,1,769
20240512,40,1,766
20240513,40,1,757
20240514,40,1,750
20240515,40,1,744
20240516,40,1,736
20240517,40,1,730
20240518,40,1,723
20240519,40,1,714
20240520,40,1,714
20240521,40,1,713
20240522,40,1,708
20240523,40,1,700
20240524,40,1,695
20240525,40,1,685
20240526,40,1,674
20240527,40,1,673
20240528,40,1,666
20240529,40,1,666
20240530,40,1,657
20240531,40,1,656
20240601,40,1,813
20240602,40,1,809
20240603,40,1,805
20240604,40,1,800
20240605,40,1,795
20240606,40,1,787
20240607,40,1,779
20240608,40,1,768
20240609,40,1,762
20240610,40,1,752
20240611,40,1,745
20240612,40,1,745
20240613,40,1,735
20240614,40,1,730
20240615,40,1,725
20240616,40,1,715
20240617,40,1,705
20240618,40,1,694
20240619,40,1,688
20240620,40,1,683
20240621,40,1,679
20240622,40,1,675
20240623,40,1,672
20240624,40,1,669
20240625,40,1,661
20240626,40,1,658
20240627,40,1,651
20240628,40,1,649
20240629,40,1,640
20240630,40,1,635
20240701,40,1,856
20240702,40,1,846
20240703,40,1,843
20240704,40,1,840
20240705,40,1,834
20240706,40,1,826
20240707,40,1,815
20240708,40,1,811
20240709,40,1,805
20240710,40,1,804
20240711,40,1,796
20240712,40,1,790
20240713,40,1,783
20240714,40,1,781
20240715,40,1,776
20240716,40,1,776
20240717,40,1,772
20240718,40,1,768
20240719,40,1,763
20240720,40,1,752
20240721,40,1,745
20240722,40,1,735
20240723,40,1,733
20240724,40,1,722
20240725,40,1,715
20240726,40,1,715
20240727,40,1,705
20240728,40,1,704
20240729,40,1,695
20240730,40,1,693
20240731,40,1,685
20240801,40,1,944
20240802,40,1,933
20240803,40,1,923
20240804,40,1,919
20240805,40,1,917
20240806,40,1,910
20240807,40,1,901
20240808,40,1,900
20240809,40,1,899
20240810,40,1,892
20240811,40,1,889
20240812,40,1,879
20240813,40,1,873
20240814,40,1,866
20240815,40,1,862
20240816,40,1,855
20240817,40,1,852
20240818,40,1,847
20240819,40,1,847
20240820,40,1,842
20240821,40,1,833
20240822,40,1,829
20240823,40,1,829
20240824,40,1,820
20240825,40,1,817
20240826,40,1,810
20240827,40,1,802
20240828,40,1,799
20240829,40,1,796
20240830,40,1,790
20240831,40,1,785
20240901,40,1,952
20240902,40,1,952
20240903,40,1,949
20240904,40,1,948
20240905,40,1,939
20240906,40,1,929
20240907,40,1,920
20240908,40,1,917
20240909,40,1,913
20240910,40,1,902
20240911,40,1,901
20240912,40,1,897
20240913,40,1,892
20240914,40,1,888
20240915,40,1,877
20240916,40,1,868
20240917,40,1,857
20240918,40,1,855
20240919,40,1,855
20240920,40,1,845
20240921,40,1,844
20240922,40,1,837
20240923,40,1,827
20240924,40,1,827
20240925,40,1,820
20240926,40,1,809
20240927,40,1,798
20240928,40,1,795
20240929,40,1,792
20240930,40,1,790
20241001,40,1,1019
20241002,40,1,1009
20241003,40,1,1006
20241004,40,1,1000
20241005,40,1,992
20241006,40,1,984
20241007,40,1,984
20241008,40,1,974
20241009,40,1,963
20241010,40,1,956
20241011,40,1,952
20241012,40,1,943
20241013,40,1,941
20241014,40,1,939
20241015,40,1,928
20241016,40,1,924
20241017,40,1,916
20241018,40,1,912
20241019,40,1,903
20241020,40,1,894
20241021,40,1,888
20241022,40,1,884
20241023,40,1,876
20241024,40,1,874
20241025,40,1,871
20241026,40,1,871
20241027,40,1,865
20241028,40,1,858
20241029,40,1,854
20241030,40,1,846
20241031,40,1,841
20241101,40,1,1022
20241102,40,1,1012
20241103,40,1,1003
20241104,40,1,998
20241105,40,1,996
20241106,40,1,989
20241107,40,1,984
20241108,40,1,980
20241109,40,1,973
20241110,40,1,971
20241111,40,1,971
20241112,40,1,970
20241113,40,1,966
20241114,40,1,957
20241115,40,1,954
20241116,40,1,943
20241117,40,1,942
20241118,40,1,931
20241119,40,1,922
20241120,40,1,922
20241121,40,1,916
20241122,40,1,908
20241123,40,1,903
20241124,40,1,892
20241125,40,1,891
20241126,40,1,885
20241127,40,1,879
20241128,40,1,872
20241129,40,1,869
20241130,40,1,864
20241201,40,1,1031
20241202,40,1,1025
20241203,40,1,1017
20241204,40,1,1009
20241205,40,1,998
20241206,40,1,998
20241207,40,1,993
20241208,40,1,993
20241209,40,1,989
20241210,40,1,981
20241211,40,1,974
20241212,40,1,972
20241213,40,1,972
20241214,40,1,971
20241215,40,1,966
20241216,40,1,955
20241217,40,1,951
20241218,40,1,949
20241219,40,1,946
20241220,40,1,938
20241221,40,1,935
20241222,40,1,926
20241223,40,1,926
20241224,40,1,923
20241225,40,1,920
20241226,40,1,915
20241227,40,1,911
20241228,40,1,905
20241229,40,1,902
20241230,40,1,900
20241231,40,1,893
20250101,40,1,1077
20250102,40,1,1066
20250103,40,1,1064
20250104,40,1,1061
20250105,40,1,1050
20250106,40,1,1041
20250107,40,1,1036
20250108,40,1,1030
20250109,40,1,1028
20250110,40,1,1021
20250111,40,1,1010
20250112,40,1,1005
20250113,40,1,1000
20250114,40,1,993
20250115,40,1,984
20250116,40,1,978
20250117,40,1,973
20250118,40,1,968
20250119,40,1,968
20250120,40,1,959
20250121,40,1,955
20250122,40,1,945
20250123,40,1,941
20250124,40,1,938
20250125,40,1,928
20250126,40,1,927
20250127,40,1,918
20250128,40,1,909
20250129,40,1,907
20250130,40,1,905
20250131,40,1,902
20250201,40,1,1177
20250202,40,1,1176
20250203,40,1,1172
20250204,40,1,1171
20250205,40,1,1165
20250206,40,1,1163
20250207,40,1,1160
20250208,40,1,1160
20250209,40,1,1160
20250210,40,1,1152
20250211,40,1,1141
20250212,40,1,1137
20250213,40,1,1137
20250214,40,1,1126
20250215,40,1,1122
20250216,40,1,1118
20250217,40,1,1109
20250218,40,1,1101
20250219,40,1,1093
20250220,40,1,1085
20250221,40,1,1085
20250222,40,1,1082
20250223,40,1,1074
20250224,40,1,1064
20250225,40,1,1057
20250226,40,1,1053
20250227,40,1,1043
20250228,40,1,1037
20250301,40,1,1202
20250302,40,1,1192
20250303,40,1,1187
20250304,40,1,1181
20250305,40,1,1181
20250306,40,1,1174
20250307,40,1,1171
20250308,40,1,1170
20250309,40,1,1159
20250310,40,1,1155
20250311,40,1,1146
20250312,40,1,1138
20250313,40,1,1128
20250314,40,1,1123
20250315,40,1,1115
20250316,40,1,1104
20250317,40,1,1097
20250318,40,1,1090
20250319,40,1,1080
20250320,40,1,1076
20250321,40,1,1070
20250322,40,1,1062
20250323,40,1,1052
20250324,40,1,1043
20250325,40,1,1039
20250326,40,1,1030
20250327,40,1,1023
20250328,40,1,1018
20250329,40,1,1013
20250330,40,1,1004
20250331,40,1,1004
20250401,40,1,1294
20250402,40,1,1286
20250403,40,1,1275
20250404,40,1,1273
20250405,40,1,1266
20250406,40,1,1260
20250407,40,1,1260
20250408,40,1,1253
20250409,40,1,1242
20250410,40,1,1232
20250411,40,1,1221
20250412,40,1,1216
20250413,40,1,1208
20250414,40,1,1206
20250415,40,1,1203
20250416,40,1,1192
20250417,40,1,1189
20250418,40,1,1181
20250419,40,1,1171
20250420,40,1,1164
20250421,40,1,1164
20250422,40,1,1153
20250423,40,1,1151
20250424,40,1,1140
20250425,40,1,1139
20250426,40,1,1135
20250427,40,1,1127
20250428,40,1,1127
20250429,40,1,1123
20250430,40,1,1113
20250501,40,1,1394
20250502,40,1,1385
20250503,40,1,1376
20250504,40,1,1365
20250505,40,1,1360
20250506,40,1,1357
20250507,40,1,1347
20250508,40,1,1342
20250509,40,1,1335
20250510,40,1,1328
20250511,40,1,1319
20250512,40,1,1308
20250513,40,1,1304
20250514,40,1,1300
20250515,40,1,1290
20250516,40,1,1287
20250517,40,1,1280
20250518,40,1,1273
20250519,40,1,1268
20250520,40,1,1261
20250521,40,1,1253
20250522,40,1,1251
20250523,40,1,1249
20250524,40,1,1244
20250525,40,1,1234
20250526,40,1,1230
20250527,40,1,1225
20250528,40,1,1220
20250529,40,1,1211
20250530,40,1,1210
20250531,40,1,1203
20250601,40,1,1448
20250602,40,1,1446
20250603,40,1,1438
20250604,40,1,1438
20250605,40,1,1436
20250606,40,1,1431
20250607,40,1,1431
20250608,40,1,1431
20250609,40,1,1424
20250610,40,1,1417
20250611,40,1,1406
20250612,40,1,1399
20250613,40,1,1398
20250614,40,1,1392
20250615,40,1,1392
20250616,40,1,1391
20250617,40,1,1389
20250618,40,1,1388
20250619,40,1,1377
20250620,40,1,1370
20250621,40,1,1363
20250622,40,1,1363
20250623,40,1,1362
20250624,40,1,1361
20250625,40,1,1354
20250626,40,1,1345
20250627,40,1,1338
20250628,40,1,1336
20250629,40,1,1333
20250630,40,1,1328
20250701,40,1,1543
20250702,40,1,1538
20250703,40,1,1536
20250704,40,1,1534
20250705,40,1,1524
20250706,40,1,1523
20250707,40,1,1514
20250708,40,1,1514
20250709,40,1,1512
20250710,40,1,1502
20250711,40,1,1500
20250712,40,1,1500
20250713,40,1,1495
20250714,40,1,1493
20250715,40,1,1486
20250716,40,1,1480
20250717,40,1,1474
20250718,40,1,1474
20250719,40,1,1471
20250720,40,1,1471
20250721,40,1,1460
20250722,40,1,1459
20250723,40,1,1449
20250724,40,1,1439
20250725,40,1,1432
20250726,40,1,1423
20250727,40,1,1413
20250728,40,1,1403
20250729,40,1,1400
20250730,40,1,1391
20250731,40,1,1388
20250801,40,1,1554
20250802,40,1,1543
20250803,40,1,1542
20250804,40,1,1536
20250805,40,1,1535
20250806,40,1,1530
20250807,40,1,1520
20250808,40,1,1509
20250809,40,1,1499
20250810,40,1,1489
20250811,40,1,1483
20250812,40,1,1483
20250813,40,1,1476
20250814,40,1,1471
20250815,40,1,1469
20250816,40,1,1461
20250817,40,1,1461
20250818,40,1,1460
20250819,40,1,1455
20250820,40,1,1453
20250821,40,1,1445
20250822,40,1,1436
20250823,40,1,1428
20250824,40,1,1427
20250825,40,1,1420
20250826,40,1,1409
20250827,40,1,1398
20250828,40,1,1397
20250829,40,1,1395
20250830,40,1,1393
20250831,40,1,1390
20250901,40,1,1676
20250902,40,1,1670
20250903,40,1,1659
20250904,40,1,1650
20250905,40,1,1645
20250906,40,1,1639
20250907,40,1,1635
20250908,40,1,1627
20250909,40,1,1616
20250910,40,1,1610
20250911,40,1,1605
20250912,40,1,1595
20250913,40,1,1591
20250914,40,1,1591
20250915,40,1,1589
20250916,40,1,1582
20250917,40,1,1577
20250918,40,1,1567
20250919,40,1,1559
20250920,40,1,1553
20250921,40,1,1543
20250922,40,1,1535
20250923,40,1,1533
20250924,40,1,1525
20250925,40,1,1517
20250926,40,1,1506
20250927,40,1,1506
20250928,40,1,1505
20250929,40,1,1496
20250930,40,1,1485
20251001,40,1,1666
20251002,40,1,1666
20251003,40,1,1658
20251004,40,1,1654
20251005,40,1,1647
20251006,40,1,1637
20251007,40,1,1631
20251008,40,1,1629
20251009,40,1,1618
20251010,40,1,1615
20251011,40,1,1609
20251012,40,1,1607
20251013,40,1,1597
20251014,40,1,1586
20251015,40,1,1582
20251016,40,1,1577
20251017,40,1,1572
20251018,40,1,1561
20251019,40,1,1554
20251020,40,1,1553
20251021,40,1,1544
20251022,40,1,1539
20251023,40,1,1539
20251024,40,1,1534
20251025,40,1,1534
20251026,40,1,1531
20251027,40,1,1523
20251028,40,1,1518
20251029,40,1,1513
20251030,40,1,1509
20251031,40,1,1499
20251101,40,1,1674
20251102,40,1,1670
20251103,40,1,1666
20251104,40,1,1659
20251105,40,1,1650
20251106,40,1,1645
20251107,40,1,1638
20251108,40,1,1634
20251109,40,1,1625
20251110,40,1,1615
20251111,40,1,1605
20251112,40,1,1598
20251113,40,1,1595
20251114,40,1,1588
20251115,40,1,1581
20251116,40,1,1579
20251117,40,1,1569
20251118,40,1,1560
20251119,40,1,1555
20251120,40,1,1555
20251121,40,1,1547
20251122,40,1,1545
20251123,40,1,1537
20251124,40,1,1533
20251125,40,1,1525
20251126,40,1,1515
20251127,40,1,1514
20251128,40,1,1514
20251129,40,1,1506
20251130,40,1,1501
20251201,40,1,1754
20251202,40,1,1744
20251203,40,1,1742
20251204,40,1,1741
20251205,40,1,1737
20251206,40,1,1728
20251207,40,1,1727
20251208,40,1,1721
20251209,40,1,1712
20251210,40,1,1706
20251211,40,1,1706
20251212,40,1,1704
20251213,40,1,1697
20251214,40,1,1690
20251215,40,1,1689
20251216,40,1,1685
20251217,40,1,1684
20251218,40,1,1678
20251219,40,1,1673
20251220,40,1,1666
20251221,40,1,1662
20251222,40,1,1651
20251223,40,1,1651
20251224,40,1,1649
20251225,40,1,1649
20251226,40,1,1639
20251227,40,1,1636
20251228,40,1,1636
20251229,40,1,1627
20251230,40,1,1617
20251231,40,1,1607
20260101,40,1,1788
20260102,40,1,1785
20260103,40,1,1783
20260104,40,1,1774
20260105,40,1,1770
20260106,40,1,1765
20260107,40,1,1758
20260108,40,1,1753
20260109,40,1,1750
20260110,40,1,1748
20260111,40,1,1746
20260112,40,1,1745
20260113,40,1,1738
20260114,40,1,1736
20260115,40,1,1728
20260116,40,1,1724
20260117,40,1,1719
20260118,40,1,1709
20260119,40,1,1701
20260120,40,1,1698
20260121,40,1,1698
20260122,40,1,1690
20260123,40,1,1687
20260124,40,1,1687
20260125,40,1,1680
20260126,40,1,1671
20260127,40,1,1664
20260128,40,1,1655
20260129,40,1,1653
20260130,40,1,1643
20260131,40,1,1640
20260201,40,1,1866
20260202,40,1,1859
20260203,40,1,1849
20260204,40,1,1838
20260205,40,1,1835
20260206,40,1,1831
20260207,40,1,1821
20260208,40,1,1818
20260209,40,1,1808
20260210,40,1,1802
20260211,40,1,1796
20260212,40,1,1785
20260213,40,1,1775
20260214,40,1,1764
20260215,40,1,1764
20260216,40,1,1763
20260217,40,1,1762
20260218,40,1,1756
20260219,40,1,1752
20260220,40,1,1750
20260221,40,1,1742
20260222,40,1,1740
20260223,40,1,1729
20260224,40,1,1725
20260225,40,1,1720
20260226,40,1,1720
20260227,40,1,1720
20260228,40,1,1719
20260301,40,1,1895
20260302,40,1,1890
20260303,40,1,1882
20260304,40,1,1874
20260305,40,1,1865
20260306,40,1,1858
20260307,40,1,1857
20260308,40,1,1847
20260309,40,1,1837
20260310,40,1,1834
20260311,40,1,1824
20260312,40,1,1818
20260313,40,1,1814
20260314,40,1,1813
20260315,40,1,1802
20260316,40,1,1795
20260317,40,1,1790
20260318,40,1,1781
20260319,40,1,1772
20260320,40,1,1766
20260321,40,1,1764
20260322,40,1,1759
20260323,40,1,1752
20260324,40,1,1750
20260325,40,1,1749
20260326,40,1,1738
20260327,40,1,1732
20260328,40,1,1725
20260329,40,1,1720
20260330,40,1,1711
20260331,40,1,1707
20240401,20,1,469
20240402,20,1,460
20240403,20,1,455
20240404,20,1,451
20240405,20,1,445
20240406,20,1,440
20240407,20,1,436
20240408,20,1,433
20240409,20,1,429
20240410,20,1,426
20240411,20,1,421
20240412,20,1,410
20240413,20,1,406
20240414,20,1,399
20240415,20,1,399
20240416,20,1,399
20240417,20,1,391
20240418,20,1,383
20240419,20,1,374
20240420,20,1,368
20240421,20,1,365
20240422,20,1,364
20240423,20,1,353
20240424,20,1,351
20240425,20,1,340
20240426,20,1,337
20240427,20,1,331
20240428,20,1,330
20240429,20,1,321
20240430,20,1,317
20240501,20,1,547
20240502,20,1,544
20240503,20,1,540
20240504,20,1,540
20240505,20,1,532
20240506,20,1,528
20240507,20,1,520
20240508,20,1,518
20240509,20,1,518
20240510,20,1,507
20240511,20,1,505
20240512,20,1,494
20240513,20,1,486
20240514,20,1,480
20240515,20,1,473
20240516,20,1,467
20240517,20,1,463
20240518,20,1,452
20240519,20,1,452
20240520,20,1,444
20240521,20,1,437
20240522,20,1,436
20240523,20,1,429
20240524,20,1,418
20240525,20,1,415
20240526,20,1,409
20240527,20,1,405
20240528,20,1,405
20240529,20,1,405
20240530,20,1,403
20240531,20,1,396
20240601,20,1,665
20240602,20,1,664
20240603,20,1,654
20240604,20,1,644
20240605,20,1,638
20240606,20,1,629
20240607,20,1,627
20240608,20,1,627
20240609,20,1,617
20240610,20,1,614
20240611,20,1,610
20240612,20,1,604
20240613,20,1,597
20240614,20,1,597
20240615,20,1,590
20240616,20,1,584
20240617,20,1,576
20240618,20,1,565
20240619,20,1,557
20240620,20,1,550
20240621,20,1,540
20240622,20,1,535
20240623,20,1,535
20240624,20,1,525
20240625,20,1,514
20240626,20,1,503
20240627,20,1,493
20240628,20,1,483
20240629,20,1,475
20240630,20,1,475
20240701,20,1,736
20240702,20,1,735
20240703,20,1,728
20240704,20,1,717
20240705,20,1,715
20240706,20,1,714
20240707,20,1,708
20240708,20,1,704
20240709,20,1,694
20240710,20,1,692
20240711,20,1,681
20240712,20,1,678
20240713,20,1,674
20240714,20,1,666
20240715,20,1,656
20240716,20,1,651
20240717,20,1,645
20240718,20,1,638
20240719,20,1,631
20240720,20,1,622
20240721,20,1,621
20240722,20,1,610
20240723,20,1,610
20240724,20,1,608
20240725,20,1,599
20240726,20,1,596
20240727,20,1,589
20240728,20,1,588
20240729,20,1,579
20240730,20,1,576
20240731,20,1,575
20240801,20,1,739
20240802,20,1,731
20240803,20,1,731
20240804,20,1,724
20240805,20,1,717
20240806,20,1,714
20240807,20,1,707
20240808,20,1,704
20240809,20,1,699
20240810,20,1,699
20240811,20,1,698
20240812,20,1,697
20240813,20,1,697
20240814,20,1,693
20240815,20,1,690
20240816,20,1,687
20240817,20,1,687
20240818,20,1,678
20240819,20,1,667
20240820,20,1,659
20240821,20,1,657
20240822,20,1,648
20240823,20,1,645
20240824,20,1,642
20240825,20,1,633
20240826,20,1,631
20240827,20,1,620
20240828,20,1,610
20240829,20,1,603
20240830,20,1,597
20240831,20,1,594
20240901,20,1,837
20240902,20,1,830
20240903,20,1,830
20240904,20,1,826
20240905,20,1,825
20240906,20,1,821
20240907,20,1,813
20240908,20,1,812
20240909,20,1,803
20240910,20,1,794
20240911,20,1,791
20240912,20,1,789
20240913,20,1,781
20240914,20,1,772
20240915,20,1,765
20240916,20,1,764
20240917,20,1,758
20240918,20,1,755
20240919,20,1,752
20240920,20,1,746
20240921,20,1,735
20240922,20,1,733
20240923,20,1,731
20240924,20,1,729
20240925,20,1,727
20240926,20,1,716
20240927,20,1,715
20240928,20,1,713
20240929,20,1,706
20240930,20,1,702
20241001,20,1,980
20241002,20,1,979
20241003,20,1,974
20241004,20,1,973
20241005,20,1,968
20241006,20,1,958
20241007,20,1,953
20241008,20,1,946
20241009,20,1,942
20241010,20,1,931
20241011,20,1,924
20241012,20,1,916
20241013,20,1,907
20241014,20,1,898
20241015,20,1,887
20241016,20,1,882
20241017,20,1,881
20241018,20,1,879
20241019,20,1,877
20241020,20,1,871
20241021,20,1,870
20241022,20,1,866
20241023,20,1,858
20241024,20,1,853
20241025,20,1,849
20241026,20,1,843
20241027,20,1,842
20241028,20,1,842
20241029,20,1,834
20241030,20,1,827
20241031,20,1,819
20241101,20,1,1020
20241102,20,1,1011
20241103,20,1,1003
20241104,20,1,1003
20241105,20,1,992
20241106,20,1,986
20241107,20,1,983
20241108,20,1,979
20241109,20,1,973
20241110,20,1,972
20241111,20,1,972
20241112,20,1,968
20241113,20,1,957
20241114,20,1,953
20241115,20,1,943
20241116,20,1,934
20241117,20,1,924
20241118,20,1,923
20241119,20,1,912
20241120,20,1,903
20241121,20,1,893
20241122,20,1,893
20241123,20,1,890
20241124,20,1,884
20241125,20,1,877
20241126,20,1,870
20241127,20,1,859
20241128,20,1,859
20241129,20,1,856
20241130,20,1,856
20241201,20,1,1082
20241202,20,1,1075
20241203,20,1,1071
20241204,20,1,1068
20241205,20,1,1064
20241206,20,1,1057
20241207,20,1,1046
20241208,20,1,1044
20241209,20,1,1042
20241210,20,1,1031
20241211,20,1,1021
20241212,20,1,1011
20241213,20,1,1000
20241214,20,1,998
20241215,20,1,996
20241216,20,1,989
20241217,20,1,980
20241218,20,1,971
20241219,20,1,960
20241220,20,1,950
20241221,20,1,948
20241222,20,1,945
20241223,20,1,939
20241224,20,1,936
20241225,20,1,927
20241226,20,1,918
20241227,20,1,910
20241228,20,1,910
20241229,20,1,901
20241230,20,1,898
20241231,20,1,894
20250101,20,1,1126
20250102,20,1,1118
20250103,20,1,1110
20250104,20,1,1105
20250105,20,1,1101
20250106,20,1,1098
20250107,20,1,1091
20250108,20,1,1080
20250109,20,1,1075
20250110,20,1,1064
20250111,20,1,1059
20250112,20,1,1059
20250113,20,1,1049
20250114,20,1,1045
20250115,20,1,1038
20250116,20,1,1033
20250117,20,1,1026
20250118,20,1,1017
20250119,20,1,1006
20250120,20,1,995
20250121,20,1,992
20250122,20,1,992
20250123,20,1,984
20250124,20,1,982
20250125,20,1,978
20250126,20,1,969
20250127,20,1,962
20250128,20,1,955
20250129,20,1,946
20250130,20,1,939
20250131,20,1,928
20250201,20,1,1102
20250202,20,1,1097
20250203,20,1,1088
20250204,20,1,1078
20250205,20,1,1074
20250206,20,1,1063
20250207,20,1,1056
20250208,20,1,1054
20250209,20,1,1044
20250210,20,1,1042
20250211,20,1,1034
20250212,20,1,1023
20250213,20,1,1015
20250214,20,1,1009
20250215,20,1,999
20250216,20,1,997
20250217,20,1,994
20250218,20,1,987
20250219,20,1,979
20250220,20,1,976
20250221,20,1,969
20250222,20,1,960
20250223,20,1,954
20250224,20,1,953
20250225,20,1,942
20250226,20,1,938
20250227,20,1,934
20250228,20,1,928
20250301,20,1,1113
20250302,20,1,1103
20250303,20,1,1094
20250304,20,1,1092
20250305,20,1,1086
20250306,20,1,1078
20250307,20,1,1067
20250308,20,1,1056
20250309,20,1,1056
20250310,20,1,1047
20250311,20,1,1046
20250312,20,1,1039
20250313,20,1,1032
20250314,20,1,1021
20250315,20,1,1015
20250316,20,1,1010
20250317,20,1,1003
20250318,20,1,1003
20250319,20,1,1003
20250320,20,1,995
20250321,20,1,990
20250322,20,1,982
20250323,20,1,977
20250324,20,1,967
20250325,20,1,964
20250326,20,1,960
20250327,20,1,957
20250328,20,1,956
20250329,20,1,955
20250330,20,1,954
20250331,20,1,953
20250401,20,1,1149
20250402,20,1,1140
20250403,20,1,1131
20250404,20,1,1125
20250405,20,1,1118
20250406,20,1,1116
20250407,20,1,1113
20250408,20,1,1111
20250409,20,1,1106
20250410,20,1,1102
20250411,20,1,1100
20250412,20,1,1095
20250413,20,1,1094
20250414,20,1,1084
20250415,20,1,1075
20250416,20,1,1064
20250417,20,1,1061
20250418,20,1,1054
20250419,20,1,1045
20250420,20,1,1041
20250421,20,1,1030
20250422,20,1,1028
20250423,20,1,1026
20250424,20,1,1020
20250425,20,1,1016
20250426,20,1,1009
20250427,20,1,999
20250428,20,1,996
20250429,20,1,988
20250430,20,1,985
20250501,20,1,1132
20250502,20,1,1126
20250503,20,1,1119
20250504,20,1,1115
20250505,20,1,1110
20250506,20,1,1101
20250507,20,1,1095
20250508,20,1,1094
20250509,20,1,1088
20250510,20,1,1087
20250511,20,1,1085
20250512,20,1,1074
20250513,20,1,1064
20250514,20,1,1054
20250515,20,1,1053
20250516,20,1,1042
20250517,20,1,1040
20250518,20,1,1038
20250519,20,1,1032
20250520,20,1,1028
20250521,20,1,1023
20250522,20,1,1013
20250523,20,1,1006
20250524,20,1,1003
20250525,20,1,992
20250526,20,1,984
20250527,20,1,981
20250528,20,1,981
20250529,20,1,980
20250530,20,1,978
20250531,20,1,977
20250601,20,1,1265
20250602,20,1,1254
20250603,20,1,1245
20250604,20,1,1245
20250605,20,1,1240
20250606,20,1,1240
20250607,20,1,1237
20250608,20,1,1234
20250609,20,1,1226
20250610,20,1,1224
20250611,20,1,1215
20250612,20,1,1207
20250613,20,1,1196
20250614,20,1,1190
20250615,20,1,1186
20250616,20,1,1178
20250617,20,1,1170
20250618,20,1,1168
20250619,20,1,1165
20250620,20,1,1158
20250621,20,1,1148
20250622,20,1,1142
20250623,20,1,1132
20250624,20,1,1126
20250625,20,1,1119
20250626,20,1,1115
20250627,20,1,1108
20250628,20,1,1108
20250629,20,1,1101
20250630,20,1,1097
20250701,20,1,1324
20250702,20,1,1319
20250703,20,1,1311
20250704,20,1,1303
20250705,20,1,1301
20250706,20,1,1290
20250707,20,1,1284
20250708,20,1,1276
20250709,20,1,1275
20250710,20,1,1272
20250711,20,1,1261
20250712,20,1,1255
20250713,20,1,1255
20250714,20,1,1248
20250715,20,1,1238
20250716,20,1,1238
20250717,20,1,1236
20250718,20,1,1231
20250719,20,1,1227
20250720,20,1,1226
20250721,20,1,1224
20250722,20,1,1218
20250723,20,1,1211
20250724,20,1,1210
20250725,20,1,1202
20250726,20,1,1198
20250727,20,1,1187
20250728,20,1,1176
20250729,20,1,1169
20250730,20,1,1169
20250731,20,1,1168
20250801,20,1,1354
20250802,20,1,1350
20250803,20,1,1341
20250804,20,1,1334
20250805,20,1,1331
20250806,20,1,1320
20250807,20,1,1310
20250808,20,1,1303
20250809,20,1,1301
20250810,20,1,1291
20250811,20,1,1283
20250812,20,1,1282
20250813,20,1,1280
20250814,20,1,1277
20250815,20,1,1270
20250816,20,1,1260
20250817,20,1,1259
20250818,20,1,1259
20250819,20,1,1251
20250820,20,1,1246
20250821,20,1,1246
20250822,20,1,1241
20250823,20,1,1241
20250824,20,1,1230
20250825,20,1,1220
20250826,20,1,1215
20250827,20,1,1206
20250828,20,1,1196
20250829,20,1,1196
20250830,20,1,1189
20250831,20,1,1187
20250901,20,1,1374
20250902,20,1,1373
20250903,20,1,1362
20250904,20,1,1357
20250905,20,1,1347
20250906,20,1,1347
20250907,20,1,1338
20250908,20,1,1334
20250909,20,1,1326
20250910,20,1,1320
20250911,20,1,1314
20250912,20,1,1308
20250913,20,1,1303
20250914,20,1,1298
20250915,20,1,1287
20250916,20,1,1276
20250917,20,1,1269
20250918,20,1,1268
20250919,20,1,1268
20250920,20,1,1257
20250921,20,1,1255
20250922,20,1,1247
20250923,20,1,1239
20250924,20,1,1230
20250925,20,1,1227
20250926,20,1,1220
20250927,20,1,1215
20250928,20,1,1213
20250929,20,1,1205
20250930,20,1,1196
20251001,20,1,1413
20251002,20,1,1406
20251003,20,1,1397
20251004,20,1,1388
20251005,20,1,1378
20251006,20,1,1371
20251007,20,1,1371
20251008,20,1,1360
20251009,20,1,1349
20251010,20,1,1341
20251011,20,1,1330
20251012,20,1,1328
20251013,20,1,1318
20251014,20,1,1317
20251015,20,1,1310
20251016,20,1,1304
20251017,20,1,1294
20251018,20,1,1288
20251019,20,1,1281
20251020,20,1,1278
20251021,20,1,1273
20251022,20,1,1269
20251023,20,1,1258
20251024,20,1,1252
20251025,20,1,1250
20251026,20,1,1250
20251027,20,1,1240
20251028,20,1,1233
20251029,20,1,1228
20251030,20,1,1225
20251031,20,1,1222
20251101,20,1,1459
20251102,20,1,1453
20251103,20,1,1446
20251104,20,1,1435
20251105,20,1,1433
20251106,20,1,1426
20251107,20,1,1417
20251108,20,1,1412
20251109,20,1,1408
20251110,20,1,1402
20251111,20,1,1394
20251112,20,1,1390
20251113,20,1,1389
20251114,20,1,1388
20251115,20,1,1388
20251116,20,1,1378
20251117,20,1,1377
20251118,20,1,1370
20251119,20,1,1368
20251120,20,1,1362
20251121,20,1,1353
20251122,20,1,1352
20251123,20,1,1347
20251124,20,1,1342
20251125,20,1,1333
20251126,20,1,1327
20251127,20,1,1319
20251128,20,1,1312
20251129,20,1,1310
20251130,20,1,1304
20251201,20,1,1586
20251202,20,1,1577
20251203,20,1,1570
20251204,20,1,1569
20251205,20,1,1568
20251206,20,1,1562
20251207,20,1,1560
20251208,20,1,1556
20251209,20,1,1551
20251210,20,1,1546
20251211,20,1,1538
20251212,20,1,1534
20251213,20,1,1533
20251214,20,1,1528
20251215,20,1,1518
20251216,20,1,1514
20251217,20,1,1505
20251218,20,1,1500
20251219,20,1,1498
20251220,20,1,1492
20251221,20,1,1487
20251222,20,1,1479
20251223,20,1,1471
20251224,20,1,1470
20251225,20,1,1470
20251226,20,1,1469
20251227,20,1,1461
20251228,20,1,1456
20251229,20,1,1452
20251230,20,1,1447
20251231,20,1,1447
20260101,20,1,1680
20260102,20,1,1673
20260103,20,1,1672
20260104,20,1,1669
20260105,20,1,1658
20260106,20,1,1651
20260107,20,1,1641
20260108,20,1,1636
20260109,20,1,1628
20260110,20,1,1623
20260111,20,1,1616
20260112,20,1,1609
20260113,20,1,1609
20260114,20,1,1602
20260115,20,1,1601
20260116,20,1,1594
20260117,20,1,1593
20260118,20,1,1584
20260119,20,1,1577
20260120,20,1,1572
20260121,20,1,1561
20260122,20,1,1550
20260123,20,1,1547
20260124,20,1,1536
20260125,20,1,1531
20260126,20,1,1527
20260127,20,1,1516
20260128,20,1,1506
20260129,20,1,1496
20260130,20,1,1491
20260131,20,1,1484
20260201,20,1,1780
20260202,20,1,1769
20260203,20,1,1758
20260204,20,1,1753
20260205,20,1,1753
20260206,20,1,1749
20260207,20,1,1748
20260208,20,1,1740
20260209,20,1,1736
20260210,20,1,1732
20260211,20,1,1726
20260212,20,1,1719
20260213,20,1,1718
20260214,20,1,1713
20260215,20,1,1712
20260216,20,1,1706
20260217,20,1,1703
20260218,20,1,1699
20260219,20,1,1697
20260220,20,1,1688
20260221,20,1,1685
20260222,20,1,1678
20260223,20,1,1671
20260224,20,1,1663
20260225,20,1,1663
20260226,20,1,1654
20260227,20,1,1647
20260228,20,1,1638
20260301,20,1,1892
20260302,20,1,1884
20260303,20,1,1881
20260304,20,1,1877
20260305,20,1,1873
20260306,20,1,1869
20260307,20,1,1863
20260308,20,1,1855
20260309,20,1,1853
20260310,20,1,1850
20260311,20,1,1841
20260312,20,1,1832
20260313,20,1,1830
20260314,20,1,1829
20260315,20,1,1825
20260316,20,1,1824
20260317,20,1,1817
20260318,20,1,1809
20260319,20,1,1801
20260320,20,1,1797
20260321,20,1,1793
20260322,20,1,1788
20260323,20,1,1779
20260324,20,1,1768
20260325,20,1,1758
20260326,20,1,1754
20260327,20,1,1753
20260328,20,1,1753
20260329,20,1,1743
20260330,20,1,1732
20260331,20,1,1726
20240401,27,1,429
20240402,27,1,420
20240403,27,1,411
20240404,27,1,402
20240405,27,1,401
20240406,27,1,393
20240407,27,1,382
20240408,27,1,378
20240409,27,1,372
20240410,27,1,369
20240411,27,1,360
20240412,27,1,356
20240413,27,1,345
20240414,27,1,339
20240415,27,1,335
20240416,27,1,329
20240417,27,1,329
20240418,27,1,318
20240419,27,1,313
20240420,27,1,308
20240421,27,1,304
20240422,27,1,297
20240423,27,1,288
20240424,27,1,281
20240425,27,1,280
20240426,27,1,272
20240427,27,1,265
20240428,27,1,254
20240429,27,1,251
20240430,27,1,242
20240501,27,1,523
20240502,27,1,513
20240503,27,1,504
20240504,27,1,495
20240505,27,1,484
20240506,27,1,482
20240507,27,1,482
20240508,27,1,475
20240509,27,1,468
20240510,27,1,458
20240511,27,1,451
20240512,27,1,450
20240513,27,1,444
20240514,27,1,440
20240515,27,1,430
20240516,27,1,422
20240517,27,1,413
20240518,27,1,405
20240519,27,1,403
20240520,27,1,393
20240521,27,1,392
20240522,27,1,389
20240523,27,1,388
20240524,27,1,387
20240525,27,1,377
20240526,27,1,376
20240527,27,1,375
20240528,27,1,374
20240529,27,1,367
20240530,27,1,365
20240531,27,1,357
20240601,27,1,544
20240602,27,1,543
20240603,27,1,541
20240604,27,1,539
20240605,27,1,529
20240606,27,1,523
20240607,27,1,518
20240608,27,1,508
20240609,27,1,503
20240610,27,1,493
20240611,27,1,489
20240612,27,1,478
20240613,27,1,476
20240614,27,1,470
20240615,27,1,465
20240616,27,1,455
20240617,27,1,452
20240618,27,1,448
20240619,27,1,445
20240620,27,1,438
20240621,27,1,436
20240622,27,1,431
20240623,27,1,424
20240624,27,1,422
20240625,27,1,419
20240626,27,1,418
20240627,27,1,417
20240628,27,1,406
20240629,27,1,397
20240630,27,1,395
20240701,27,1,630
20240702,27,1,620
20240703,27,1,611
20240704,27,1,602
20240705,27,1,599
20240706,27,1,595
20240707,27,1,585
20240708,27,1,579
20240709,27,1,573
20240710,27,1,562
20240711,27,1,553
20240712,27,1,549
20240713,27,1,549
20240714,27,1,547
20240715,27,1,538
20240716,27,1,537
20240717,27,1,534
20240718,27,1,523
20240719,27,1,518
20240720,27,1,516
20240721,27,1,510
20240722,27,1,499
20240723,27,1,497
20240724,27,1,490
20240725,27,1,481
20240726,27,1,474
20240727,27,1,464
20240728,27,1,460
20240729,27,1,451
20240730,27,1,447
20240731,27,1,447
20240801,27,1,644
20240802,27,1,636
20240803,27,1,632
20240804,27,1,624
20240805,27,1,616
20240806,27,1,610
20240807,27,1,599
20240808,27,1,594
20240809,27,1,586
20240810,27,1,579
20240811,27,1,571
20240812,27,1,566
20240813,27,1,561
20240814,27,1,552
20240815,27,1,542
20240816,27,1,542
20240817,27,1,531
20240818,27,1,521
20240819,27,1,514
20240820,27,1,508
20240821,27,1,503
20240822,27,1,497
20240823,27,1,495
20240824,27,1,491
20240825,27,1,480
20240826,27,1,474
20240827,27,1,470
20240828,27,1,468
20240829,27,1,459
20240830,27,1,454
20240831,27,1,448
20240901,27,1,657
20240902,27,1,654
20240903,27,1,647
20240904,27,1,645
20240905,27,1,639
20240906,27,1,629
20240907,27,1,627
20240908,27,1,617
20240909,27,1,616
20240910,27,1,611
20240911,27,1,604
20240912,27,1,602
20240913,27,1,600
20240914,27,1,595
20240915,27,1,595
20240916,27,1,584
20240917,27,1,581
20240918,27,1,572
20240919,27,1,569
20240920,27,1,560
20240921,27,1,558
20240922,27,1,550
20240923,27,1,542
20240924,27,1,534
20240925,27,1,534
20240926,27,1,533
20240927,27,1,523
20240928,27,1,519
20240929,27,1,510
20240930,27,1,501
20241001,27,1,753
20241002,27,1,749
20241003,27,1,749
20241004,27,1,749
20241005,27,1,739
20241006,27,1,734
20241007,27,1,725
20241008,27,1,724
20241009,27,1,723
20241010,27,1,717
20241011,27,1,711
20241012,27,1,707
20241013,27,1,707
20241014,27,1,704
20241015,27,1,703
20241016,27,1,702
20241017,27,1,699
20241018,27,1,692
20241019,27,1,684
20241020,27,1,675
20241021,27,1,672
20241022,27,1,666
20241023,27,1,657
20241024,27,1,652
20241025,27,1,652
20241026,27,1,647
20241027,27,1,647
20241028,27,1,643
20241029,27,1,640
20241030,27,1,630
20241031,27,1,622
20241101,27,1,859
20241102,27,1,848
20241103,27,1,845
20241104,27,1,839
20241105,27,1,833
20241106,27,1,833
20241107,27,1,833
20241108,27,1,829
20241109,27,1,829
20241110,27,1,821
20241111,27,1,821
20241112,27,1,819
20241113,27,1,818
20241114,27,1,813
20241115,27,1,803
20241116,27,1,803
20241117,27,1,796
20241118,27,1,790
20241119,27,1,780
20241120,27,1,773
20241121,27,1,763
20241122,27,1,755
20241123,27,1,746
20241124,27,1,741
20241125,27,1,737
20241126,27,1,731
20241127,27,1,730
20241128,27,1,722
20241129,27,1,721
20241130,27,1,710
20241201,27,1,862
20241202,27,1,860
20241203,27,1,858
20241204,27,1,858
20241205,27,1,847
20241206,27,1,839
20241207,27,1,836
20241208,27,1,832
20241209,27,1,830
20241210,27,1,824
20241211,27,1,820
20241212,27,1,815
20241213,27,1,811
20241214,27,1,808
20241215,27,1,802
20241216,27,1,801
20241217,27,1,795
20241218,27,1,789
20241219,27,1,788
20241220,27,1,778
20241221,27,1,767
20241222,27,1,759
20241223,27,1,748
20241224,27,1,737
20241225,27,1,729
20241226,27,1,725
20241227,27,1,723
20241228,27,1,713
20241229,27,1,708
20241230,27,1,700
20241231,27,1,690
20250101,27,1,973
20250102,27,1,970
20250103,27,1,970
20250104,27,1,961
20250105,27,1,961
20250106,27,1,955
20250107,27,1,952
20250108,27,1,947
20250109,27,1,937
20250110,27,1,932
20250111,27,1,931
20250112,27,1,926
20250113,27,1,925
20250114,27,1,915
20250115,27,1,915
20250116,27,1,904
20250117,27,1,902
20250118,27,1,895
20250119,27,1,885
20250120,27,1,883
20250121,27,1,872
20250122,27,1,867
20250123,27,1,861
20250124,27,1,857
20250125,27,1,846
20250126,27,1,838
20250127,27,1,834
20250128,27,1,834
20250129,27,1,824
20250130,27,1,817
20250131,27,1,816
20250201,27,1,1033
20250202,27,1,1030
20250203,27,1,1025
20250204,27,1,1025
20250205,27,1,1023
20250206,27,1,1023
20250207,27,1,1012
20250208,27,1,1002
20250209,27,1,1001
20250210,27,1,995
20250211,27,1,993
20250212,27,1,987
20250213,27,1,982
20250214,27,1,982
20250215,27,1,973
20250216,27,1,964
20250217,27,1,964
20250218,27,1,962
20250219,27,1,961
20250220,27,1,957
20250221,27,1,952
20250222,27,1,945
20250223,27,1,938
20250224,27,1,937
20250225,27,1,932
20250226,27,1,923
20250227,27,1,913
20250228,27,1,903
20250301,27,1,1091
20250302,27,1,1090
20250303,27,1,1086
20250304,27,1,1083
20250305,27,1,1080
20250306,27,1,1070
20250307,27,1,1062
20250308,27,1,1052
20250309,27,1,1048
20250310,27,1,1044
20250311,27,1,1035
20250312,27,1,1035
20250313,27,1,1027
20250314,27,1,1019
20250315,27,1,1015
20250316,27,1,1004
20250317,27,1,1002
20250318,27,1,998
20250319,27,1,994
20250320,27,1,990
20250321,27,1,986
20250322,27,1,981
20250323,27,1,970
20250324,27,1,965
20250325,27,1,958
20250326,27,1,950
20250327,27,1,943
20250328,27,1,940
20250329,27,1,937
20250330,27,1,933
20250331,27,1,929
20250401,27,1,1197
20250402,27,1,1186
20250403,27,1,1175
20250404,27,1,1167
20250405,27,1,1159
20250406,27,1,1158
20250407,27,1,1157
20250408,27,1,1149
20250409,27,1,1138
20250410,27,1,1129
20250411,27,1,1126
20250412,27,1,1118
20250413,27,1,1111
20250414,27,1,1111
20250415,27,1,1101
20250416,27,1,1097
20250417,27,1,1090
20250418,27,1,1086
20250419,27,1,1075
20250420,27,1,1070
20250421,27,1,1060
20250422,27,1,1049
20250423,27,1,1049
20250424,27,1,1044
20250425,27,1,1036
20250426,27,1,1026
20250427,27,1,1018
20250428,27,1,1011
20250429,27,1,1007
20250430,27,1,1006
20250501,27,1,1292
20250502,27,1,1283
20250503,27,1,1283
20250504,27,1,1279
20250505,27,1,1269
20250506,27,1,1267
20250507,27,1,1264
20250508,27,1,1262
20250509,27,1,1254
20250510,27,1,1252
20250511,27,1,1244
20250512,27,1,1237
20250513,27,1,1227
20250514,27,1,1220
20250515,27,1,1216
20250516,27,1,1215
20250517,27,1,1210
20250518,27,1,1204
20250519,27,1,1193
20250520,27,1,1190
20250521,27,1,1186
20250522,27,1,1176
20250523,27,1,1165
20250524,27,1,1155
20250525,27,1,1153
20250526,27,1,1152
20250527,27,1,1148
20250528,27,1,1145
20250529,27,1,1142
20250530,27,1,1131
20250531,27,1,1125
20250601,27,1,1311
20250602,27,1,1302
20250603,27,1,1297
20250604,27,1,1297
20250605,27,1,1292
20250606,27,1,1288
20250607,27,1,1286
20250608,27,1,1279
20250609,27,1,1271
20250610,27,1,1267
20250611,27,1,1263
20250612,27,1,1254
20250613,27,1,1252
20250614,27,1,1241
20250615,27,1,1236
20250616,27,1,1230
20250617,27,1,1223
20250618,27,1,1218
20250619,27,1,1218
20250620,27,1,1210
20250621,27,1,1200
20250622,27,1,1191
20250623,27,1,1183
20250624,27,1,1183
20250625,27,1,1174
20250626,27,1,1169
20250627,27,1,1166
20250628,27,1,1161
20250629,27,1,1159
20250630,27,1,1156
20250701,27,1,1418
20250702,27,1,1412
20250703,27,1,1402
20250704,27,1,1401
20250705,27,1,1391
20250706,27,1,1386
20250707,27,1,1379
20250708,27,1,1369
20250709,27,1,1360
20250710,27,1,1349
20250711,27,1,1347
20250712,27,1,1345
20250713,27,1,1345
20250714,27,1,1337
20250715,27,1,1331
20250716,27,1,1324
20250717,27,1,1320
20250718,27,1,1316
20250719,27,1,1306
20250720,27,1,1304
20250721,27,1,1295
20250722,27,1,1294
20250723,27,1,1290
20250724,27,1,1290
20250725,27,1,1290
20250726,27,1,1290
20250727,27,1,1287
20250728,27,1,1276
20250729,27,1,1272
20250730,27,1,1265
20250731,27,1,1257
20250801,27,1,1528
20250802,27,1,1528
20250803,27,1,1526
20250804,27,1,1517
20250805,27,1,1508
20250806,27,1,1497
20250807,27,1,1489
20250808,27,1,1483
20250809,27,1,1479
20250810,27,1,1474
20250811,27,1,1474
20250812,27,1,1466
20250813,27,1,1466
20250814,27,1,1459
20250815,27,1,1452
20250816,27,1,1441
20250817,27,1,1431
20250818,27,1,1423
20250819,27,1,1416
20250820,27,1,1413
20250821,27,1,1404
20250822,27,1,1398
20250823,27,1,1392
20250824,27,1,1385
20250825,27,1,1382
20250826,27,1,1379
20250827,27,1,1379
20250828,27,1,1375
20250829,27,1,1366
20250830,27,1,1365
20250831,27,1,1360
20250901,27,1,1627
20250902,27,1,1616
20250903,27,1,1612
20250904,27,1,1608
20250905,27,1,1605
20250906,27,1,1601
20250907,27,1,1593
20250908,27,1,1585
20250909,27,1,1578
20250910,27,1,1573
20250911,27,1,1565
20250912,27,1,1561
20250913,27,1,1560
20250914,27,1,1549
20250915,27,1,1548
20250916,27,1,1538
20250917,27,1,1532
20250918,27,1,1521
20250919,27,1,1515
20250920,27,1,1515
20250921,27,1,1514
20250922,27,1,1513
20250923,27,1,1508
20250924,27,1,1499
20250925,27,1,1492
20250926,27,1,1483
20250927,27,1,1477
20250928,27,1,1476
20250929,27,1,1474
20250930,27,1,1473
20251001,27,1,1753
20251002,27,1,1753
20251003,27,1,1751
20251004,27,1,1748
20251005,27,1,1740
20251006,27,1,1740
20251007,27,1,1729
20251008,27,1,1726
20251009,27,1,1716
20251010,27,1,1708
20251011,27,1,1704
20251012,27,1,1704
20251013,27,1,1698
20251014,27,1,1698
20251015,27,1,1690
20251016,27,1,1688
20251017,27,1,1677
20251018,27,1,1677
20251019,27,1,1673
20251020,27,1,1669
20251021,27,1,1660
20251022,27,1,1658
20251023,27,1,1649
20251024,27,1,1646
20251025,27,1,1646
20251026,27,1,1636
20251027,27,1,1634
20251028,27,1,1629
20251029,27,1,1622
20251030,27,1,1622
20251031,27,1,1615
20251101,27,1,1838
20251102,27,1,1837
20251103,27,1,1827
20251104,27,1,1827
20251105,27,1,1816
20251106,27,1,1813
20251107,27,1,1813
20251108,27,1,1810
20251109,27,1,1805
20251110,27,1,1804
20251111,27,1,1801
20251112,27,1,1798
20251113,27,1,1797
20251114,27,1,1792
20251115,27,1,1792
20251116,27,1,1789
20251117,27,1,1788
20251118,27,1,1788
20251119,27,1,1783
20251120,27,1,1773
20251121,27,1,1769
20251122,27,1,1762
20251123,27,1,1761
20251124,27,1,1753
20251125,27,1,1745
20251126,27,1,1741
20251127,27,1,1738
20251128,27,1,1732
20251129,27,1,1725
20251130,27,1,1717
20251201,27,1,1892
20251202,27,1,1883
20251203,27,1,1874
20251204,27,1,1865
20251205,27,1,1856
20251206,27,1,1856
20251207,27,1,1853
20251208,27,1,1850
20251209,27,1,1847
20251210,27,1,1842
20251211,27,1,1840
20251212,27,1,1831
20251213,27,1,1825
20251214,27,1,1825
20251215,27,1,1816
20251216,27,1,1813
20251217,27,1,1807
20251218,27,1,1802
20251219,27,1,1798
20251220,27,1,1795
20251221,27,1,1791
20251222,27,1,1791
20251223,27,1,1783
20251224,27,1,1776
20251225,27,1,1770
20251226,27,1,1760
20251227,27,1,1754
20251228,27,1,1750
20251229,27,1,1743
20251230,27,1,1734
20251231,27,1,1726
20260101,27,1,1954
20260102,27,1,1943
20260103,27,1,1935
20260104,27,1,1927
20260105,27,1,1920
20260106,27,1,1909
20260107,27,1,1898
20260108,27,1,1894
20260109,27,1,1886
20260110,27,1,1879
20260111,27,1,1873
20260112,27,1,1867
20260113,27,1,1857
20260114,27,1,1847
20260115,27,1,1837
20260116,27,1,1834
20260117,27,1,1830
20260118,27,1,1829
20260119,27,1,1820
20260120,27,1,1812
20260121,27,1,1801
20260122,27,1,1793
20260123,27,1,1791
20260124,27,1,1788
20260125,27,1,1784
20260126,27,1,1775
20260127,27,1,1771
20260128,27,1,1760
20260129,27,1,1753
20260130,27,1,1749
20260131,27,1,1738
20260201,27,1,1966
20260202,27,1,1962
20260203,27,1,1953
20260204,27,1,1952
20260205,27,1,1943
20260206,27,1,1942
20260207,27,1,1934
20260208,27,1,1926
20260209,27,1,1919
20260210,27,1,1917
20260211,27,1,1911
20260212,27,1,1902
20260213,27,1,1899
20260214,27,1,1888
20260215,27,1,1887
20260216,27,1,1877
20260217,27,1,1873
20260218,27,1,1865
20260219,27,1,1863
20260220,27,1,1856
20260221,27,1,1849
20260222,27,1,1844
20260223,27,1,1834
20260224,27,1,1824
20260225,27,1,1823
20260226,27,1,1814
20260227,27,1,1807
20260228,27,1,1801
20260301,27,1,1962
20260302,27,1,1958
20260303,27,1,1958
20260304,27,1,1956
20260305,27,1,1955
20260306,27,1,1952
20260307,27,1,1950
20260308,27,1,1940
20260309,27,1,1937
20260310,27,1,1932
20260311,27,1,1924
20260312,27,1,1923
20260313,27,1,1919
20260314,27,1,1917
20260315,27,1,1911
20260316,27,1,1901
20260317,27,1,1895
20260318,27,1,1891
20260319,27,1,1890
20260320,27,1,1879
20260321,27,1,1874
20260322,27,1,1868
20260323,27,1,1862
20260324,27,1,1856
20260325,27,1,1855
20260326,27,1,1850
20260327,27,1,1845
20260328,27,1,1836
20260329,27,1,1831
20260330,27,1,1821
20260331,27,1,1814
20240401,33,1,516
20240402,33,1,508
20240403,33,1,505
20240404,33,1,496
20240405,33,1,486
20240406,33,1,486
20240407,33,1,478
20240408,33,1,470
20240409,33,1,467
20240410,33,1,463
20240411,33,1,459
20240412,33,1,454
20240413,33,1,449
20240414,33,1,439
20240415,33,1,428
20240416,33,1,417
20240417,33,1,412
20240418,33,1,404
20240419,33,1,404
20240420,33,1,404
20240421,33,1,396
20240422,33,1,389
20240423,33,1,388
20240424,33,1,381
20240425,33,1,374
20240426,33,1,366
20240427,33,1,360
20240428,33,1,351
20240429,33,1,342
20240430,33,1,335
20240501,33,1,558
20240502,33,1,556
20240503,33,1,545
20240504,33,1,535
20240505,33,1,529
20240506,33,1,519
20240507,33,1,511
20240508,33,1,506
20240509,33,1,501
20240510,33,1,494
20240511,33,1,491
20240512,33,1,485
20240513,33,1,481
20240514,33,1,475
20240515,33,1,471
20240516,33,1,470
20240517,33,1,462
20240518,33,1,457
20240519,33,1,455
20240520,33,1,453
20240521,33,1,447
20240522,33,1,438
20240523,33,1,435
20240524,33,1,425
20240525,33,1,416
20240526,33,1,416
20240527,33,1,415
20240528,33,1,407
20240529,33,1,401
20240530,33,1,400
20240531,33,1,389
20240601,33,1,536
20240602,33,1,536
20240603,33,1,526
20240604,33,1,521
20240605,33,1,514
20240606,33,1,505
20240607,33,1,502
20240608,33,1,499
20240609,33,1,492
20240610,33,1,481
20240611,33,1,479
20240612,33,1,474
20240613,33,1,471
20240614,33,1,469
20240615,33,1,467
20240616,33,1,462
20240617,33,1,461
20240618,33,1,454
20240619,33,1,452
20240620,33,1,446
20240621,33,1,444
20240622,33,1,439
20240623,33,1,438
20240624,33,1,436
20240625,33,1,433
20240626,33,1,425
20240627,33,1,420
20240628,33,1,416
20240629,33,1,410
20240630,33,1,399
20240701,33,1,666
20240702,33,1,660
20240703,33,1,658
20240704,33,1,650
20240705,33,1,640
20240706,33,1,630
20240707,33,1,628
20240708,33,1,620
20240709,33,1,618
20240710,33,1,618
20240711,33,1,610
20240712,33,1,605
20240713,33,1,602
20240714,33,1,596
20240715,33,1,591
20240716,33,1,589
20240717,33,1,584
20240718,33,1,584
20240719,33,1,575
20240720,33,1,564
20240721,33,1,558
20240722,33,1,551
20240723,33,1,543
20240724,33,1,538
20240725,33,1,527
20240726,33,1,524
20240727,33,1,516
20240728,33,1,513
20240729,33,1,510
20240730,33,1,505
20240731,33,1,496
20240801,33,1,697
20240802,33,1,693
20240803,33,1,688
20240804,33,1,682
20240805,33,1,675
20240806,33,1,670
20240807,33,1,665
20240808,33,1,665
20240809,33,1,664
20240810,33,1,663
20240811,33,1,655
20240812,33,1,651
20240813,33,1,646
20240814,33,1,640
20240815,33,1,636
20240816,33,1,635
20240817,33,1,630
20240818,33,1,626
20240819,33,1,620
20240820,33,1,613
20240821,33,1,604
20240822,33,1,598
20240823,33,1,588
20240824,33,1,577
20240825,33,1,569
20240826,33,1,558
20240827,33,1,547
20240828,33,1,537
20240829,33,1,536
20240830,33,1,528
20240831,33,1,527
20240901,33,1,712
20240902,33,1,706
20240903,33,1,699
20240904,33,1,695
20240905,33,1,685
20240906,33,1,681
20240907,33,1,673
20240908,33,1,664
20240909,33,1,664
20240910,33,1,654
20240911,33,1,646
20240912,33,1,644
20240913,33,1,642
20240914,33,1,642
20240915,33,1,637
20240916,33,1,637
20240917,33,1,629
20240918,33,1,629
20240919,33,1,622
20240920,33,1,614
20240921,33,1,610
20240922,33,1,606
20240923,33,1,598
20240924,33,1,588
20240925,33,1,577
20240926,33,1,570
20240927,33,1,568
20240928,33,1,564
20240929,33,1,563
20240930,33,1,563
20241001,33,1,724
20241002,33,1,719
20241003,33,1,713
20241004,33,1,710
20241005,33,1,710
20241006,33,1,705
20241007,33,1,700
20241008,33,1,699
20241009,33,1,692
20241010,33,1,690
20241011,33,1,684
20241012,33,1,680
20241013,33,1,679
20241014,33,1,668
20241015,33,1,661
20241016,33,1,658
20241017,33,1,656
20241018,33,1,656
20241019,33,1,647
20241020,33,1,644
20241021,33,1,642
20241022,33,1,631
20241023,33,1,620
20241024,33,1,615
20241025,33,1,608
20241026,33,1,599
20241027,33,1,592
20241028,33,1,589
20241029,33,1,580
20241030,33,1,579
20241031,33,1,573
20241101,33,1,790
20241102,33,1,782
20241103,33,1,782
20241104,33,1,772
20241105,33,1,769
20241106,33,1,767
20241107,33,1,761
20241108,33,1,750
20241109,33,1,740
20241110,33,1,735
20241111,33,1,728
20241112,33,1,722
20241113,33,1,714
20241114,33,1,704
20241115,33,1,703
20241116,33,1,699
20241117,33,1,693
20241118,33,1,684
20241119,33,1,683
20241120,33,1,677
20241121,33,1,668
20241122,33,1,667
20241123,33,1,665
20241124,33,1,665
20241125,33,1,655
20241126,33,1,644
20241127,33,1,639
20241128,33,1,629
20241129,33,1,622
20241130,33,1,611
20241201,33,1,769
20241202,33,1,761
20241203,33,1,754
20241204,33,1,749
20241205,33,1,747
20241206,33,1,745
20241207,33,1,738
20241208,33,1,732
20241209,33,1,727
20241210,33,1,727
20241211,33,1,723
20241212,33,1,713
20241213,33,1,705
20241214,33,1,696
20241215,33,1,695
20241216,33,1,690
20241217,33,1,684
20241218,33,1,675
20241219,33,1,666
20241220,33,1,665
20241221,33,1,656
20241222,33,1,656
20241223,33,1,651
20241224,33,1,649
20241225,33,1,645
20241226,33,1,640
20241227,33,1,634
20241228,33,1,634
20241229,33,1,633
20241230,33,1,625
20241231,33,1,624
20250101,33,1,801
20250102,33,1,799
20250103,33,1,798
20250104,33,1,793
20250105,33,1,788
20250106,33,1,787
20250107,33,1,783
20250108,33,1,773
20250109,33,1,762
20250110,33,1,762
20250111,33,1,754
20250112,33,1,746
20250113,33,1,737
20250114,33,1,728
20250115,33,1,720
20250116,33,1,710
20250117,33,1,707
20250118,33,1,706
20250119,33,1,702
20250120,33,1,700
20250121,33,1,698
20250122,33,1,698
20250123,33,1,692
20250124,33,1,683
20250125,33,1,683
20250126,33,1,676
20250127,33,1,666
20250128,33,1,661
20250129,33,1,659
20250130,33,1,651
20250131,33,1,649
20250201,33,1,813
20250202,33,1,813
20250203,33,1,810
20250204,33,1,801
20250205,33,1,800
20250206,33,1,794
20250207,33,1,783
20250208,33,1,781
20250209,33,1,778
20250210,33,1,770
20250211,33,1,762
20250212,33,1,757
20250213,33,1,749
20250214,33,1,742
20250215,33,1,740
20250216,33,1,731
20250217,33,1,728
20250218,33,1,720
20250219,33,1,714
20250220,33,1,708
20250221,33,1,698
20250222,33,1,688
20250223,33,1,680
20250224,33,1,673
20250225,33,1,670
20250226,33,1,662
20250227,33,1,662
20250228,33,1,661
20250301,33,1,899
20250302,33,1,894
20250303,33,1,883
20250304,33,1,879
20250305,33,1,874
20250306,33,1,867
20250307,33,1,859
20250308,33,1,848
20250309,33,1,845
20250310,33,1,835
20250311,33,1,833
20250312,33,1,826
20250313,33,1,826
20250314,33,1,815
20250315,33,1,806
20250316,33,1,802
20250317,33,1,792
20250318,33,1,791
20250319,33,1,787
20250320,33,1,782
20250321,33,1,775
20250322,33,1,768
20250323,33,1,768
20250324,33,1,759
20250325,33,1,758
20250326,33,1,747
20250327,33,1,743
20250328,33,1,737
20250329,33,1,733
20250330,33,1,729
20250331,33,1,724
20250401,33,1,906
20250402,33,1,899
20250403,33,1,894
20250404,33,1,886
20250405,33,1,886
20250406,33,1,879
20250407,33,1,877
20250408,33,1,875
20250409,33,1,868
20250410,33,1,863
20250411,33,1,861
20250412,33,1,861
20250413,33,1,854
20250414,33,1,848
20250415,33,1,846
20250416,33,1,844
20250417,33,1,836
20250418,33,1,826
20250419,33,1,815
20250420,33,1,806
20250421,33,1,804
20250422,33,1,796
20250423,33,1,792
20250424,33,1,791
20250425,33,1,789
20250426,33,1,784
20250427,33,1,781
20250428,33,1,779
20250429,33,1,770
20250430,33,1,770
20250501,33,1,1059
20250502,33,1,1056
20250503,33,1,1053
20250504,33,1,1045
20250505,33,1,1034
20250506,33,1,1031
20250507,33,1,1020
20250508,33,1,1010
20250509,33,1,999
20250510,33,1,992
20250511,33,1,992
20250512,33,1,989
20250513,33,1,983
20250514,33,1,974
20250515,33,1,974
20250516,33,1,968
20250517,33,1,961
20250518,33,1,961
20250519,33,1,955
20250520,33,1,950
20250521,33,1,945
20250522,33,1,937
20250523,33,1,937
20250524,33,1,928
20250525,33,1,927
20250526,33,1,919
20250527,33,1,916
20250528,33,1,910
20250529,33,1,908
20250530,33,1,897
20250531,33,1,895
20250601,33,1,1096
20250602,33,1,1092
20250603,33,1,1092
20250604,33,1,1090
20250605,33,1,1088
20250606,33,1,1088
20250607,33,1,1077
20250608,33,1,1068
20250609,33,1,1058
20250610,33,1,1052
20250611,33,1,1048
20250612,33,1,1038
20250613,33,1,1029
20250614,33,1,1021
20250615,33,1,1020
20250616,33,1,1010
20250617,33,1,1003
20250618,33,1,995
20250619,33,1,985
20250620,33,1,982
20250621,33,1,977
20250622,33,1,973
20250623,33,1,971
20250624,33,1,965
20250625,33,1,959
20250626,33,1,956
20250627,33,1,948
20250628,33,1,945
20250629,33,1,935
20250630,33,1,927
20250701,33,1,1125
20250702,33,1,1122
20250703,33,1,1115
20250704,33,1,1107
20250705,33,1,1105
20250706,33,1,1103
20250707,33,1,1102
20250708,33,1,1100
20250709,33,1,1092
20250710,33,1,1090
20250711,33,1,1080
20250712,33,1,1076
20250713,33,1,1073
20250714,33,1,1068
20250715,33,1,1061
20250716,33,1,1053
20250717,33,1,1045
20250718,33,1,1044
20250719,33,1,1034
20250720,33,1,1029
20250721,33,1,1019
20250722,33,1,1012
20250723,33,1,1012
20250724,33,1,1006
20250725,33,1,997
20250726,33,1,988
20250727,33,1,980
20250728,33,1,970
20250729,33,1,964
20250730,33,1,962
20250731,33,1,962
20250801,33,1,1241
20250802,33,1,1231
20250803,33,1,1222
20250804,33,1,1218
20250805,33,1,1216
20250806,33,1,1207
20250807,33,1,1197
20250808,33,1,1191
20250809,33,1,1189
20250810,33,1,1180
20250811,33,1,1170
20250812,33,1,1162
20250813,33,1,1156
20250814,33,1,1145
20250815,33,1,1134
20250816,33,1,1132
20250817,33,1,1129
20250818,33,1,1121
20250819,33,1,1120
20250820,33,1,1120
20250821,33,1,1114
20250822,33,1,1103
20250823,33,1,1093
20250824,33,1,1091
20250825,33,1,1089
20250826,33,1,1085
20250827,33,1,1074
20250828,33,1,1064
20250829,33,1,1054
20250830,33,1,1049
20250831,33,1,1049
20250901,33,1,1288
20250902,33,1,1284
20250903,33,1,1282
20250904,33,1,1276
20250905,33,1,1274
20250906,33,1,1264
20250907,33,1,1260
20250908,33,1,1250
20250909,33,1,1243
20250910,33,1,1238
20250911,33,1,1233
20250912,33,1,1225
20250913,33,1,1223
20250914,33,1,1218
20250915,33,1,1208
20250916,33,1,1197
20250917,33,1,1197
20250918,33,1,1189
20250919,33,1,1179
20250920,33,1,1174
20250921,33,1,1172
20250922,33,1,1167
20250923,33,1,1157
20250924,33,1,1155
20250925,33,1,1152
20250926,33,1,1141
20250927,33,1,1134
20250928,33,1,1131
20250929,33,1,1123
20250930,33,1,1121
20251001,33,1,1374
20251002,33,1,1364
20251003,33,1,1356
20251004,33,1,1355
20251005,33,1,1347
20251006,33,1,1340
20251007,33,1,1337
20251008,33,1,1331
20251009,33,1,1328
20251010,33,1,1320
20251011,33,1,1318
20251012,33,1,1314
20251013,33,1,1307
20251014,33,1,1307
20251015,33,1,1296
20251016,33,1,1296
20251017,33,1,1286
20251018,33,1,1279
20251019,33,1,1273
20251020,33,1,1268
20251021,33,1,1264
20251022,33,1,1256
20251023,33,1,1252
20251024,33,1,1246
20251025,33,1,1237
20251026,33,1,1230
20251027,33,1,1223
20251028,33,1,1217
20251029,33,1,1217
20251030,33,1,1217
20251031,33,1,1217
20251101,33,1,1402
20251102,33,1,1400
20251103,33,1,1394
20251104,33,1,1384
20251105,33,1,1373
20251106,33,1,1366
20251107,33,1,1365
20251108,33,1,1357
20251109,33,1,1348
20251110,33,1,1339
20251111,33,1,1329
20251112,33,1,1329
20251113,33,1,1325
20251114,33,1,1318
20251115,33,1,1317
20251116,33,1,1313
20251117,33,1,1311
20251118,33,1,1309
20251119,33,1,1302
20251120,33,1,1295
20251121,33,1,1295
20251122,33,1,1287
20251123,33,1,1277
20251124,33,1,1277
20251125,33,1,1268
20251126,33,1,1260
20251127,33,1,1251
20251128,33,1,1240
20251129,33,1,1232
20251130,33,1,1228
20251201,33,1,1387
20251202,33,1,1379
20251203,33,1,1374
20251204,33,1,1367
20251205,33,1,1361
20251206,33,1,1361
20251207,33,1,1358
20251208,33,1,1355
20251209,33,1,1348
20251210,33,1,1343
20251211,33,1,1338
20251212,33,1,1332
20251213,33,1,1322
20251214,33,1,1320
20251215,33,1,1319
20251216,33,1,1313
20251217,33,1,1303
20251218,33,1,1292
20251219,33,1,1289
20251220,33,1,1285
20251221,33,1,1276
20251222,33,1,1275
20251223,33,1,1271
20251224,33,1,1266
20251225,33,1,1263
20251226,33,1,1258
20251227,33,1,1247
20251228,33,1,1236
20251229,33,1,1232
20251230,33,1,1227
20251231,33,1,1216
20260101,33,1,1396
20260102,33,1,1394
20260103,33,1,1387
20260104,33,1,1387
20260105,33,1,1385
20260106,33,1,1377
20260107,33,1,1369
20260108,33,1,1366
20260109,33,1,1364
20260110,33,1,1355
20260111,33,1,1344
20260112,33,1,1338
20260113,33,1,1330
20260114,33,1,1322
20260115,33,1,1312
20260116,33,1,1310
20260117,33,1,1304
20260118,33,1,1303
20260119,33,1,1300
20260120,33,1,1295
20260121,33,1,1284
20260122,33,1,1280
20260123,33,1,1280
20260124,33,1,1274
20260125,33,1,1269
20260126,33,1,1261
20260127,33,1,1261
20260128,33,1,1251
20260129,33,1,1243
20260130,33,1,1236
20260131,33,1,1226
20260201,33,1,1405
20260202,33,1,1402
20260203,33,1,1399
20260204,33,1,1389
20260205,33,1,1379
20260206,33,1,1377
20260207,33,1,1375
20260208,33,1,1374
20260209,33,1,1373
20260210,33,1,1362
20260211,33,1,1360
20260212,33,1,1360
20260213,33,1,1350
20260214,33,1,1342
20260215,33,1,1334
20260216,33,1,1333
20260217,33,1,1333
20260218,33,1,1326
20260219,33,1,1320
20260220,33,1,1318
20260221,33,1,1313
20260222,33,1,1303
20260223,33,1,1293
20260224,33,1,1293
20260225,33,1,1293
20260226,33,1,1290
20260227,33,1,1282
20260228,33,1,1273
20260301,33,1,1495
20260302,33,1,1490
20260303,33,1,1485
20260304,33,1,1484
20260305,33,1,1479
20260306,33,1,1468
20260307,33,1,1462
20260308,33,1,1455
20260309,33,1,1444
20260310,33,1,1444
20260311,33,1,1436
20260312,33,1,1433
20260313,33,1,1428
20260314,33,1,1428
20260315,33,1,1425
20260316,33,1,1419
20260317,33,1,1413
20260318,33,1,1409
20260319,33,1,1398
20260320,33,1,1396
20260321,33,1,1394
20260322,33,1,1388
20260323,33,1,1384
20260324,33,1,1381
20260325,33,1,1381
20260326,33,1,1375
20260327,33,1,1368
20260328,33,1,1362
20260329,33,1,1353
20260330,33,1,1346
20260331,33,1,1339
20240401,18,1,555
20240402,18,1,546
20240403,18,1,545
20240404,18,1,534
20240405,18,1,528
20240406,18,1,523
20240407,18,1,521
20240408,18,1,520
20240409,18,1,510
20240410,18,1,504
20240411,18,1,494
20240412,18,1,485
20240413,18,1,476
20240414,18,1,472
20240415,18,1,468
20240416,18,1,463
20240417,18,1,463
20240418,18,1,455
20240419,18,1,445
20240420,18,1,445
20240421,18,1,435
20240422,18,1,428
20240423,18,1,422
20240424,18,1,414
20240425,18,1,414
20240426,18,1,403
20240427,18,1,393
20240428,18,1,385
20240429,18,1,382
20240430,18,1,381
20240501,18,1,571
20240502,18,1,560
20240503,18,1,556
20240504,18,1,548
20240505,18,1,544
20240506,18,1,544
20240507,18,1,535
20240508,18,1,531
20240509,18,1,525
20240510,18,1,521
20240511,18,1,513
20240512,18,1,504
20240513,18,1,496
20240514,18,1,486
20240515,18,1,478
20240516,18,1,472
20240517,18,1,463
20240518,18,1,455
20240519,18,1,453
20240520,18,1,450
20240521,18,1,449
20240522,18,1,440
20240523,18,1,439
20240524,18,1,438
20240525,18,1,429
20240526,18,1,429
20240527,18,1,418
20240528,18,1,416
20240529,18,1,405
20240530,18,1,398
20240531,18,1,398
20240601,18,1,654
20240602,18,1,643
20240603,18,1,633
20240604,18,1,631
20240605,18,1,629
20240606,18,1,626
20240607,18,1,620
20240608,18,1,611
20240609,18,1,600
20240610,18,1,595
20240611,18,1,590
20240612,18,1,580
20240613,18,1,569
20240614,18,1,564
20240615,18,1,558
20240616,18,1,555
20240617,18,1,551
20240618,18,1,542
20240619,18,1,541
20240620,18,1,538
20240621,18,1,537
20240622,18,1,534
20240623,18,1,526
20240624,18,1,516
20240625,18,1,513
20240626,18,1,503
20240627,18,1,499
20240628,18,1,496
20240629,18,1,485
20240630,18,1,479
20240701,18,1,656
20240702,18,1,652
20240703,18,1,651
20240704,18,1,641
20240705,18,1,634
20240706,18,1,623
20240707,18,1,621
20240708,18,1,612
20240709,18,1,604
20240710,18,1,600
20240711,18,1,596
20240712,18,1,595
20240713,18,1,586
20240714,18,1,577
20240715,18,1,571
20240716,18,1,561
20240717,18,1,554
20240718,18,1,546
20240719,18,1,535
20240720,18,1,531
20240721,18,1,524
20240722,18,1,517
20240723,18,1,507
20240724,18,1,499
20240725,18,1,496
20240726,18,1,486
20240727,18,1,477
20240728,18,1,476
20240729,18,1,468
20240730,18,1,465
20240731,18,1,462
20240801,18,1,669
20240802,18,1,660
20240803,18,1,658
20240804,18,1,648
20240805,18,1,648
20240806,18,1,645
20240807,18,1,640
20240808,18,1,634
20240809,18,1,624
20240810,18,1,617
20240811,18,1,611
20240812,18,1,610
20240813,18,1,610
20240814,18,1,601
20240815,18,1,595
20240816,18,1,590
20240817,18,1,584
20240818,18,1,574
20240819,18,1,569
20240820,18,1,563
20240821,18,1,557
20240822,18,1,548
20240823,18,1,546
20240824,18,1,546
20240825,18,1,535
20240826,18,1,530
20240827,18,1,524
20240828,18,1,519
20240829,18,1,516
20240830,18,1,514
20240831,18,1,506
20240901,18,1,733
20240902,18,1,724
20240903,18,1,721
20240904,18,1,716
20240905,18,1,709
20240906,18,1,700
20240907,18,1,699
20240908,18,1,696
20240909,18,1,694
20240910,18,1,691
20240911,18,1,680
20240912,18,1,678
20240913,18,1,669
20240914,18,1,660
20240915,18,1,652
20240916,18,1,651
20240917,18,1,651
20240918,18,1,650
20240919,18,1,640
20240920,18,1,640
20240921,18,1,632
20240922,18,1,628
20240923,18,1,617
20240924,18,1,612
20240925,18,1,607
20240926,18,1,602
20240927,18,1,593
20240928,18,1,584
20240929,18,1,573
20240930,18,1,569
20241001,18,1,845
20241002,18,1,838
20241003,18,1,831
20241004,18,1,831
20241005,18,1,829
20241006,18,1,818
20241007,18,1,818
20241008,18,1,812
20241009,18,1,803
20241010,18,1,792
20241011,18,1,790
20241012,18,1,783
20241013,18,1,774
20241014,18,1,764
20241015,18,1,757
20241016,18,1,755
20241017,18,1,745
20241018,18,1,734
20241019,18,1,730
20241020,18,1,725
20241021,18,1,718
20241022,18,1,709
20241023,18,1,703
20241024,18,1,695
20241025,18,1,686
20241026,18,1,684
20241027,18,1,681
20241028,18,1,671
20241029,18,1,664
20241030,18,1,662
20241031,18,1,656
20241101,18,1,837
20241102,18,1,832
20241103,18,1,832
20241104,18,1,821
20241105,18,1,811
20241106,18,1,809
20241107,18,1,802
20241108,18,1,798
20241109,18,1,791
20241110,18,1,785
20241111,18,1,777
20241112,18,1,768
20241113,18,1,768
20241114,18,1,758
20241115,18,1,756
20241116,18,1,749
20241117,18,1,742
20241118,18,1,735
20241119,18,1,727
20241120,18,1,726
20241121,18,1,719
20241122,18,1,715
20241123,18,1,711
20241124,18,1,710
20241125,18,1,703
20241126,18,1,700
20241127,18,1,692
20241128,18,1,687
20241129,18,1,683
20241130,18,1,677
20241201,18,1,903
20241202,18,1,903
20241203,18,1,894
20241204,18,1,892
20241205,18,1,890
20241206,18,1,881
20241207,18,1,881
20241208,18,1,877
20241209,18,1,870
20241210,18,1,861
20241211,18,1,851
20241212,18,1,843
20241213,18,1,841
20241214,18,1,837
20241215,18,1,837
20241216,18,1,828
20241217,18,1,828
20241218,18,1,827
20241219,18,1,816
20241220,18,1,815
20241221,18,1,812
20241222,18,1,808
20241223,18,1,807
20241224,18,1,800
20241225,18,1,797
20241226,18,1,794
20241227,18,1,788
20241228,18,1,785
20241229,18,1,783
20241230,18,1,773
20241231,18,1,767
20250101,18,1,1047
20250102,18,1,1037
20250103,18,1,1027
20250104,18,1,1027
20250105,18,1,1026
20250106,18,1,1017
20250107,18,1,1014
20250108,18,1,1005
20250109,18,1,1000
20250110,18,1,997
20250111,18,1,995
20250112,18,1,993
20250113,18,1,986
20250114,18,1,986
20250115,18,1,984
20250116,18,1,975
20250117,18,1,972
20250118,18,1,965
20250119,18,1,962
20250120,18,1,962
20250121,18,1,957
20250122,18,1,955
20250123,18,1,947
20250124,18,1,938
20250125,18,1,928
20250126,18,1,921
20250127,18,1,921
20250128,18,1,911
20250129,18,1,901
20250130,18,1,900
20250131,18,1,896
20250201,18,1,1179
20250202,18,1,1177
20250203,18,1,1170
20250204,18,1,1167
20250205,18,1,1157
20250206,18,1,1146
20250207,18,1,1137
20250208,18,1,1134
20250209,18,1,1130
20250210,18,1,1123
20250211,18,1,1112
20250212,18,1,1108
20250213,18,1,1102
20250214,18,1,1094
20250215,18,1,1090
20250216,18,1,1087
20250217,18,1,1083
20250218,18,1,1078
20250219,18,1,1077
20250220,18,1,1076
20250221,18,1,1068
20250222,18,1,1057
20250223,18,1,1048
20250224,18,1,1038
20250225,18,1,1028
20250226,18,1,1019
20250227,18,1,1019
20250228,18,1,1009
20250301,18,1,1219
20250302,18,1,1209
20250303,18,1,1208
20250304,18,1,1205
20250305,18,1,1205
20250306,18,1,1200
20250307,18,1,1191
20250308,18,1,1186
20250309,18,1,1180
20250310,18,1,1178
20250311,18,1,1175
20250312,18,1,1169
20250313,18,1,1169
20250314,18,1,1164
20250315,18,1,1153
20250316,18,1,1147
20250317,18,1,1146
20250318,18,1,1141
20250319,18,1,1137
20250320,18,1,1129
20250321,18,1,1121
20250322,18,1,1110
20250323,18,1,1103
20250324,18,1,1101
20250325,18,1,1100
20250326,18,1,1099
20250327,18,1,1092
20250328,18,1,1085
20250329,18,1,1081
20250330,18,1,1073
20250331,18,1,1071
20250401,18,1,1321
20250402,18,1,1319
20250403,18,1,1309
20250404,18,1,1299
20250405,18,1,1290
20250406,18,1,1283
20250407,18,1,1282
20250408,18,1,1271
20250409,18,1,1269
20250410,18,1,1260
20250411,18,1,1255
20250412,18,1,1247
20250413,18,1,1247
20250414,18,1,1244
20250415,18,1,1244
20250416,18,1,1236
20250417,18,1,1233
20250418,18,1,1230
20250419,18,1,1229
20250420,18,1,1228
20250421,18,1,1222
20250422,18,1,1218
20250423,18,1,1218
20250424,18,1,1208
20250425,18,1,1206
20250426,18,1,1206
20250427,18,1,1206
20250428,18,1,1202
20250429,18,1,1196
20250430,18,1,1195
20250501,18,1,1393
20250502,18,1,1393
20250503,18,1,1386
20250504,18,1,1382
20250505,18,1,1374
20250506,18,1,1374
20250507,18,1,1374
20250508,18,1,1365
20250509,18,1,1362
20250510,18,1,1358
20250511,18,1,1353
20250512,18,1,1346
20250513,18,1,1338
20250514,18,1,1330
20250515,18,1,1320
20250516,18,1,1314
20250517,18,1,1311
20250518,18,1,1304
20250519,18,1,1301
20250520,18,1,1296
20250521,18,1,1296
20250522,18,1,1292
20250523,18,1,1285
20250524,18,1,1282
20250525,18,1,1281
20250526,18,1,1281
20250527,18,1,1280
20250528,18,1,1276
20250529,18,1,1265
20250530,18,1,1260
20250531,18,1,1250
20250601,18,1,1409
20250602,18,1,1399
20250603,18,1,1398
20250604,18,1,1398
20250605,18,1,1391
20250606,18,1,1389
20250607,18,1,1382
20250608,18,1,1374
20250609,18,1,1374
20250610,18,1,1365
20250611,18,1,1355
20250612,18,1,1350
20250613,18,1,1339
20250614,18,1,1332
20250615,18,1,1324
20250616,18,1,1321
20250617,18,1,1314
20250618,18,1,1303
20250619,18,1,1294
20250620,18,1,1287
20250621,18,1,1283
20250622,18,1,1282
20250623,18,1,1278
20250624,18,1,1270
20250625,18,1,1264
20250626,18,1,1263
20250627,18,1,1261
20250628,18,1,1257
20250629,18,1,1257
20250630,18,1,1252
20250701,18,1,1531
20250702,18,1,1520
20250703,18,1,1509
20250704,18,1,1509
20250705,18,1,1505
20250706,18,1,1503
20250707,18,1,1495
20250708,18,1,1495
20250709,18,1,1487
20250710,18,1,1483
20250711,18,1,1481
20250712,18,1,1479
20250713,18,1,1472
20250714,18,1,1467
20250715,18,1,1457
20250716,18,1,1446
20250717,18,1,1440
20250718,18,1,1432
20250719,18,1,1427
20250720,18,1,1423
20250721,18,1,1416
20250722,18,1,1416
20250723,18,1,1407
20250724,18,1,1399
20250725,18,1,1397
20250726,18,1,1397
20250727,18,1,1396
20250728,18,1,1388
20250729,18,1,1381
20250730,18,1,1374
20250731,18,1,1374
20250801,18,1,1517
20250802,18,1,1512
20250803,18,1,1509
20250804,18,1,1509
20250805,18,1,1508
20250806,18,1,1500
20250807,18,1,1491
20250808,18,1,1488
20250809,18,1,1486
20250810,18,1,1483
20250811,18,1,1479
20250812,18,1,1469
20250813,18,1,1465
20250814,18,1,1456
20250815,18,1,1447
20250816,18,1,1440
20250817,18,1,1437
20250818,18,1,1426
20250819,18,1,1419
20250820,18,1,1411
20250821,18,1,1400
20250822,18,1,1393
20250823,18,1,1386
20250824,18,1,1377
20250825,18,1,1376
20250826,18,1,1365
20250827,18,1,1362
20250828,18,1,1351
20250829,18,1,1345
20250830,18,1,1335
20250831,18,1,1332
20250901,18,1,1589
20250902,18,1,1582
20250903,18,1,1576
20250904,18,1,1565
20250905,18,1,1557
20250906,18,1,1554
20250907,18,1,1547
20250908,18,1,1543
20250909,18,1,1535
20250910,18,1,1530
20250911,18,1,1528
20250912,18,1,1526
20250913,18,1,1521
20250914,18,1,1516
20250915,18,1,1507
20250916,18,1,1500
20250917,18,1,1491
20250918,18,1,1490
20250919,18,1,1488
20250920,18,1,1488
20250921,18,1,1488
20250922,18,1,1487
20250923,18,1,1480
20250924,18,1,1475
20250925,18,1,1470
20250926,18,1,1462
20250927,18,1,1458
20250928,18,1,1458
20250929,18,1,1458
20250930,18,1,1456
20251001,18,1,1653
20251002,18,1,1651
20251003,18,1,1643
20251004,18,1,1643
20251005,18,1,1642
20251006,18,1,1638
20251007,18,1,1631
20251008,18,1,1622
20251009,18,1,1614
20251010,18,1,1604
20251011,18,1,1599
20251012,18,1,1597
20251013,18,1,1592
20251014,18,1,1589
20251015,18,1,1585
20251016,18,1,1584
20251017,18,1,1575
20251018,18,1,1565
20251019,18,1,1564
20251020,18,1,1564
20251021,18,1,1555
20251022,18,1,1544
20251023,18,1,1544
20251024,18,1,1537
20251025,18,1,1533
20251026,18,1,1524
20251027,18,1,1518
20251028,18,1,1516
20251029,18,1,1513
20251030,18,1,1506
20251031,18,1,1503
20251101,18,1,1663
20251102,18,1,1656
20251103,18,1,1647
20251104,18,1,1640
20251105,18,1,1636
20251106,18,1,1627
20251107,18,1,1622
20251108,18,1,1615
20251109,18,1,1605
20251110,18,1,1594
20251111,18,1,1589
20251112,18,1,1584
20251113,18,1,1574
20251114,18,1,1568
20251115,18,1,1559
20251116,18,1,1559
20251117,18,1,1550
20251118,18,1,1549
20251119,18,1,1545
20251120,18,1,1543
20251121,18,1,1532
20251122,18,1,1531
20251123,18,1,1525
20251124,18,1,1524
20251125,18,1,1524
20251126,18,1,1521
20251127,18,1,1521
20251128,18,1,1518
20251129,18,1,1517
20251130,18,1,1509
20251201,18,1,1679
20251202,18,1,1679
20251203,18,1,1668
20251204,18,1,1663
20251205,18,1,1659
20251206,18,1,1656
20251207,18,1,1656
20251208,18,1,1653
20251209,18,1,1643
20251210,18,1,1639
20251211,18,1,1629
20251212,18,1,1627
20251213,18,1,1623
20251214,18,1,1616
20251215,18,1,1616
20251216,18,1,1612
20251217,18,1,1602
20251218,18,1,1597
20251219,18,1,1586
20251220,18,1,1585
20251221,18,1,1574
20251222,18,1,1564
20251223,18,1,1560
20251224,18,1,1554
20251225,18,1,1553
20251226,18,1,1552
20251227,18,1,1548
20251228,18,1,1545
20251229,18,1,1538
20251230,18,1,1528
20251231,18,1,1528
20260101,18,1,1800
20260102,18,1,1793
20260103,18,1,1782
20260104,18,1,1774
20260105,18,1,1774
20260106,18,1,1767
20260107,18,1,1766
20260108,18,1,1763
20260109,18,1,1757
20260110,18,1,1751
20260111,18,1,1740
20260112,18,1,1737
20260113,18,1,1726
20260114,18,1,1721
20260115,18,1,1718
20260116,18,1,1711
20260117,18,1,1704
20260118,18,1,1694
20260119,18,1,1683
20260120,18,1,1676
20260121,18,1,1669
20260122,18,1,1666
20260123,18,1,1664
20260124,18,1,1657
20260125,18,1,1649
20260126,18,1,1645
20260127,18,1,1639
20260128,18,1,1633
20260129,18,1,1628
20260130,18,1,1628
20260131,18,1,1623
20260201,18,1,1804
20260202,18,1,1799
20260203,18,1,1790
20260204,18,1,1781
20260205,18,1,1777
20260206,18,1,1771
20260207,18,1,1769
20260208,18,1,1766
20260209,18,1,1761
20260210,18,1,1757
20260211,18,1,1750
20260212,18,1,1742
20260213,18,1,1736
20260214,18,1,1736
20260215,18,1,1727
20260216,18,1,1722
20260217,18,1,1712
20260218,18,1,1709
20260219,18,1,1702
20260220,18,1,1700
20260221,18,1,1694
20260222,18,1,1684
20260223,18,1,1678
20260224,18,1,1667
20260225,18,1,1663
20260226,18,1,1662
20260227,18,1,1657
20260228,18,1,1648
20260301,18,1,1870
20260302,18,1,1861
20260303,18,1,1858
20260304,18,1,1850
20260305,18,1,1839
20260306,18,1,1837
20260307,18,1,1835
20260308,18,1,1824
20260309,18,1,1813
20260310,18,1,1802
20260311,18,1,1792
20260312,18,1,1789
20260313,18,1,1783
20260314,18,1,1772
20260315,18,1,1764
20260316,18,1,1758
20260317,18,1,1751
20260318,18,1,1749
20260319,18,1,1745
20260320,18,1,1737
20260321,18,1,1726
20260322,18,1,1726
20260323,18,1,1722
20260324,18,1,1714
20260325,18,1,1709
20260326,18,1,1699
20260327,18,1,1692
20260328,18,1,1688
20260329,18,1,1679
20260330,18,1,1675
20260331,18,1,1671
20240401,31,1,576
20240402,31,1,565
20240403,31,1,559
20240404,31,1,558
20240405,31,1,549
20240406,31,1,547
20240407,31,1,537
20240408,31,1,526
20240409,31,1,520
20240410,31,1,516
20240411,31,1,511
20240412,31,1,502
20240413,31,1,498
20240414,31,1,498
20240415,31,1,491
20240416,31,1,483
20240417,31,1,482
20240418,31,1,478
20240419,31,1,473
20240420,31,1,466
20240421,31,1,460
20240422,31,1,451
20240423,31,1,444
20240424,31,1,436
20240425,31,1,436
20240426,31,1,425
20240427,31,1,420
20240428,31,1,415
20240429,31,1,406
20240430,31,1,402
20240501,31,1,660
20240502,31,1,654
20240503,31,1,648
20240504,31,1,638
20240505,31,1,630
20240506,31,1,621
20240507,31,1,613
20240508,31,1,604
20240509,31,1,595
20240510,31,1,586
20240511,31,1,582
20240512,31,1,574
20240513,31,1,568
20240514,31,1,558
20240515,31,1,553
20240516,31,1,552
20240517,31,1,543
20240518,31,1,537
20240519,31,1,537
20240520,31,1,528
20240521,31,1,528
20240522,31,1,527
20240523,31,1,519
20240524,31,1,518
20240525,31,1,515
20240526,31,1,511
20240527,31,1,500
20240528,31,1,494
20240529,31,1,483
20240530,31,1,475
20240531,31,1,472
20240601,31,1,702
20240602,31,1,700
20240603,31,1,694
20240604,31,1,684
20240605,31,1,675
20240606,31,1,672
20240607,31,1,669
20240608,31,1,659
20240609,31,1,652
20240610,31,1,647
20240611,31,1,638
20240612,31,1,638
20240613,31,1,629
20240614,31,1,624
20240615,31,1,619
20240616,31,1,612
20240617,31,1,610
20240618,31,1,600
20240619,31,1,599
20240620,31,1,593
20240621,31,1,588
20240622,31,1,577
20240623,31,1,570
20240624,31,1,566
20240625,31,1,561
20240626,31,1,559
20240627,31,1,559
20240628,31,1,554
20240629,31,1,554
20240630,31,1,547
20240701,31,1,831
20240702,31,1,820
20240703,31,1,819
20240704,31,1,814
20240705,31,1,807
20240706,31,1,800
20240707,31,1,796
20240708,31,1,796
20240709,31,1,787
20240710,31,1,782
20240711,31,1,779
20240712,31,1,774
20240713,31,1,769
20240714,31,1,762
20240715,31,1,756
20240716,31,1,749
20240717,31,1,738
20240718,31,1,727
20240719,31,1,727
20240720,31,1,720
20240721,31,1,718
20240722,31,1,718
20240723,31,1,717
20240724,31,1,710
20240725,31,1,699
20240726,31,1,690
20240727,31,1,689
20240728,31,1,687
20240729,31,1,678
20240730,31,1,671
20240731,31,1,665
20240801,31,1,833
20240802,31,1,823
20240803,31,1,820
20240804,31,1,809
20240805,31,1,804
20240806,31,1,804
20240807,31,1,793
20240808,31,1,791
20240809,31,1,790
20240810,31,1,785
20240811,31,1,778
20240812,31,1,771
20240813,31,1,760
20240814,31,1,755
20240815,31,1,754
20240816,31,1,749
20240817,31,1,739
20240818,31,1,739
20240819,31,1,736
20240820,31,1,728
20240821,31,1,726
20240822,31,1,721
20240823,31,1,720
20240824,31,1,719
20240825,31,1,711
20240826,31,1,702
20240827,31,1,702
20240828,31,1,696
20240829,31,1,691
20240830,31,1,687
20240831,31,1,679
20240901,31,1,923
20240902,31,1,912
20240903,31,1,910
20240904,31,1,904
20240905,31,1,903
20240906,31,1,896
20240907,31,1,896
20240908,31,1,893
20240909,31,1,888
20240910,31,1,887
20240911,31,1,882
20240912,31,1,876
20240913,31,1,865
20240914,31,1,861
20240915,31,1,853
20240916,31,1,850
20240917,31,1,839
20240918,31,1,828
20240919,31,1,819
20240920,31,1,817
20240921,31,1,806
20240922,31,1,802
20240923,31,1,800
20240924,31,1,796
20240925,31,1,794
20240926,31,1,790
20240927,31,1,786
20240928,31,1,775
20240929,31,1,770
20240930,31,1,762
20241001,31,1,1024
20241002,31,1,1018
20241003,31,1,1011
20241004,31,1,1000
20241005,31,1,992
20241006,31,1,989
20241007,31,1,982
20241008,31,1,976
20241009,31,1,969
20241010,31,1,962
20241011,31,1,957
20241012,31,1,956
20241013,31,1,952
20241014,31,1,943
20241015,31,1,932
20241016,31,1,925
20241017,31,1,916
20241018,31,1,914
20241019,31,1,905
20241020,31,1,901
20241021,31,1,893
20241022,31,1,886
20241023,31,1,877
20241024,31,1,869
20241025,31,1,862
20241026,31,1,857
20241027,31,1,848
20241028,31,1,840
20241029,31,1,839
20241030,31,1,836
20241031,31,1,833
20241101,31,1,1020
20241102,31,1,1020
20241103,31,1,1017
20241104,31,1,1012
20241105,31,1,1010
20241106,31,1,1008
20241107,31,1,1003
20241108,31,1,996
20241109,31,1,992
20241110,31,1,981
20241111,31,1,976
20241112,31,1,965
20241113,31,1,959
20241114,31,1,955
20241115,31,1,954
20241116,31,1,946
20241117,31,1,940
20241118,31,1,929
20241119,31,1,918
20241120,31,1,912
20241121,31,1,910
20241122,31,1,906
20241123,31,1,906
20241124,31,1,905
20241125,31,1,901
20241126,31,1,899
20241127,31,1,889
20241128,31,1,879
20241129,31,1,877
20241130,31,1,874
20241201,31,1,1145
20241202,31,1,1142
20241203,31,1,1134
20241204,31,1,1130
20241205,31,1,1120
20241206,31,1,1114
20241207,31,1,1112
20241208,31,1,1111
20241209,31,1,1103
20241210,31,1,1098
20241211,31,1,1093
20241212,31,1,1085
20241213,31,1,1082
20241214,31,1,1071
20241215,31,1,1065
20241216,31,1,1055
20241217,31,1,1046
20241218,31,1,1039
20241219,31,1,1038
20241220,31,1,1030
20241221,31,1,1030
20241222,31,1,1022
20241223,31,1,1012
20241224,31,1,1006
20241225,31,1,995
20241226,31,1,988
20241227,31,1,982
20241228,31,1,976
20241229,31,1,975
20241230,31,1,975
20241231,31,1,975
20250101,31,1,1258
20250102,31,1,1251
20250103,31,1,1248
20250104,31,1,1244
20250105,31,1,1236
20250106,31,1,1226
20250107,31,1,1225
20250108,31,1,1219
20250109,31,1,1218
20250110,31,1,1216
20250111,31,1,1208
20250112,31,1,1208
20250113,31,1,1205
20250114,31,1,1199
20250115,31,1,1197
20250116,31,1,1193
20250117,31,1,1187
20250118,31,1,1177
20250119,31,1,1177
20250120,31,1,1171
20250121,31,1,1164
20250122,31,1,1159
20250123,31,1,1159
20250124,31,1,1150
20250125,31,1,1148
20250126,31,1,1147
20250127,31,1,1142
20250128,31,1,1140
20250129,31,1,1133
20250130,31,1,1127
20250131,31,1,1125
20250201,31,1,1402
20250202,31,1,1399
20250203,31,1,1388
20250204,31,1,1385
20250205,31,1,1380
20250206,31,1,1374
20250207,31,1,1371
20250208,31,1,1364
20250209,31,1,1363
20250210,31,1,1356
20250211,31,1,1345
20250212,31,1,1342
20250213,31,1,1341
20250214,31,1,1335
20250215,31,1,1332
20250216,31,1,1324
20250217,31,1,1321
20250218,31,1,1321
20250219,31,1,1318
20250220,31,1,1309
20250221,31,1,1309
20250222,31,1,1299
20250223,31,1,1297
20250224,31,1,1294
20250225,31,1,1286
20250226,31,1,1275
20250227,31,1,1273
20250228,31,1,1263
20250301,31,1,1527
20250302,31,1,1523
20250303,31,1,1520
20250304,31,1,1520
20250305,31,1,1509
20250306,31,1,1500
20250307,31,1,1490
20250308,31,1,1483
20250309,31,1,1475
20250310,31,1,1468
20250311,31,1,1468
20250312,31,1,1467
20250313,31,1,1457
20250314,31,1,1450
20250315,31,1,1447
20250316,31,1,1438
20250317,31,1,1432
20250318,31,1,1421
20250319,31,1,1416
20250320,31,1,1408
20250321,31,1,1397
20250322,31,1,1392
20250323,31,1,1381
20250324,31,1,1372
20250325,31,1,1372
20250326,31,1,1372
20250327,31,1,1371
20250328,31,1,1366
20250329,31,1,1357
20250330,31,1,1349
20250331,31,1,1341
20250401,31,1,1544
20250402,31,1,1544
20250403,31,1,1543
20250404,31,1,1542
20250405,31,1,1531
20250406,31,1,1529
20250407,31,1,1526
20250408,31,1,1517
20250409,31,1,1515
20250410,31,1,1507
20250411,31,1,1502
20250412,31,1,1493
20250413,31,1,1490
20250414,31,1,1480
20250415,31,1,1472
20250416,31,1,1469
20250417,31,1,1462
20250418,31,1,1454
20250419,31,1,1443
20250420,31,1,1439
20250421,31,1,1428
20250422,31,1,1419
20250423,31,1,1414
20250424,31,1,1406
20250425,31,1,1400
20250426,31,1,1389
20250427,31,1,1389
20250428,31,1,1380
20250429,31,1,1371
20250430,31,1,1371
20250501,31,1,1589
20250502,31,1,1579
20250503,31,1,1578
20250504,31,1,1575
20250505,31,1,1569
20250506,31,1,1562
20250507,31,1,1561
20250508,31,1,1552
20250509,31,1,1547
20250510,31,1,1543
20250511,31,1,1534
20250512,31,1,1528
20250513,31,1,1525
20250514,31,1,1520
20250515,31,1,1519
20250516,31,1,1509
20250517,31,1,1506
20250518,31,1,1502
20250519,31,1,1500
20250520,31,1,1496
20250521,31,1,1494
20250522,31,1,1494
20250523,31,1,1486
20250524,31,1,1482
20250525,31,1,1474
20250526,31,1,1472
20250527,31,1,1466
20250528,31,1,1464
20250529,31,1,1461
20250530,31,1,1450
20250531,31,1,1444
20250601,31,1,1583
20250602,31,1,1574
20250603,31,1,1570
20250604,31,1,1568
20250605,31,1,1563
20250606,31,1,1554
20250607,31,1,1549
20250608,31,1,1547
20250609,31,1,1545
20250610,31,1,1534
20250611,31,1,1532
20250612,31,1,1526
20250613,31,1,1518
20250614,31,1,1517
20250615,31,1,1516
20250616,31,1,1513
20250617,31,1,1506
20250618,31,1,1496
20250619,31,1,1492
20250620,31,1,1489
20250621,31,1,1486
20250622,31,1,1477
20250623,31,1,1471
20250624,31,1,1464
20250625,31,1,1462
20250626,31,1,1455
20250627,31,1,1452
20250628,31,1,1442
20250629,31,1,1436
20250630,31,1,1435
20250701,31,1,1683
20250702,31,1,1673
20250703,31,1,1669
20250704,31,1,1660
20250705,31,1,1649
20250706,31,1,1644
20250707,31,1,1643
20250708,31,1,1643
20250709,31,1,1640
20250710,31,1,1638
20250711,31,1,1630
20250712,31,1,1630
20250713,31,1,1622
20250714,31,1,1620
20250715,31,1,1619
20250716,31,1,1619
20250717,31,1,1610
20250718,31,1,1602
20250719,31,1,1592
20250720,31,1,1586
20250721,31,1,1579
20250722,31,1,1579
20250723,31,1,1579
20250724,31,1,1572
20250725,31,1,1566
20250726,31,1,1557
20250727,31,1,1551
20250728,31,1,1551
20250729,31,1,1544
20250730,31,1,1543
20250731,31,1,1533
20250801,31,1,1748
20250802,31,1,1748
20250803,31,1,1745
20250804,31,1,1745
20250805,31,1,1744
20250806,31,1,1738
20250807,31,1,1733
20250808,31,1,1727
20250809,31,1,1718
20250810,31,1,1709
20250811,31,1,1699
20250812,31,1,1699
20250813,31,1,1699
20250814,31,1,1689
20250815,31,1,1679
20250816,31,1,1679
20250817,31,1,1679
20250818,31,1,1676
20250819,31,1,1670
20250820,31,1,1670
20250821,31,1,1665
20250822,31,1,1663
20250823,31,1,1652
20250824,31,1,1643
20250825,31,1,1637
20250826,31,1,1636
20250827,31,1,1633
20250828,31,1,1631
20250829,31,1,1621
20250830,31,1,1614
20250831,31,1,1610
20250901,31,1,1754
20250902,31,1,1747
20250903,31,1,1745
20250904,31,1,1735
20250905,31,1,1726
20250906,31,1,1726
20250907,31,1,1726
20250908,31,1,1726
20250909,31,1,1723
20250910,31,1,1719
20250911,31,1,1708
20250912,31,1,1698
20250913,31,1,1687
20250914,31,1,1676
20250915,31,1,1676
20250916,31,1,1667
20250917,31,1,1656
20250918,31,1,1649
20250919,31,1,1638
20250920,31,1,1633
20250921,31,1,1624
20250922,31,1,1615
20250923,31,1,1613
20250924,31,1,1604
20250925,31,1,1599
20250926,31,1,1597
20250927,31,1,1596
20250928,31,1,1588
20250929,31,1,1579
20250930,31,1,1570
20251001,31,1,1855
20251002,31,1,1853
20251003,31,1,1845
20251004,31,1,1843
20251005,31,1,1835
20251006,31,1,1830
20251007,31,1,1820
20251008,31,1,1819
20251009,31,1,1817
20251010,31,1,1810
20251011,31,1,1804
20251012,31,1,1794
20251013,31,1,1784
20251014,31,1,1781
20251015,31,1,1774
20251016,31,1,1765
20251017,31,1,1754
20251018,31,1,1750
20251019,31,1,1750
20251020,31,1,1746
20251021,31,1,1744
20251022,31,1,1744
20251023,31,1,1742
20251024,31,1,1740
20251025,31,1,1740
20251026,31,1,1731
20251027,31,1,1724
20251028,31,1,1723
20251029,31,1,1719
20251030,31,1,1709
20251031,31,1,1707
20251101,31,1,1884
20251102,31,1,1880
20251103,31,1,1872
20251104,31,1,1870
20251105,31,1,1870
20251106,31,1,1864
20251107,31,1,1859
20251108,31,1,1849
20251109,31,1,1841
20251110,31,1,1837
20251111,31,1,1836
20251112,31,1,1830
20251113,31,1,1821
20251114,31,1,1818
20251115,31,1,1811
20251116,31,1,1811
20251117,31,1,1803
20251118,31,1,1793
20251119,31,1,1790
20251120,31,1,1782
20251121,31,1,1774
20251122,31,1,1772
20251123,31,1,1770
20251124,31,1,1766
20251125,31,1,1756
20251126,31,1,1752
20251127,31,1,1750
20251128,31,1,1747
20251129,31,1,1744
20251130,31,1,1738
20251201,31,1,1985
20251202,31,1,1981
20251203,31,1,1976
20251204,31,1,1973
20251205,31,1,1968
20251206,31,1,1968
20251207,31,1,1964
20251208,31,1,1955
20251209,31,1,1950
20251210,31,1,1945
20251211,31,1,1938
20251212,31,1,1934
20251213,31,1,1929
20251214,31,1,1927
20251215,31,1,1918
20251216,31,1,1912
20251217,31,1,1912
20251218,31,1,1906
20251219,31,1,1902
20251220,31,1,1902
20251221,31,1,1896
20251222,31,1,1895
20251223,31,1,1893
20251224,31,1,1886
20251225,31,1,1880
20251226,31,1,1877
20251227,31,1,1867
20251228,31,1,1856
20251229,31,1,1855
20251230,31,1,1853
20251231,31,1,1853
20260101,31,1,2021
20260102,31,1,2021
20260103,31,1,2010
20260104,31,1,2002
20260105,31,1,2002
20260106,31,1,1999
20260107,31,1,1991
20260108,31,1,1988
20260109,31,1,1983
20260110,31,1,1982
20260111,31,1,1972
20260112,31,1,1972
20260113,31,1,1971
20260114,31,1,1969
20260115,31,1,1965
20260116,31,1,1961
20260117,31,1,1953
20260118,31,1,1946
20260119,31,1,1946
20260120,31,1,1945
20260121,31,1,1942
20260122,31,1,1938
20260123,31,1,1929
20260124,31,1,1918
20260125,31,1,1915
20260126,31,1,1907
20260127,31,1,1904
20260128,31,1,1893
20260129,31,1,1886
20260130,31,1,1886
20260131,31,1,1885
20260201,31,1,2090
20260202,31,1,2088
20260203,31,1,2088
20260204,31,1,2077
20260205,31,1,2069
20260206,31,1,2059
20260207,31,1,2056
20260208,31,1,2050
20260209,31,1,2043
20260210,31,1,2040
20260211,31,1,2033
20260212,31,1,2027
20260213,31,1,2017
20260214,31,1,2007
20260215,31,1,1996
20260216,31,1,1990
20260217,31,1,1990
20260218,31,1,1981
20260219,31,1,1977
20260220,31,1,1969
20260221,31,1,1961
20260222,31,1,1960
20260223,31,1,1958
20260224,31,1,1949
20260225,31,1,1943
20260226,31,1,1941
20260227,31,1,1931
20260228,31,1,1921
20260301,31,1,2101
20260302,31,1,2099
20260303,31,1,2093
20260304,31,1,2084
20260305,31,1,2081
20260306,31,1,2081
20260307,31,1,2081
20260308,31,1,2078
20260309,31,1,2069
20260310,31,1,2065
20260311,31,1,2057
20260312,31,1,2047
20260313,31,1,2036
20260314,31,1,2033
20260315,31,1,2027
20260316,31,1,2019
20260317,31,1,2017
20260318,31,1,2009
20260319,31,1,2007
20260320,31,1,2001
20260321,31,1,1997
20260322,31,1,1993
20260323,31,1,1990
20260324,31,1,1985
20260325,31,1,1981
20260326,31,1,1978
20260327,31,1,1976
20260328,31,1,1971
20260329,31,1,1960
20260330,31,1,1953
20260331,31,1,1952
20240401,37,1,475
20240402,37,1,469
20240403,37,1,465
20240404,37,1,459
20240405,37,1,452
20240406,37,1,445
20240407,37,1,434
20240408,37,1,424
20240409,37,1,414
20240410,37,1,406
20240411,37,1,398
20240412,37,1,395
20240413,37,1,385
20240414,37,1,382
20240415,37,1,381
20240416,37,1,372
20240417,37,1,368
20240418,37,1,363
20240419,37,1,356
20240420,37,1,348
20240421,37,1,348
20240422,37,1,344
20240423,37,1,335
20240424,37,1,327
20240425,37,1,320
20240426,37,1,315
20240427,37,1,311
20240428,37,1,306
20240429,37,1,304
20240430,37,1,293
20240501,37,1,466
20240502,37,1,457
20240503,37,1,455
20240504,37,1,444
20240505,37,1,438
20240506,37,1,437
20240507,37,1,437
20240508,37,1,434
20240509,37,1,431
20240510,37,1,431
20240511,37,1,424
20240512,37,1,418
20240513,37,1,418
20240514,37,1,409
20240515,37,1,404
20240516,37,1,397
20240517,37,1,390
20240518,37,1,380
20240519,37,1,378
20240520,37,1,378
20240521,37,1,376
20240522,37,1,368
20240523,37,1,360
20240524,37,1,357
20240525,37,1,346
20240526,37,1,338
20240527,37,1,335
20240528,37,1,324
20240529,37,1,322
20240530,37,1,322
20240531,37,1,311
20240601,37,1,516
20240602,37,1,506
20240603,37,1,495
20240604,37,1,486
20240605,37,1,486
20240606,37,1,480
20240607,37,1,469
20240608,37,1,460
20240609,37,1,450
20240610,37,1,441
20240611,37,1,438
20240612,37,1,429
20240613,37,1,422
20240614,37,1,416
20240615,37,1,414
20240616,37,1,413
20240617,37,1,408
20240618,37,1,406
20240619,37,1,399
20240620,37,1,396
20240621,37,1,395
20240622,37,1,395
20240623,37,1,384
20240624,37,1,383
20240625,37,1,372
20240626,37,1,366
20240627,37,1,356
20240628,37,1,346
20240629,37,1,345
20240630,37,1,339
20240701,37,1,582
20240702,37,1,572
20240703,37,1,570
20240704,37,1,569
20240705,37,1,559
20240706,37,1,552
20240707,37,1,541
20240708,37,1,539
20240709,37,1,539
20240710,37,1,531
20240711,37,1,522
20240712,37,1,515
20240713,37,1,515
20240714,37,1,505
20240715,37,1,502
20240716,37,1,497
20240717,37,1,497
20240718,37,1,488
20240719,37,1,479
20240720,37,1,477
20240721,37,1,477
20240722,37,1,470
20240723,37,1,464
20240724,37,1,454
20240725,37,1,451
20240726,37,1,443
20240727,37,1,433
20240728,37,1,423
20240729,37,1,422
20240730,37,1,415
20240731,37,1,411
20240801,37,1,635
20240802,37,1,625
20240803,37,1,620
20240804,37,1,617
20240805,37,1,615
20240806,37,1,607
20240807,37,1,603
20240808,37,1,595
20240809,37,1,592
20240810,37,1,583
20240811,37,1,575
20240812,37,1,570
20240813,37,1,559
20240814,37,1,554
20240815,37,1,548
20240816,37,1,548
20240817,37,1,541
20240818,37,1,530
20240819,37,1,524
20240820,37,1,520
20240821,37,1,513
20240822,37,1,507
20240823,37,1,505
20240824,37,1,503
20240825,37,1,493
20240826,37,1,486
20240827,37,1,476
20240828,37,1,472
20240829,37,1,461
20240830,37,1,454
20240831,37,1,444
20240901,37,1,693
20240902,37,1,686
20240903,37,1,677
20240904,37,1,677
20240905,37,1,671
20240906,37,1,662
20240907,37,1,653
20240908,37,1,647
20240909,37,1,636
20240910,37,1,634
20240911,37,1,625
20240912,37,1,622
20240913,37,1,619
20240914,37,1,610
20240915,37,1,601
20240916,37,1,590
20240917,37,1,585
20240918,37,1,576
20240919,37,1,567
20240920,37,1,557
20240921,37,1,554
20240922,37,1,549
20240923,37,1,541
20240924,37,1,536
20240925,37,1,525
20240926,37,1,516
20240927,37,1,516
20240928,37,1,512
20240929,37,1,506
20240930,37,1,498
20241001,37,1,721
20241002,37,1,714
20241003,37,1,713
20241004,37,1,709
20241005,37,1,706
20241006,37,1,702
20241007,37,1,700
20241008,37,1,689
20241009,37,1,688
20241010,37,1,685
20241011,37,1,680
20241012,37,1,673
20241013,37,1,671
20241014,37,1,663
20241015,37,1,663
20241016,37,1,663
20241017,37,1,661
20241018,37,1,659
20241019,37,1,652
20241020,37,1,643
20241021,37,1,634
20241022,37,1,632
20241023,37,1,627
20241024,37,1,625
20241025,37,1,618
20241026,37,1,615
20241027,37,1,608
20241028,37,1,599
20241029,37,1,592
20241030,37,1,592
20241031,37,1,581
20241101,37,1,792
20241102,37,1,784
20241103,37,1,778
20241104,37,1,767
20241105,37,1,757
20241106,37,1,750
20241107,37,1,743
20241108,37,1,739
20241109,37,1,734
20241110,37,1,734
20241111,37,1,726
20241112,37,1,725
20241113,37,1,723
20241114,37,1,717
20241115,37,1,709
20241116,37,1,709
20241117,37,1,700
20241118,37,1,699
20241119,37,1,692
20241120,37,1,683
20241121,37,1,681
20241122,37,1,677
20241123,37,1,671
20241124,37,1,665
20241125,37,1,656
20241126,37,1,645
20241127,37,1,641
20241128,37,1,634
20241129,37,1,623
20241130,37,1,616
20241201,37,1,770
20241202,37,1,763
20241203,37,1,752
20241204,37,1,750
20241205,37,1,748
20241206,37,1,741
20241207,37,1,740
20241208,37,1,729
20241209,37,1,719
20241210,37,1,713
20241211,37,1,709
20241212,37,1,704
20241213,37,1,698
20241214,37,1,688
20241215,37,1,680
20241216,37,1,675
20241217,37,1,668
20241218,37,1,662
20241219,37,1,661
20241220,37,1,658
20241221,37,1,656
20241222,37,1,650
20241223,37,1,639
20241224,37,1,631
20241225,37,1,624
20241226,37,1,618
20241227,37,1,614
20241228,37,1,612
20241229,37,1,602
20241230,37,1,602
20241231,37,1,592
20250101,37,1,765
20250102,37,1,755
20250103,37,1,744
20250104,37,1,733
20250105,37,1,727
20250106,37,1,721
20250107,37,1,721
20250108,37,1,712
20250109,37,1,706
20250110,37,1,706
20250111,37,1,702
20250112,37,1,692
20250113,37,1,688
20250114,37,1,685
20250115,37,1,682
20250116,37,1,680
20250117,37,1,674
20250118,37,1,671
20250119,37,1,664
20250120,37,1,659
20250121,37,1,652
20250122,37,1,645
20250123,37,1,645
20250124,37,1,645
20250125,37,1,642
20250126,37,1,638
20250127,37,1,633
20250128,37,1,625
20250129,37,1,614
20250130,37,1,605
20250131,37,1,601
20250201,37,1,782
20250202,37,1,780
20250203,37,1,774
20250204,37,1,766
20250205,37,1,763
20250206,37,1,756
20250207,37,1,752
20250208,37,1,747
20250209,37,1,745
20250210,37,1,739
20250211,37,1,738
20250212,37,1,733
20250213,37,1,728
20250214,37,1,724
20250215,37,1,714
20250216,37,1,705
20250217,37,1,699
20250218,37,1,689
20250219,37,1,682
20250220,37,1,675
20250221,37,1,670
20250222,37,1,667
20250223,37,1,664
20250224,37,1,653
20250225,37,1,645
20250226,37,1,644
20250227,37,1,642
20250228,37,1,631
20250301,37,1,806
20250302,37,1,802
20250303,37,1,794
20250304,37,1,784
20250305,37,1,779
20250306,37,1,779
20250307,37,1,775
20250308,37,1,775
20250309,37,1,773
20250310,37,1,769
20250311,37,1,768
20250312,37,1,768
20250313,37,1,765
20250314,37,1,765
20250315,37,1,762
20250316,37,1,761
20250317,37,1,755
20250318,37,1,746
20250319,37,1,736
20250320,37,1,729
20250321,37,1,728
20250322,37,1,728
20250323,37,1,720
20250324,37,1,712
20250325,37,1,709
20250326,37,1,698
20250327,37,1,691
20250328,37,1,686
20250329,37,1,679
20250330,37,1,679
20250331,37,1,671
20250401,37,1,854
20250402,37,1,847
20250403,37,1,847
20250404,37,1,847
20250405,37,1,845
20250406,37,1,834
20250407,37,1,823
20250408,37,1,818
20250409,37,1,814
20250410,37,1,809
20250411,37,1,802
20250412,37,1,796
20250413,37,1,793
20250414,37,1,790
20250415,37,1,785
20250416,37,1,782
20250417,37,1,777
20250418,37,1,777
20250419,37,1,775
20250420,37,1,764
20250421,37,1,760
20250422,37,1,755
20250423,37,1,753
20250424,37,1,743
20250425,37,1,740
20250426,37,1,737
20250427,37,1,732
20250428,37,1,723
20250429,37,1,714
20250430,37,1,712
20250501,37,1,888
20250502,37,1,886
20250503,37,1,880
20250504,37,1,878
20250505,37,1,878
20250506,37,1,869
20250507,37,1,865
20250508,37,1,863
20250509,37,1,862
20250510,37,1,853
20250511,37,1,846
20250512,37,1,843
20250513,37,1,834
20250514,37,1,831
20250515,37,1,829
20250516,37,1,825
20250517,37,1,825
20250518,37,1,820
20250519,37,1,811
20250520,37,1,806
20250521,37,1,800
20250522,37,1,796
20250523,37,1,787
20250524,37,1,776
20250525,37,1,770
20250526,37,1,762
20250527,37,1,755
20250528,37,1,745
20250529,37,1,735
20250530,37,1,725
20250531,37,1,725
20250601,37,1,933
20250602,37,1,924
20250603,37,1,918
20250604,37,1,913
20250605,37,1,907
20250606,37,1,900
20250607,37,1,893
20250608,37,1,885
20250609,37,1,881
20250610,37,1,875
20250611,37,1,874
20250612,37,1,868
20250613,37,1,864
20250614,37,1,864
20250615,37,1,862
20250616,37,1,851
20250617,37,1,845
20250618,37,1,845
20250619,37,1,835
20250620,37,1,834
20250621,37,1,827
20250622,37,1,827
20250623,37,1,817
20250624,37,1,810
20250625,37,1,800
20250626,37,1,797
20250627,37,1,787
20250628,37,1,777
20250629,37,1,772
20250630,37,1,765
20250701,37,1,962
20250702,37,1,955
20250703,37,1,954
20250704,37,1,950
20250705,37,1,946
20250706,37,1,941
20250707,37,1,934
20250708,37,1,931
20250709,37,1,929
20250710,37,1,924
20250711,37,1,920
20250712,37,1,910
20250713,37,1,901
20250714,37,1,899
20250715,37,1,891
20250716,37,1,884
20250717,37,1,874
20250718,37,1,866
20250719,37,1,860
20250720,37,1,857
20250721,37,1,855
20250722,37,1,851
20250723,37,1,841
20250724,37,1,831
20250725,37,1,820
20250726,37,1,809
20250727,37,1,804
20250728,37,1,797
20250729,37,1,796
20250730,37,1,795
20250731,37,1,792
20250801,37,1,958
20250802,37,1,948
20250803,37,1,948
20250804,37,1,940
20250805,37,1,937
20250806,37,1,932
20250807,37,1,928
20250808,37,1,927
20250809,37,1,918
20250810,37,1,915
20250811,37,1,910
20250812,37,1,903
20250813,37,1,897
20250814,37,1,895
20250815,37,1,887
20250816,37,1,886
20250817,37,1,877
20250818,37,1,870
20250819,37,1,866
20250820,37,1,862
20250821,37,1,860
20250822,37,1,855
20250823,37,1,853
20250824,37,1,847
20250825,37,1,846
20250826,37,1,836
20250827,37,1,835
20250828,37,1,827
20250829,37,1,822
20250830,37,1,818
20250831,37,1,816
20250901,37,1,1052
20250902,37,1,1045
20250903,37,1,1045
20250904,37,1,1036
20250905,37,1,1025
20250906,37,1,1017
20250907,37,1,1017
20250908,37,1,1011
20250909,37,1,1008
20250910,37,1,1001
20250911,37,1,992
20250912,37,1,982
20250913,37,1,972
20250914,37,1,961
20250915,37,1,960
20250916,37,1,959
20250917,37,1,950
20250918,37,1,942
20250919,37,1,933
20250920,37,1,931
20250921,37,1,926
20250922,37,1,919
20250923,37,1,912
20250924,37,1,902
20250925,37,1,898
20250926,37,1,888
20250927,37,1,885
20250928,37,1,876
20250929,37,1,876
20250930,37,1,874
20251001,37,1,1023
20251002,37,1,1017
20251003,37,1,1007
20251004,37,1,1007
20251005,37,1,1000
20251006,37,1,999
20251007,37,1,997
20251008,37,1,996
20251009,37,1,989
20251010,37,1,982
20251011,37,1,979
20251012,37,1,971
20251013,37,1,967
20251014,37,1,958
20251015,37,1,952
20251016,37,1,941
20251017,37,1,933
20251018,37,1,922
20251019,37,1,912
20251020,37,1,910
20251021,37,1,906
20251022,37,1,902
20251023,37,1,895
20251024,37,1,889
20251025,37,1,884
20251026,37,1,884
20251027,37,1,879
20251028,37,1,877
20251029,37,1,866
20251030,37,1,856
20251031,37,1,854
20251101,37,1,1058
20251102,37,1,1053
20251103,37,1,1051
20251104,37,1,1043
20251105,37,1,1033
20251106,37,1,1024
20251107,37,1,1020
20251108,37,1,1010
20251109,37,1,1000
20251110,37,1,990
20251111,37,1,981
20251112,37,1,978
20251113,37,1,972
20251114,37,1,965
20251115,37,1,956
20251116,37,1,955
20251117,37,1,955
20251118,37,1,944
20251119,37,1,936
20251120,37,1,933
20251121,37,1,922
20251122,37,1,918
20251123,37,1,911
20251124,37,1,900
20251125,37,1,890
20251126,37,1,883
20251127,37,1,877
20251128,37,1,874
20251129,37,1,872
20251130,37,1,871
20251201,37,1,1018
20251202,37,1,1014
20251203,37,1,1007
20251204,37,1,1001
20251205,37,1,993
20251206,37,1,991
20251207,37,1,990
20251208,37,1,989
20251209,37,1,981
20251210,37,1,971
20251211,37,1,967
20251212,37,1,966
20251213,37,1,955
20251214,37,1,953
20251215,37,1,946
20251216,37,1,936
20251217,37,1,925
20251218,37,1,923
20251219,37,1,923
20251220,37,1,918
20251221,37,1,908
20251222,37,1,903
20251223,37,1,893
20251224,37,1,883
20251225,37,1,877
20251226,37,1,867
20251227,37,1,856
20251228,37,1,848
20251229,37,1,840
20251230,37,1,835
20251231,37,1,824
20260101,37,1,1018
20260102,37,1,1007
20260103,37,1,997
20260104,37,1,987
20260105,37,1,985
20260106,37,1,974
20260107,37,1,972
20260108,37,1,970
20260109,37,1,964
20260110,37,1,963
20260111,37,1,955
20260112,37,1,944
20260113,37,1,941
20260114,37,1,938
20260115,37,1,933
20260116,37,1,932
20260117,37,1,930
20260118,37,1,919
20260119,37,1,908
20260120,37,1,902
20260121,37,1,894
20260122,37,1,894
20260123,37,1,894
20260124,37,1,884
20260125,37,1,884
20260126,37,1,876
20260127,37,1,865
20260128,37,1,856
20260129,37,1,852
20260130,37,1,846
20260131,37,1,839
20260201,37,1,1044
20260202,37,1,1044
20260203,37,1,1033
20260204,37,1,1023
20260205,37,1,1022
20260206,37,1,1016
20260207,37,1,1009
20260208,37,1,998
20260209,37,1,987
20260210,37,1,982
20260211,37,1,980
20260212,37,1,971
20260213,37,1,964
20260214,37,1,958
20260215,37,1,949
20260216,37,1,949
20260217,37,1,949
20260218,37,1,944
20260219,37,1,940
20260220,37,1,939
20260221,37,1,937
20260222,37,1,932
20260223,37,1,932
20260224,37,1,924
20260225,37,1,923
20260226,37,1,915
20260227,37,1,911
20260228,37,1,910
20260301,37,1,1139
20260302,37,1,1128
20260303,37,1,1123
20260304,37,1,1112
20260305,37,1,1107
20260306,37,1,1097
20260307,37,1,1094
20260308,37,1,1085
20260309,37,1,1083
20260310,37,1,1083
20260311,37,1,1082
20260312,37,1,1078
20260313,37,1,1077
20260314,37,1,1068
20260315,37,1,1067
20260316,37,1,1056
20260317,37,1,1052
20260318,37,1,1047
20260319,37,1,1039
20260320,37,1,1031
20260321,37,1,1021
20260322,37,1,1010
20260323,37,1,1007
20260324,37,1,1000
20260325,37,1,992
20260326,37,1,983
20260327,37,1,980
20260328,37,1,969
20260329,37,1,967
20260330,37,1,959
20260331,37,1,949
20240401,34,1,458
20240402,34,1,457
20240403,34,1,448
20240404,34,1,438
20240405,34,1,435
20240406,34,1,427
20240407,34,1,416
20240408,34,1,412
20240409,34,1,412
20240410,34,1,409
20240411,34,1,398
20240412,34,1,387
20240413,34,1,377
20240414,34,1,371
20240415,34,1,368
20240416,34,1,361
20240417,34,1,351
20240418,34,1,342
20240419,34,1,342
20240420,34,1,334
20240421,34,1,323
20240422,34,1,322
20240423,34,1,315
20240424,34,1,308
20240425,34,1,302
20240426,34,1,293
20240427,34,1,282
20240428,34,1,275
20240429,34,1,275
20240430,34,1,269
20240501,34,1,492
20240502,34,1,484
20240503,34,1,478
20240504,34,1,477
20240505,34,1,468
20240506,34,1,468
20240507,34,1,458
20240508,34,1,451
20240509,34,1,440
20240510,34,1,436
20240511,34,1,434
20240512,34,1,429
20240513,34,1,420
20240514,34,1,413
20240515,34,1,408
20240516,34,1,404
20240517,34,1,395
20240518,34,1,393
20240519,34,1,393
20240520,34,1,391
20240521,34,1,389
20240522,34,1,387
20240523,34,1,384
20240524,34,1,376
20240525,34,1,374
20240526,34,1,373
20240527,34,1,369
20240528,34,1,358
20240529,34,1,347
20240530,34,1,347
20240531,34,1,347
20240601,34,1,541
20240602,34,1,532
20240603,34,1,531
20240604,34,1,530
20240605,34,1,528
20240606,34,1,521
20240607,34,1,520
20240608,34,1,517
20240609,34,1,511
20240610,34,1,500
20240611,34,1,490
20240612,34,1,488
20240613,34,1,485
20240614,34,1,485
20240615,34,1,482
20240616,34,1,475
20240617,34,1,469
20240618,34,1,465
20240619,34,1,465
20240620,34,1,455
20240621,34,1,451
20240622,34,1,441
20240623,34,1,433
20240624,34,1,424
20240625,34,1,419
20240626,34,1,418
20240627,34,1,416
20240628,34,1,409
20240629,34,1,402
20240630,34,1,401
20240701,34,1,680
20240702,34,1,675
20240703,34,1,673
20240704,34,1,671
20240705,34,1,666
20240706,34,1,663
20240707,34,1,658
20240708,34,1,647
20240709,34,1,638
20240710,34,1,635
20240711,34,1,629
20240712,34,1,625
20240713,34,1,622
20240714,34,1,617
20240715,34,1,616
20240716,34,1,614
20240717,34,1,608
20240718,34,1,600
20240719,34,1,592
20240720,34,1,581
20240721,34,1,579
20240722,34,1,578
20240723,34,1,571
20240724,34,1,565
20240725,34,1,555
20240726,34,1,554
20240727,34,1,552
20240728,34,1,548
20240729,34,1,539
20240730,34,1,537
20240731,34,1,526
20240801,34,1,681
20240802,34,1,673
20240803,34,1,672
20240804,34,1,661
20240805,34,1,661
20240806,34,1,657
20240807,34,1,649
20240808,34,1,645
20240809,34,1,641
20240810,34,1,638
20240811,34,1,636
20240812,34,1,630
20240813,34,1,625
20240814,34,1,616
20240815,34,1,610
20240816,34,1,604
20240817,34,1,603
20240818,34,1,600
20240819,34,1,600
20240820,34,1,589
20240821,34,1,580
20240822,34,1,577
20240823,34,1,572
20240824,34,1,566
20240825,34,1,564
20240826,34,1,563
20240827,34,1,552
20240828,34,1,548
20240829,34,1,539
20240830,34,1,532
20240831,34,1,528
20240901,34,1,767
20240902,34,1,764
20240903,34,1,756
20240904,34,1,747
20240905,34,1,739
20240906,34,1,731
20240907,34,1,721
20240908,34,1,718
20240909,34,1,718
20240910,34,1,715
20240911,34,1,708
20240912,34,1,701
20240913,34,1,698
20240914,34,1,689
20240915,34,1,678
20240916,34,1,677
20240917,34,1,677
20240918,34,1,669
20240919,34,1,664
20240920,34,1,656
20240921,34,1,648
20240922,34,1,648
20240923,34,1,639
20240924,34,1,637
20240925,34,1,630
20240926,34,1,619
20240927,34,1,614
20240928,34,1,610
20240929,34,1,600
20240930,34,1,595
20241001,34,1,829
20241002,34,1,823
20241003,34,1,823
20241004,34,1,813
20241005,34,1,806
20241006,34,1,801
20241007,34,1,793
20241008,34,1,786
20241009,34,1,781
20241010,34,1,778
20241011,34,1,778
20241012,34,1,776
20241013,34,1,772
20241014,34,1,767
20241015,34,1,756
20241016,34,1,752
20241017,34,1,747
20241018,34,1,747
20241019,34,1,746
20241020,34,1,741
20241021,34,1,737
20241022,34,1,730
20241023,34,1,720
20241024,34,1,720
20241025,34,1,719
20241026,34,1,713
20241027,34,1,712
20241028,34,1,709
20241029,34,1,701
20241030,34,1,701
20241031,34,1,694
20241101,34,1,849
20241102,34,1,841
20241103,34,1,841
20241104,34,1,835
20241105,34,1,830
20241106,34,1,819
20241107,34,1,819
20241108,34,1,811
20241109,34,1,805
20241110,34,1,794
20241111,34,1,786
20241112,34,1,783
20241113,34,1,782
20241114,34,1,776
20241115,34,1,766
20241116,34,1,760
20241117,34,1,754
20241118,34,1,748
20241119,34,1,744
20241120,34,1,734
20241121,34,1,732
20241122,34,1,726
20241123,34,1,716
20241124,34,1,713
20241125,34,1,708
20241126,34,1,700
20241127,34,1,699
20241128,34,1,696
20241129,34,1,688
20241130,34,1,687
20241201,34,1,886
20241202,34,1,876
20241203,34,1,875
20241204,34,1,869
20241205,34,1,861
20241206,34,1,857
20241207,34,1,852
20241208,34,1,847
20241209,34,1,837
20241210,34,1,830
20241211,34,1,826
20241212,34,1,826
20241213,34,1,822
20241214,34,1,813
20241215,34,1,808
20241216,34,1,804
20241217,34,1,796
20241218,34,1,785
20241219,34,1,784
20241220,34,1,773
20241221,34,1,769
20241222,34,1,762
20241223,34,1,759
20241224,34,1,759
20241225,34,1,755
20241226,34,1,745
20241227,34,1,735
20241228,34,1,731
20241229,34,1,724
20241230,34,1,715
20241231,34,1,709
20250101,34,1,979
20250102,34,1,968
20250103,34,1,962
20250104,34,1,961
20250105,34,1,952
20250106,34,1,941
20250107,34,1,937
20250108,34,1,932
20250109,34,1,922
20250110,34,1,916
20250111,34,1,912
20250112,34,1,905
20250113,34,1,904
20250114,34,1,900
20250115,34,1,891
20250116,34,1,890
20250117,34,1,884
20250118,34,1,876
20250119,34,1,870
20250120,34,1,866
20250121,34,1,855
20250122,34,1,846
20250123,34,1,837
20250124,34,1,836
20250125,34,1,825
20250126,34,1,819
20250127,34,1,811
20250128,34,1,807
20250129,34,1,801
20250130,34,1,793
20250131,34,1,787
20250201,34,1,1018
20250202,34,1,1007
20250203,34,1,1005
20250204,34,1,1001
20250205,34,1,992
20250206,34,1,987
20250207,34,1,987
20250208,34,1,986
20250209,34,1,976
20250210,34,1,965
20250211,34,1,962
20250212,34,1,960
20250213,34,1,958
20250214,34,1,948
20250215,34,1,948
20250216,34,1,947
20250217,34,1,943
20250218,34,1,932
20250219,34,1,931
20250220,34,1,928
20250221,34,1,926
20250222,34,1,923
20250223,34,1,915
20250224,34,1,913
20250225,34,1,909
20250226,34,1,908
20250227,34,1,908
20250228,34,1,903
20250301,34,1,1092
20250302,34,1,1092
20250303,34,1,1092
20250304,34,1,1082
20250305,34,1,1077
20250306,34,1,1067
20250307,34,1,1066
20250308,34,1,1062
20250309,34,1,1054
20250310,34,1,1052
20250311,34,1,1050
20250312,34,1,1049
20250313,34,1,1045
20250314,34,1,1037
20250315,34,1,1034
20250316,34,1,1033
20250317,34,1,1026
20250318,34,1,1018
20250319,34,1,1014
20250320,34,1,1011
20250321,34,1,1003
20250322,34,1,995
20250323,34,1,988
20250324,34,1,984
20250325,34,1,978
20250326,34,1,977
20250327,34,1,977
20250328,34,1,974
20250329,34,1,968
20250330,34,1,960
20250331,34,1,958
20250401,34,1,1207
20250402,34,1,1200
20250403,34,1,1199
20250404,34,1,1196
20250405,34,1,1194
20250406,34,1,1187
20250407,34,1,1179
20250408,34,1,1179
20250409,34,1,1175
20250410,34,1,1168
20250411,34,1,1160
20250412,34,1,1151
20250413,34,1,1142
20250414,34,1,1141
20250415,34,1,1134
20250416,34,1,1125
20250417,34,1,1119
20250418,34,1,1109
20250419,34,1,1100
20250420,34,1,1089
20250421,34,1,1078
20250422,34,1,1078
20250423,34,1,1074
20250424,34,1,1064
20250425,34,1,1064
20250426,34,1,1064
20250427,34,1,1061
20250428,34,1,1057
20250429,34,1,1050
20250430,34,1,1044
20250501,34,1,1302
20250502,34,1,1297
20250503,34,1,1293
20250504,34,1,1283
20250505,34,1,1273
20250506,34,1,1264
20250507,34,1,1262
20250508,34,1,1261
20250509,34,1,1255
20250510,34,1,1247
20250511,34,1,1238
20250512,34,1,1229
20250513,34,1,1227
20250514,34,1,1223
20250515,34,1,1212
20250516,34,1,1204
20250517,34,1,1193
20250518,34,1,1191
20250519,34,1,1188
20250520,34,1,1181
20250521,34,1,1176
20250522,34,1,1165
20250523,34,1,1165
20250524,34,1,1158
20250525,34,1,1147
20250526,34,1,1141
20250527,34,1,1140
20250528,34,1,1140
20250529,34,1,1135
20250530,34,1,1126
20250531,34,1,1118
20250601,34,1,1276
20250602,34,1,1266
20250603,34,1,1259
20250604,34,1,1256
20250605,34,1,1256
20250606,34,1,1250
20250607,34,1,1242
20250608,34,1,1232
20250609,34,1,1224
20250610,34,1,1219
20250611,34,1,1213
20250612,34,1,1211
20250613,34,1,1203
20250614,34,1,1196
20250615,34,1,1196
20250616,34,1,1193
20250617,34,1,1192
20250618,34,1,1181
20250619,34,1,1181
20250620,34,1,1175
20250621,34,1,1172
20250622,34,1,1161
20250623,34,1,1159
20250624,34,1,1148
20250625,34,1,1146
20250626,34,1,1146
20250627,34,1,1141
20250628,34,1,1136
20250629,34,1,1129
20250630,34,1,1123
20250701,34,1,1351
20250702,34,1,1341
20250703,34,1,1335
20250704,34,1,1331
20250705,34,1,1331
20250706,34,1,1327
20250707,34,1,1322
20250708,34,1,1322
20250709,34,1,1313
20250710,34,1,1304
20250711,34,1,1302
20250712,34,1,1295
20250713,34,1,1294
20250714,34,1,1293
20250715,34,1,1285
20250716,34,1,1283
20250717,34,1,1272
20250718,34,1,1270
20250719,34,1,1263
20250720,34,1,1259
20250721,34,1,1259
20250722,34,1,1259
20250723,34,1,1258
20250724,34,1,1249
20250725,34,1,1238
20250726,34,1,1235
20250727,34,1,1232
20250728,34,1,1221
20250729,34,1,1217
20250730,34,1,1214
20250731,34,1,1208
20250801,34,1,1409
20250802,34,1,1398
20250803,34,1,1390
20250804,34,1,1388
20250805,34,1,1381
20250806,34,1,1371
20250807,34,1,1366
20250808,34,1,1365
20250809,34,1,1360
20250810,34,1,1355
20250811,34,1,1353
20250812,34,1,1343
20250813,34,1,1343
20250814,34,1,1342
20250815,34,1,1341
20250816,34,1,1341
20250817,34,1,1338
20250818,34,1,1336
20250819,34,1,1327
20250820,34,1,1324
20250821,34,1,1322
20250822,34,1,1318
20250823,34,1,1317
20250824,34,1,1309
20250825,34,1,1300
20250826,34,1,1300
20250827,34,1,1293
20250828,34,1,1287
20250829,34,1,1276
20250830,34,1,1268
20250831,34,1,1258
20250901,34,1,1522
20250902,34,1,1511
20250903,34,1,1504
20250904,34,1,1495
20250905,34,1,1490
20250906,34,1,1489
20250907,34,1,1482
20250908,34,1,1480
20250909,34,1,1474
20250910,34,1,1466
20250911,34,1,1456
20250912,34,1,1454
20250913,34,1,1444
20250914,34,1,1442
20250915,34,1,1433
20250916,34,1,1423
20250917,34,1,1416
20250918,34,1,1411
20250919,34,1,1404
20250920,34,1,1400
20250921,34,1,1399
20250922,34,1,1394
20250923,34,1,1394
20250924,34,1,1391
20250925,34,1,1380
20250926,34,1,1379
20250927,34,1,1379
20250928,34,1,1368
20250929,34,1,1360
20250930,34,1,1357
20251001,34,1,1517
20251002,34,1,1506
20251003,34,1,1506
20251004,34,1,1495
20251005,34,1,1494
20251006,34,1,1483
20251007,34,1,1482
20251008,34,1,1479
20251009,34,1,1479
20251010,34,1,1474
20251011,34,1,1467
20251012,34,1,1466
20251013,34,1,1466
20251014,34,1,1465
20251015,34,1,1460
20251016,34,1,1454
20251017,34,1,1447
20251018,34,1,1436
20251019,34,1,1432
20251020,34,1,1425
20251021,34,1,1424
20251022,34,1,1420
20251023,34,1,1418
20251024,34,1,1416
20251025,34,1,1415
20251026,34,1,1415
20251027,34,1,1412
20251028,34,1,1412
20251029,34,1,1408
20251030,34,1,1408
20251031,34,1,1404
20251101,34,1,1673
20251102,34,1,1673
20251103,34,1,1671
20251104,34,1,1666
20251105,34,1,1659
20251106,34,1,1652
20251107,34,1,1652
20251108,34,1,1641
20251109,34,1,1636
20251110,34,1,1633
20251111,34,1,1622
20251112,34,1,1620
20251113,34,1,1611
20251114,34,1,1600
20251115,34,1,1597
20251116,34,1,1592
20251117,34,1,1586
20251118,34,1,1577
20251119,34,1,1566
20251120,34,1,1560
20251121,34,1,1552
20251122,34,1,1542
20251123,34,1,1535
20251124,34,1,1526
20251125,34,1,1520
20251126,34,1,1514
20251127,34,1,1504
20251128,34,1,1500
20251129,34,1,1498
20251130,34,1,1490
20251201,34,1,1720
20251202,34,1,1716
20251203,34,1,1708
20251204,34,1,1703
20251205,34,1,1696
20251206,34,1,1696
20251207,34,1,1685
20251208,34,1,1676
20251209,34,1,1671
20251210,34,1,1669
20251211,34,1,1658
20251212,34,1,1652
20251213,34,1,1647
20251214,34,1,1636
20251215,34,1,1626
20251216,34,1,1623
20251217,34,1,1615
20251218,34,1,1612
20251219,34,1,1612
20251220,34,1,1608
20251221,34,1,1606
20251222,34,1,1600
20251223,34,1,1595
20251224,34,1,1593
20251225,34,1,1588
20251226,34,1,1580
20251227,34,1,1573
20251228,34,1,1566
20251229,34,1,1565
20251230,34,1,1564
20251231,34,1,1557
20260101,34,1,1776
20260102,34,1,1772
20260103,34,1,1771
20260104,34,1,1767
20260105,34,1,1760
20260106,34,1,1749
20260107,34,1,1743
20260108,34,1,1739
20260109,34,1,1735
20260110,34,1,1735
20260111,34,1,1733
20260112,34,1,1729
20260113,34,1,1722
20260114,34,1,1715
20260115,34,1,1712
20260116,34,1,1706
20260117,34,1,1704
20260118,34,1,1704
20260119,34,1,1701
20260120,34,1,1699
20260121,34,1,1693
20260122,34,1,1684
20260123,34,1,1682
20260124,34,1,1682
20260125,34,1,1682
20260126,34,1,1680
20260127,34,1,1679
20260128,34,1,1668
20260129,34,1,1666
20260130,34,1,1659
20260131,34,1,1651
20260201,34,1,1836
20260202,34,1,1834
20260203,34,1,1824
20260204,34,1,1820
20260205,34,1,1820
20260206,34,1,1813
20260207,34,1,1808
20260208,34,1,1806
20260209,34,1,1805
20260210,34,1,1797
20260211,34,1,1794
20260212,34,1,1794
20260213,34,1,1785
20260214,34,1,1783
20260215,34,1,1772
20260216,34,1,1765
20260217,34,1,1759
20260218,34,1,1751
20260219,34,1,1749
20260220,34,1,1741
20260221,34,1,1739
20260222,34,1,1736
20260223,34,1,1730
20260224,34,1,1726
20260225,34,1,1716
20260226,34,1,1716
20260227,34,1,1715
20260228,34,1,1715
20260301,34,1,1996
20260302,34,1,1986
20260303,34,1,1980
20260304,34,1,1970
20260305,34,1,1961
20260306,34,1,1960
20260307,34,1,1949
20260308,34,1,1943
20260309,34,1,1936
20260310,34,1,1934
20260311,34,1,1925
20260312,34,1,1925
20260313,34,1,1924
20260314,34,1,1922
20260315,34,1,1913
20260316,34,1,1904
20260317,34,1,1901
20260318,34,1,1895
20260319,34,1,1891
20260320,34,1,1885
20260321,34,1,1885
20260322,34,1,1880
20260323,34,1,1875
20260324,34,1,1875
20260325,34,1,1868
20260326,34,1,1864
20260327,34,1,1861
20260328,34,1,1852
20260329,34,1,1843
20260330,34,1,1840
20260331,34,1,1829
20240401,28,2,431
20240402,28,2,429
20240403,28,2,425
20240404,28,2,417
20240405,28,2,413
20240406,28,2,410
20240407,28,2,403
20240408,28,2,402
20240409,28,2,396
20240410,28,2,393
20240411,28,2,390
20240412,28,2,385
20240413,28,2,377
20240414,28,2,375
20240415,28,2,367
20240416,28,2,363
20240417,28,2,353
20240418,28,2,349
20240419,28,2,344
20240420,28,2,335
20240421,28,2,335
20240422,28,2,325
20240423,28,2,322
20240424,28,2,313
20240425,28,2,309
20240426,28,2,307
20240427,28,2,306
20240428,28,2,297
20240429,28,2,297
20240430,28,2,290
20240501,28,2,528
20240502,28,2,519
20240503,28,2,515
20240504,28,2,506
20240505,28,2,502
20240506,28,2,493
20240507,28,2,488
20240508,28,2,483
20240509,28,2,473
20240510,28,2,472
20240511,28,2,468
20240512,28,2,468
20240513,28,2,468
20240514,28,2,467
20240515,28,2,459
20240516,28,2,450
20240517,28,2,441
20240518,28,2,430
20240519,28,2,424
20240520,28,2,422
20240521,28,2,417
20240522,28,2,411
20240523,28,2,402
20240524,28,2,397
20240525,28,2,397
20240526,28,2,387
20240527,28,2,380
20240528,28,2,379
20240529,28,2,368
20240530,28,2,363
20240531,28,2,354
20240601,28,2,610
20240602,28,2,600
20240603,28,2,589
20240604,28,2,578
20240605,28,2,576
20240606,28,2,575
20240607,28,2,569
20240608,28,2,567
20240609,28,2,560
20240610,28,2,552
20240611,28,2,552
20240612,28,2,543
20240613,28,2,542
20240614,28,2,536
20240615,28,2,530
20240616,28,2,530
20240617,28,2,528
20240618,28,2,522
20240619,28,2,517
20240620,28,2,512
20240621,28,2,504
20240622,28,2,496
20240623,28,2,489
20240624,28,2,481
20240625,28,2,471
20240626,28,2,469
20240627,28,2,458
20240628,28,2,453
20240629,28,2,442
20240630,28,2,435
20240701,28,2,643
20240702,28,2,642
20240703,28,2,635
20240704,28,2,627
20240705,28,2,626
20240706,28,2,615
20240707,28,2,612
20240708,28,2,603
20240709,28,2,594
20240710,28,2,586
20240711,28,2,576
20240712,28,2,567
20240713,28,2,566
20240714,28,2,562
20240715,28,2,556
20240716,28,2,550
20240717,28,2,544
20240718,28,2,542
20240719,28,2,531
20240720,28,2,523
20240721,28,2,514
20240722,28,2,510
20240723,28,2,503
20240724,28,2,500
20240725,28,2,493
20240726,28,2,490
20240727,28,2,479
20240728,28,2,473
20240729,28,2,468
20240730,28,2,462
20240731,28,2,460
20240801,28,2,730
20240802,28,2,720
20240803,28,2,710
20240804,28,2,707
20240805,28,2,701
20240806,28,2,698
20240807,28,2,697
20240808,28,2,694
20240809,28,2,684
20240810,28,2,681
20240811,28,2,670
20240812,28,2,662
20240813,28,2,657
20240814,28,2,650
20240815,28,2,640
20240816,28,2,640
20240817,28,2,631
20240818,28,2,625
20240819,28,2,614
20240820,28,2,604
20240821,28,2,594
20240822,28,2,594
20240823,28,2,589
20240824,28,2,579
20240825,28,2,576
20240826,28,2,573
20240827,28,2,565
20240828,28,2,562
20240829,28,2,555
20240830,28,2,551
20240831,28,2,546
20240901,28,2,707
20240902,28,2,706
20240903,28,2,704
20240904,28,2,702
20240905,28,2,699
20240906,28,2,699
20240907,28,2,688
20240908,28,2,682
20240909,28,2,677
20240910,28,2,676
20240911,28,2,669
20240912,28,2,668
20240913,28,2,665
20240914,28,2,659
20240915,28,2,648
20240916,28,2,641
20240917,28,2,636
20240918,28,2,629
20240919,28,2,621
20240920,28,2,615
20240921,28,2,611
20240922,28,2,601
20240923,28,2,598
20240924,28,2,597
20240925,28,2,594
20240926,28,2,585
20240927,28,2,585
20240928,28,2,581
20240929,28,2,581
20240930,28,2,571
20241001,28,2,768
20241002,28,2,760
20241003,28,2,749
20241004,28,2,749
20241005,28,2,739
20241006,28,2,735
20241007,28,2,733
20241008,28,2,733
20241009,28,2,728
20241010,28,2,726
20241011,28,2,724
20241012,28,2,722
20241013,28,2,721
20241014,28,2,712
20241015,28,2,708
20241016,28,2,699
20241017,28,2,693
20241018,28,2,693
20241019,28,2,689
20241020,28,2,688
20241021,28,2,685
20241022,28,2,676
20241023,28,2,673
20241024,28,2,671
20241025,28,2,670
20241026,28,2,669
20241027,28,2,667
20241028,28,2,657
20241029,28,2,651
20241030,28,2,642
20241031,28,2,641
20241101,28,2,873
20241102,28,2,864
20241103,28,2,856
20241104,28,2,847
20241105,28,2,836
20241106,28,2,832
20241107,28,2,829
20241108,28,2,828
20241109,28,2,826
20241110,28,2,822
20241111,28,2,822
20241112,28,2,813
20241113,28,2,809
20241114,28,2,806
20241115,28,2,795
20241116,28,2,795
20241117,28,2,788
20241118,28,2,781
20241119,28,2,770
20241120,28,2,766
20241121,28,2,756
20241122,28,2,748
20241123,28,2,744
20241124,28,2,738
20241125,28,2,733
20241126,28,2,726
20241127,28,2,723
20241128,28,2,720
20241129,28,2,712
20241130,28,2,701
20241201,28,2,933
20241202,28,2,933
20241203,28,2,922
20241204,28,2,911
20241205,28,2,909
20241206,28,2,900
20241207,28,2,892
20241208,28,2,881
20241209,28,2,875
20241210,28,2,873
20241211,28,2,869
20241212,28,2,860
20241213,28,2,858
20241214,28,2,851
20241215,28,2,842
20241216,28,2,841
20241217,28,2,835
20241218,28,2,832
20241219,28,2,827
20241220,28,2,825
20241221,28,2,822
20241222,28,2,821
20241223,28,2,817
20241224,28,2,810
20241225,28,2,807
20241226,28,2,797
20241227,28,2,790
20241228,28,2,779
20241229,28,2,771
20241230,28,2,769
20241231,28,2,763
20250101,28,2,1009
20250102,28,2,1009
20250103,28,2,1007
20250104,28,2,1005
20250105,28,2,1001
20250106,28,2,991
20250107,28,2,991
20250108,28,2,980
20250109,28,2,974
20250110,28,2,963
20250111,28,2,955
20250112,28,2,950
20250113,28,2,949
20250114,28,2,941
20250115,28,2,934
20250116,28,2,930
20250117,28,2,921
20250118,28,2,913
20250119,28,2,910
20250120,28,2,909
20250121,28,2,902
20250122,28,2,901
20250123,28,2,895
20250124,28,2,884
20250125,28,2,876
20250126,28,2,873
20250127,28,2,862
20250128,28,2,852
20250129,28,2,847
20250130,28,2,847
20250131,28,2,837
20250201,28,2,1100
20250202,28,2,1089
20250203,28,2,1084
20250204,28,2,1084
20250205,28,2,1080
20250206,28,2,1076
20250207,28,2,1073
20250208,28,2,1064
20250209,28,2,1055
20250210,28,2,1055
20250211,28,2,1045
20250212,28,2,1042
20250213,28,2,1040
20250214,28,2,1037
20250215,28,2,1037
20250216,28,2,1036
20250217,28,2,1033
20250218,28,2,1032
20250219,28,2,1030
20250220,28,2,1028
20250221,28,2,1019
20250222,28,2,1017
20250223,28,2,1006
20250224,28,2,995
20250225,28,2,991
20250226,28,2,991
20250227,28,2,988
20250228,28,2,987
20250301,28,2,1132
20250302,28,2,1131
20250303,28,2,1122
20250304,28,2,1114
20250305,28,2,1109
20250306,28,2,1106
20250307,28,2,1102
20250308,28,2,1099
20250309,28,2,1095
20250310,28,2,1092
20250311,28,2,1081
20250312,28,2,1070
20250313,28,2,1060
20250314,28,2,1050
20250315,28,2,1047
20250316,28,2,1037
20250317,28,2,1032
20250318,28,2,1031
20250319,28,2,1023
20250320,28,2,1012
20250321,28,2,1003
20250322,28,2,1003
20250323,28,2,1002
20250324,28,2,1001
20250325,28,2,990
20250326,28,2,984
20250327,28,2,975
20250328,28,2,974
20250329,28,2,968
20250330,28,2,964
20250331,28,2,958
20250401,28,2,1202
20250402,28,2,1202
20250403,28,2,1193
20250404,28,2,1183
20250405,28,2,1177
20250406,28,2,1175
20250407,28,2,1166
20250408,28,2,1159
20250409,28,2,1149
20250410,28,2,1142
20250411,28,2,1134
20250412,28,2,1125
20250413,28,2,1125
20250414,28,2,1123
20250415,28,2,1118
20250416,28,2,1110
20250417,28,2,1107
20250418,28,2,1102
20250419,28,2,1102
20250420,28,2,1095
20250421,28,2,1088
20250422,28,2,1082
20250423,28,2,1076
20250424,28,2,1065
20250425,28,2,1065
20250426,28,2,1057
20250427,28,2,1050
20250428,28,2,1045
20250429,28,2,1043
20250430,28,2,1032
20250501,28,2,1318
20250502,28,2,1310
20250503,28,2,1309
20250504,28,2,1309
20250505,28,2,1298
20250506,28,2,1288
20250507,28,2,1288
20250508,28,2,1288
20250509,28,2,1287
20250510,28,2,1287
20250511,28,2,1283
20250512,28,2,1279
20250513,28,2,1272
20250514,28,2,1271
20250515,28,2,1261
20250516,28,2,1252
20250517,28,2,1244
20250518,28,2,1233
20250519,28,2,1231
20250520,28,2,1222
20250521,28,2,1217
20250522,28,2,1213
20250523,28,2,1205
20250524,28,2,1202
20250525,28,2,1202
20250526,28,2,1198
20250527,28,2,1189
20250528,28,2,1188
20250529,28,2,1178
20250530,28,2,1168
20250531,28,2,1163
20250601,28,2,1340
20250602,28,2,1337
20250603,28,2,1335
20250604,28,2,1327
20250605,28,2,1324
20250606,28,2,1317
20250607,28,2,1315
20250608,28,2,1304
20250609,28,2,1302
20250610,28,2,1291
20250611,28,2,1282
20250612,28,2,1277
20250613,28,2,1269
20250614,28,2,1258
20250615,28,2,1251
20250616,28,2,1240
20250617,28,2,1229
20250618,28,2,1219
20250619,28,2,1208
20250620,28,2,1197
20250621,28,2,1197
20250622,28,2,1190
20250623,28,2,1182
20250624,28,2,1181
20250625,28,2,1174
20250626,28,2,1164
20250627,28,2,1156
20250628,28,2,1153
20250629,28,2,1148
20250630,28,2,1137
20250701,28,2,1321
20250702,28,2,1311
20250703,28,2,1306
20250704,28,2,1305
20250705,28,2,1296
20250706,28,2,1292
20250707,28,2,1288
20250708,28,2,1278
20250709,28,2,1277
20250710,28,2,1269
20250711,28,2,1260
20250712,28,2,1250
20250713,28,2,1247
20250714,28,2,1247
20250715,28,2,1237
20250716,28,2,1236
20250717,28,2,1226
20250718,28,2,1218
20250719,28,2,1214
20250720,28,2,1210
20250721,28,2,1202
20250722,28,2,1192
20250723,28,2,1192
20250724,28,2,1192
20250725,28,2,1183
20250726,28,2,1179
20250727,28,2,1174
20250728,28,2,1174
20250729,28,2,1171
20250730,28,2,1164
20250731,28,2,1154
20250801,28,2,1319
20250802,28,2,1311
20250803,28,2,1302
20250804,28,2,1297
20250805,28,2,1292
20250806,28,2,1282
20250807,28,2,1271
20250808,28,2,1262
20250809,28,2,1254
20250810,28,2,1246
20250811,28,2,1238
20250812,28,2,1232
20250813,28,2,1231
20250814,28,2,1221
20250815,28,2,1213
20250816,28,2,1209
20250817,28,2,1203
20250818,28,2,1203
20250819,28,2,1195
20250820,28,2,1191
20250821,28,2,1181
20250822,28,2,1179
20250823,28,2,1171
20250824,28,2,1167
20250825,28,2,1162
20250826,28,2,1159
20250827,28,2,1149
20250828,28,2,1147
20250829,28,2,1139
20250830,28,2,1139
20250831,28,2,1130
20250901,28,2,1340
20250902,28,2,1336
20250903,28,2,1335
20250904,28,2,1327
20250905,28,2,1322
20250906,28,2,1322
20250907,28,2,1321
20250908,28,2,1316
20250909,28,2,1308
20250910,28,2,1297
20250911,28,2,1292
20250912,28,2,1281
20250913,28,2,1273
20250914,28,2,1267
20250915,28,2,1266
20250916,28,2,1256
20250917,28,2,1249
20250918,28,2,1240
20250919,28,2,1239
20250920,28,2,1228
20250921,28,2,1224
20250922,28,2,1220
20250923,28,2,1214
20250924,28,2,1214
20250925,28,2,1206
20250926,28,2,1203
20250927,28,2,1197
20250928,28,2,1191
20250929,28,2,1183
20250930,28,2,1174
20251001,28,2,1341
20251002,28,2,1334
20251003,28,2,1324
20251004,28,2,1320
20251005,28,2,1314
20251006,28,2,1313
20251007,28,2,1309
20251008,28,2,1299
20251009,28,2,1290
20251010,28,2,1279
20251011,28,2,1269
20251012,28,2,1267
20251013,28,2,1264
20251014,28,2,1263
20251015,28,2,1257
20251016,28,2,1248
20251017,28,2,1239
20251018,28,2,1228
20251019,28,2,1224
20251020,28,2,1219
20251021,28,2,1213
20251022,28,2,1204
20251023,28,2,1193
20251024,28,2,1192
20251025,28,2,1188
20251026,28,2,1186
20251027,28,2,1184
20251028,28,2,1183
20251029,28,2,1176
20251030,28,2,1169
20251031,28,2,1164
20251101,28,2,1394
20251102,28,2,1387
20251103,28,2,1376
20251104,28,2,1374
20251105,28,2,1363
20251106,28,2,1363
20251107,28,2,1363
20251108,28,2,1357
20251109,28,2,1352
20251110,28,2,1346
20251111,28,2,1335
20251112,28,2,1330
20251113,28,2,1320
20251114,28,2,1312
20251115,28,2,1312
20251116,28,2,1307
20251117,28,2,1306
20251118,28,2,1296
20251119,28,2,1292
20251120,28,2,1283
20251121,28,2,1283
20251122,28,2,1279
20251123,28,2,1270
20251124,28,2,1260
20251125,28,2,1260
20251126,28,2,1255
20251127,28,2,1245
20251128,28,2,1240
20251129,28,2,1237
20251130,28,2,1229
20251201,28,2,1486
20251202,28,2,1476
20251203,28,2,1476
20251204,28,2,1467
20251205,28,2,1465
20251206,28,2,1455
20251207,28,2,1446
20251208,28,2,1444
20251209,28,2,1439
20251210,28,2,1430
20251211,28,2,1420
20251212,28,2,1410
20251213,28,2,1406
20251214,28,2,1406
20251215,28,2,1395
20251216,28,2,1385
20251217,28,2,1383
20251218,28,2,1377
20251219,28,2,1366
20251220,28,2,1363
20251221,28,2,1354
20251222,28,2,1349
20251223,28,2,1338
20251224,28,2,1334
20251225,28,2,1333
20251226,28,2,1322
20251227,28,2,1318
20251228,28,2,1315
20251229,28,2,1313
20251230,28,2,1309
20251231,28,2,1300
20260101,28,2,1498
20260102,28,2,1493
20260103,28,2,1487
20260104,28,2,1478
20260105,28,2,1476
20260106,28,2,1473
20260107,28,2,1465
20260108,28,2,1460
20260109,28,2,1452
20260110,28,2,1447
20260111,28,2,1446
20260112,28,2,1436
20260113,28,2,1428
20260114,28,2,1427
20260115,28,2,1426
20260116,28,2,1422
20260117,28,2,1411
20260118,28,2,1408
20260119,28,2,1398
20260120,28,2,1393
20260121,28,2,1391
20260122,28,2,1390
20260123,28,2,1386
20260124,28,2,1384
20260125,28,2,1377
20260126,28,2,1366
20260127,28,2,1357
20260128,28,2,1354
20260129,28,2,1343
20260130,28,2,1332
20260131,28,2,1327
20260201,28,2,1545
20260202,28,2,1541
20260203,28,2,1540
20260204,28,2,1530
20260205,28,2,1526
20260206,28,2,1525
20260207,28,2,1514
20260208,28,2,1513
20260209,28,2,1502
20260210,28,2,1501
20260211,28,2,1497
20260212,28,2,1491
20260213,28,2,1489
20260214,28,2,1483
20260215,28,2,1477
20260216,28,2,1467
20260217,28,2,1462
20260218,28,2,1452
20260219,28,2,1443
20260220,28,2,1434
20260221,28,2,1427
20260222,28,2,1425
20260223,28,2,1418
20260224,28,2,1410
20260225,28,2,1406
20260226,28,2,1399
20260227,28,2,1392
20260228,28,2,1385
20260301,28,2,1630
20260302,28,2,1623
20260303,28,2,1620
20260304,28,2,1612
20260305,28,2,1611
20260306,28,2,1601
20260307,28,2,1592
20260308,28,2,1589
20260309,28,2,1589
20260310,28,2,1588
20260311,28,2,1580
20260312,28,2,1580
20260313,28,2,1579
20260314,28,2,1571
20260315,28,2,1566
20260316,28,2,1562
20260317,28,2,1559
20260318,28,2,1553
20260319,28,2,1550
20260320,28,2,1550
20260321,28,2,1545
20260322,28,2,1534
20260323,28,2,1528
20260324,28,2,1521
20260325,28,2,1518
20260326,28,2,1517
20260327,28,2,1509
20260328,28,2,1505
20260329,28,2,1505
20260330,28,2,1502
20260331,28,2,1502
20240401,10,2,748
20240402,10,2,739
20240403,10,2,730
20240404,10,2,725
20240405,10,2,721
20240406,10,2,721
20240407,10,2,710
20240408,10,2,710
20240409,10,2,707
20240410,10,2,702
20240411,10,2,695
20240412,10,2,684
20240413,10,2,678
20240414,10,2,669
20240415,10,2,664
20240416,10,2,653
20240417,10,2,651
20240418,10,2,647
20240419,10,2,645
20240420,10,2,642
20240421,10,2,633
20240422,10,2,625
20240423,10,2,617
20240424,10,2,616
20240425,10,2,605
20240426,10,2,594
20240427,10,2,586
20240428,10,2,582
20240429,10,2,582
20240430,10,2,577
20240501,10,2,737
20240502,10,2,729
20240503,10,2,729
20240504,10,2,726
20240505,10,2,719
20240506,10,2,717
20240507,10,2,707
20240508,10,2,703
20240509,10,2,695
20240510,10,2,687
20240511,10,2,680
20240512,10,2,673
20240513,10,2,667
20240514,10,2,665
20240515,10,2,662
20240516,10,2,652
20240517,10,2,648
20240518,10,2,637
20240519,10,2,631
20240520,10,2,622
20240521,10,2,620
20240522,10,2,618
20240523,10,2,614
20240524,10,2,605
20240525,10,2,597
20240526,10,2,591
20240527,10,2,589
20240528,10,2,589
20240529,10,2,588
20240530,10,2,580
20240531,10,2,569
20240601,10,2,856
20240602,10,2,851
20240603,10,2,843
20240604,10,2,843
20240605,10,2,839
20240606,10,2,837
20240607,10,2,826
20240608,10,2,820
20240609,10,2,809
20240610,10,2,800
20240611,10,2,792
20240612,10,2,790
20240613,10,2,790
20240614,10,2,788
20240615,10,2,779
20240616,10,2,768
20240617,10,2,760
20240618,10,2,750
20240619,10,2,750
20240620,10,2,740
20240621,10,2,739
20240622,10,2,737
20240623,10,2,728
20240624,10,2,717
20240625,10,2,716
20240626,10,2,712
20240627,10,2,703
20240628,10,2,697
20240629,10,2,693
20240630,10,2,688
20240701,10,2,871
20240702,10,2,865
20240703,10,2,862
20240704,10,2,852
20240705,10,2,841
20240706,10,2,841
20240707,10,2,830
20240708,10,2,819
20240709,10,2,808
20240710,10,2,807
20240711,10,2,803
20240712,10,2,793
20240713,10,2,789
20240714,10,2,784
20240715,10,2,782
20240716,10,2,777
20240717,10,2,772
20240718,10,2,768
20240719,10,2,766
20240720,10,2,765
20240721,10,2,758
20240722,10,2,758
20240723,10,2,748
20240724,10,2,748
20240725,10,2,737
20240726,10,2,731
20240727,10,2,726
20240728,10,2,716
20240729,10,2,711
20240730,10,2,710
20240731,10,2,704
20240801,10,2,917
20240802,10,2,911
20240803,10,2,911
20240804,10,2,907
20240805,10,2,904
20240806,10,2,902
20240807,10,2,900
20240808,10,2,900
20240809,10,2,891
20240810,10,2,887
20240811,10,2,883
20240812,10,2,878
20240813,10,2,867
20240814,10,2,859
20240815,10,2,848
20240816,10,2,841
20240817,10,2,831
20240818,10,2,820
20240819,10,2,814
20240820,10,2,809
20240821,10,2,798
20240822,10,2,790
20240823,10,2,786
20240824,10,2,783
20240825,10,2,779
20240826,10,2,776
20240827,10,2,771
20240828,10,2,763
20240829,10,2,755
20240830,10,2,755
20240831,10,2,755
20240901,10,2,993
20240902,10,2,993
20240903,10,2,982
20240904,10,2,971
20240905,10,2,971
20240906,10,2,971
20240907,10,2,970
20240908,10,2,963
20240909,10,2,952
20240910,10,2,948
20240911,10,2,939
20240912,10,2,937
20240913,10,2,937
20240914,10,2,932
20240915,10,2,927
20240916,10,2,916
20240917,10,2,913
20240918,10,2,908
20240919,10,2,906
20240920,10,2,902
20240921,10,2,902
20240922,10,2,898
20240923,10,2,896
20240924,10,2,892
20240925,10,2,885
20240926,10,2,876
20240927,10,2,873
20240928,10,2,863
20240929,10,2,860
20240930,10,2,860
20241001,10,2,1047
20241002,10,2,1046
20241003,10,2,1039
20241004,10,2,1032
20241005,10,2,1029
20241006,10,2,1021
20241007,10,2,1019
20241008,10,2,1008
20241009,10,2,1004
20241010,10,2,1002
20241011,10,2,994
20241012,10,2,993
20241013,10,2,982
20241014,10,2,974
20241015,10,2,972
20241016,10,2,969
20241017,10,2,958
20241018,10,2,952
20241019,10,2,946
20241020,10,2,938
20241021,10,2,935
20241022,10,2,930
20241023,10,2,925
20241024,10,2,921
20241025,10,2,918
20241026,10,2,913
20241027,10,2,904
20241028,10,2,899
20241029,10,2,898
20241030,10,2,898
20241031,10,2,898
20241101,10,2,1067
20241102,10,2,1060
20241103,10,2,1056
20241104,10,2,1056
20241105,10,2,1053
20241106,10,2,1050
20241107,10,2,1045
20241108,10,2,1040
20241109,10,2,1038
20241110,10,2,1033
20241111,10,2,1032
20241112,10,2,1032
20241113,10,2,1021
20241114,10,2,1011
20241115,10,2,1000
20241116,10,2,999
20241117,10,2,991
20241118,10,2,981
20241119,10,2,977
20241120,10,2,966
20241121,10,2,955
20241122,10,2,953
20241123,10,2,943
20241124,10,2,943
20241125,10,2,942
20241126,10,2,941
20241127,10,2,930
20241128,10,2,920
20241129,10,2,917
20241130,10,2,906
20241201,10,2,1068
20241202,10,2,1058
20241203,10,2,1047
20241204,10,2,1045
20241205,10,2,1036
20241206,10,2,1028
20241207,10,2,1022
20241208,10,2,1013
20241209,10,2,1003
20241210,10,2,1002
20241211,10,2,997
20241212,10,2,995
20241213,10,2,991
20241214,10,2,987
20241215,10,2,979
20241216,10,2,972
20241217,10,2,964
20241218,10,2,956
20241219,10,2,952
20241220,10,2,945
20241221,10,2,940
20241222,10,2,934
20241223,10,2,932
20241224,10,2,929
20241225,10,2,928
20241226,10,2,927
20241227,10,2,923
20241228,10,2,921
20241229,10,2,916
20241230,10,2,908
20241231,10,2,907
20250101,10,2,1087
20250102,10,2,1078
20250103,10,2,1077
20250104,10,2,1066
20250105,10,2,1056
20250106,10,2,1052
20250107,10,2,1044
20250108,10,2,1042
20250109,10,2,1041
20250110,10,2,1034
20250111,10,2,1027
20250112,10,2,1024
20250113,10,2,1019
20250114,10,2,1013
20250115,10,2,1007
20250116,10,2,1004
20250117,10,2,995
20250118,10,2,988
20250119,10,2,983
20250120,10,2,977
20250121,10,2,974
20250122,10,2,970
20250123,10,2,961
20250124,10,2,960
20250125,10,2,959
20250126,10,2,957
20250127,10,2,946
20250128,10,2,937
20250129,10,2,926
20250130,10,2,923
20250131,10,2,919
20250201,10,2,1102
20250202,10,2,1093
20250203,10,2,1082
20250204,10,2,1079
20250205,10,2,1068
20250206,10,2,1057
20250207,10,2,1056
20250208,10,2,1052
20250209,10,2,1050
20250210,10,2,1039
20250211,10,2,1034
20250212,10,2,1034
20250213,10,2,1028
20250214,10,2,1026
20250215,10,2,1022
20250216,10,2,1016
20250217,10,2,1016
20250218,10,2,1006
20250219,10,2,1001
20250220,10,2,994
20250221,10,2,991
20250222,10,2,982
20250223,10,2,977
20250224,10,2,971
20250225,10,2,968
20250226,10,2,966
20250227,10,2,961
20250228,10,2,958
20250301,10,2,1189
20250302,10,2,1185
20250303,10,2,1184
20250304,10,2,1182
20250305,10,2,1179
20250306,10,2,1175
20250307,10,2,1166
20250308,10,2,1163
20250309,10,2,1155
20250310,10,2,1155
20250311,10,2,1148
20250312,10,2,1141
20250313,10,2,1132
20250314,10,2,1125
20250315,10,2,1122
20250316,10,2,1119
20250317,10,2,1110
20250318,10,2,1099
20250319,10,2,1093
20250320,10,2,1084
20250321,10,2,1073
20250322,10,2,1063
20250323,10,2,1063
20250324,10,2,1058
20250325,10,2,1051
20250326,10,2,1045
20250327,10,2,1038
20250328,10,2,1030
20250329,10,2,1028
20250330,10,2,1021
20250331,10,2,1013
20250401,10,2,1256
20250402,10,2,1251
20250403,10,2,1247
20250404,10,2,1246
20250405,10,2,1237
20250406,10,2,1228
20250407,10,2,1217
20250408,10,2,1213
20250409,10,2,1211
20250410,10,2,1204
20250411,10,2,1197
20250412,10,2,1193
20250413,10,2,1189
20250414,10,2,1184
20250415,10,2,1179
20250416,10,2,1172
20250417,10,2,1164
20250418,10,2,1158
20250419,10,2,1150
20250420,10,2,1149
20250421,10,2,1146
20250422,10,2,1144
20250423,10,2,1135
20250424,10,2,1133
20250425,10,2,1123
20250426,10,2,1117
20250427,10,2,1115
20250428,10,2,1111
20250429,10,2,1111
20250430,10,2,1109
20250501,10,2,1349
20250502,10,2,1343
20250503,10,2,1334
20250504,10,2,1332
20250505,10,2,1332
20250506,10,2,1325
20250507,10,2,1321
20250508,10,2,1317
20250509,10,2,1312
20250510,10,2,1305
20250511,10,2,1300
20250512,10,2,1297
20250513,10,2,1296
20250514,10,2,1285
20250515,10,2,1277
20250516,10,2,1270
20250517,10,2,1268
20250518,10,2,1268
20250519,10,2,1261
20250520,10,2,1251
20250521,10,2,1247
20250522,10,2,1246
20250523,10,2,1240
20250524,10,2,1229
20250525,10,2,1224
20250526,10,2,1220
20250527,10,2,1209
20250528,10,2,1207
20250529,10,2,1203
20250530,10,2,1201
20250531,10,2,1200
20250601,10,2,1478
20250602,10,2,1469
20250603,10,2,1464
20250604,10,2,1456
20250605,10,2,1456
20250606,10,2,1450
20250607,10,2,1439
20250608,10,2,1428
20250609,10,2,1426
20250610,10,2,1417
20250611,10,2,1406
20250612,10,2,1398
20250613,10,2,1394
20250614,10,2,1393
20250615,10,2,1387
20250616,10,2,1387
20250617,10,2,1379
20250618,10,2,1375
20250619,10,2,1375
20250620,10,2,1367
20250621,10,2,1363
20250622,10,2,1357
20250623,10,2,1354
20250624,10,2,1349
20250625,10,2,1347
20250626,10,2,1345
20250627,10,2,1337
20250628,10,2,1328
20250629,10,2,1327
20250630,10,2,1326
20250701,10,2,1557
20250702,10,2,1553
20250703,10,2,1542
20250704,10,2,1531
20250705,10,2,1524
20250706,10,2,1514
20250707,10,2,1509
20250708,10,2,1509
20250709,10,2,1508
20250710,10,2,1499
20250711,10,2,1498
20250712,10,2,1496
20250713,10,2,1488
20250714,10,2,1483
20250715,10,2,1481
20250716,10,2,1472
20250717,10,2,1464
20250718,10,2,1461
20250719,10,2,1459
20250720,10,2,1451
20250721,10,2,1449
20250722,10,2,1447
20250723,10,2,1437
20250724,10,2,1427
20250725,10,2,1416
20250726,10,2,1411
20250727,10,2,1403
20250728,10,2,1401
20250729,10,2,1390
20250730,10,2,1390
20250731,10,2,1380
20250801,10,2,1609
20250802,10,2,1601
20250803,10,2,1599
20250804,10,2,1591
20250805,10,2,1583
20250806,10,2,1578
20250807,10,2,1571
20250808,10,2,1567
20250809,10,2,1564
20250810,10,2,1557
20250811,10,2,1551
20250812,10,2,1551
20250813,10,2,1542
20250814,10,2,1540
20250815,10,2,1540
20250816,10,2,1537
20250817,10,2,1527
20250818,10,2,1518
20250819,10,2,1513
20250820,10,2,1508
20250821,10,2,1503
20250822,10,2,1503
20250823,10,2,1499
20250824,10,2,1489
20250825,10,2,1482
20250826,10,2,1478
20250827,10,2,1467
20250828,10,2,1467
20250829,10,2,1457
20250830,10,2,1452
20250831,10,2,1446
20250901,10,2,1727
20250902,10,2,1718
20250903,10,2,1712
20250904,10,2,1705
20250905,10,2,1695
20250906,10,2,1686
20250907,10,2,1683
20250908,10,2,1677
20250909,10,2,1668
20250910,10,2,1659
20250911,10,2,1656
20250912,10,2,1646
20250913,10,2,1640
20250914,10,2,1636
20250915,10,2,1631
20250916,10,2,1626
20250917,10,2,1626
20250918,10,2,1624
20250919,10,2,1623
20250920,10,2,1615
20250921,10,2,1610
20250922,10,2,1609
20250923,10,2,1602
20250924,10,2,1597
20250925,10,2,1589
20250926,10,2,1578
20250927,10,2,1567
20250928,10,2,1562
20250929,10,2,1562
20250930,10,2,1562
20251001,10,2,1732
20251002,10,2,1725
20251003,10,2,1714
20251004,10,2,1705
20251005,10,2,1697
20251006,10,2,1694
20251007,10,2,1686
20251008,10,2,1680
20251009,10,2,1676
20251010,10,2,1676
20251011,10,2,1670
20251012,10,2,1665
20251013,10,2,1659
20251014,10,2,1654
20251015,10,2,1645
20251016,10,2,1635
20251017,10,2,1629
20251018,10,2,1625
20251019,10,2,1622
20251020,10,2,1612
20251021,10,2,1606
20251022,10,2,1595
20251023,10,2,1587
20251024,10,2,1581
20251025,10,2,1581
20251026,10,2,1573
20251027,10,2,1568
20251028,10,2,1567
20251029,10,2,1563
20251030,10,2,1558
20251031,10,2,1548
20251101,10,2,1789
20251102,10,2,1778
20251103,10,2,1771
20251104,10,2,1760
20251105,10,2,1755
20251106,10,2,1745
20251107,10,2,1736
20251108,10,2,1728
20251109,10,2,1717
20251110,10,2,1711
20251111,10,2,1710
20251112,10,2,1706
20251113,10,2,1706
20251114,10,2,1703
20251115,10,2,1695
20251116,10,2,1694
20251117,10,2,1687
20251118,10,2,1680
20251119,10,2,1674
20251120,10,2,1666
20251121,10,2,1661
20251122,10,2,1654
20251123,10,2,1646
20251124,10,2,1639
20251125,10,2,1631
20251126,10,2,1622
20251127,10,2,1618
20251128,10,2,1608
20251129,10,2,1605
20251130,10,2,1605
20251201,10,2,1889
20251202,10,2,1885
20251203,10,2,1883
20251204,10,2,1881
20251205,10,2,1875
20251206,10,2,1864
20251207,10,2,1861
20251208,10,2,1853
20251209,10,2,1849
20251210,10,2,1843
20251211,10,2,1836
20251212,10,2,1827
20251213,10,2,1819
20251214,10,2,1817
20251215,10,2,1816
20251216,10,2,1810
20251217,10,2,1806
20251218,10,2,1803
20251219,10,2,1801
20251220,10,2,1791
20251221,10,2,1790
20251222,10,2,1789
20251223,10,2,1785
20251224,10,2,1783
20251225,10,2,1783
20251226,10,2,1781
20251227,10,2,1777
20251228,10,2,1772
20251229,10,2,1766
20251230,10,2,1765
20251231,10,2,1754
20260101,10,2,1981
20260102,10,2,1973
20260103,10,2,1962
20260104,10,2,1962
20260105,10,2,1956
20260106,10,2,1946
20260107,10,2,1944
20260108,10,2,1934
20260109,10,2,1927
20260110,10,2,1927
20260111,10,2,1917
20260112,10,2,1917
20260113,10,2,1909
20260114,10,2,1903
20260115,10,2,1894
20260116,10,2,1891
20260117,10,2,1890
20260118,10,2,1885
20260119,10,2,1877
20260120,10,2,1871
20260121,10,2,1870
20260122,10,2,1863
20260123,10,2,1859
20260124,10,2,1851
20260125,10,2,1840
20260126,10,2,1830
20260127,10,2,1819
20260128,10,2,1812
20260129,10,2,1804
20260130,10,2,1803
20260131,10,2,1801
20260201,10,2,1963
20260202,10,2,1956
20260203,10,2,1945
20260204,10,2,1937
20260205,10,2,1927
20260206,10,2,1918
20260207,10,2,1911
20260208,10,2,1905
20260209,10,2,1904
20260210,10,2,1897
20260211,10,2,1891
20260212,10,2,1880
20260213,10,2,1870
20260214,10,2,1866
20260215,10,2,1864
20260216,10,2,1862
20260217,10,2,1857
20260218,10,2,1846
20260219,10,2,1836
20260220,10,2,1825
20260221,10,2,1823
20260222,10,2,1823
20260223,10,2,1815
20260224,10,2,1811
20260225,10,2,1806
20260226,10,2,1798
20260227,10,2,1787
20260228,10,2,1785
20260301,10,2,2026
20260302,10,2,2020
20260303,10,2,2020
20260304,10,2,2011
20260305,10,2,2005
20260306,10,2,2002
20260307,10,2,2000
20260308,10,2,1993
20260309,10,2,1990
20260310,10,2,1986
20260311,10,2,1986
20260312,10,2,1982
20260313,10,2,1974
20260314,10,2,1974
20260315,10,2,1964
20260316,10,2,1961
20260317,10,2,1953
20260318,10,2,1952
20260319,10,2,1951
20260320,10,2,1941
20260321,10,2,1930
20260322,10,2,1927
20260323,10,2,1916
20260324,10,2,1907
20260325,10,2,1904
20260326,10,2,1895
20260327,10,2,1884
20260328,10,2,1881
20260329,10,2,1876
20260330,10,2,1873
20260331,10,2,1873
20240401,15,2,714
20240402,15,2,708
20240403,15,2,699
20240404,15,2,689
20240405,15,2,680
20240406,15,2,676
20240407,15,2,665
20240408,15,2,656
20240409,15,2,651
20240410,15,2,642
20240411,15,2,631
20240412,15,2,631
20240413,15,2,624
20240414,15,2,616
20240415,15,2,606
20240416,15,2,601
20240417,15,2,597
20240418,15,2,595
20240419,15,2,591
20240420,15,2,586
20240421,15,2,577
20240422,15,2,567
20240423,15,2,561
20240424,15,2,553
20240425,15,2,545
20240426,15,2,538
20240427,15,2,529
20240428,15,2,529
20240429,15,2,524
20240430,15,2,516
20240501,15,2,734
20240502,15,2,731
20240503,15,2,720
20240504,15,2,719
20240505,15,2,710
20240506,15,2,702
20240507,15,2,702
20240508,15,2,700
20240509,15,2,689
20240510,15,2,681
20240511,15,2,672
20240512,15,2,662
20240513,15,2,662
20240514,15,2,652
20240515,15,2,644
20240516,15,2,642
20240517,15,2,639
20240518,15,2,635
20240519,15,2,628
20240520,15,2,625
20240521,15,2,622
20240522,15,2,616
20240523,15,2,608
20240524,15,2,603
20240525,15,2,601
20240526,15,2,600
20240527,15,2,590
20240528,15,2,585
20240529,15,2,585
20240530,15,2,581
20240531,15,2,581
20240601,15,2,760
20240602,15,2,749
20240603,15,2,745
20240604,15,2,743
20240605,15,2,736
20240606,15,2,725
20240607,15,2,720
20240608,15,2,718
20240609,15,2,713
20240610,15,2,706
20240611,15,2,696
20240612,15,2,695
20240613,15,2,689
20240614,15,2,689
20240615,15,2,683
20240616,15,2,683
20240617,15,2,678
20240618,15,2,673
20240619,15,2,662
20240620,15,2,660
20240621,15,2,658
20240622,15,2,652
20240623,15,2,651
20240624,15,2,651
20240625,15,2,646
20240626,15,2,644
20240627,15,2,636
20240628,15,2,635
20240629,15,2,635
20240630,15,2,633
20240701,15,2,905
20240702,15,2,902
20240703,15,2,895
20240704,15,2,888
20240705,15,2,883
20240706,15,2,881
20240707,15,2,877
20240708,15,2,867
20240709,15,2,859
20240710,15,2,855
20240711,15,2,845
20240712,15,2,843
20240713,15,2,841
20240714,15,2,841
20240715,15,2,840
20240716,15,2,837
20240717,15,2,837
20240718,15,2,833
20240719,15,2,833
20240720,15,2,833
20240721,15,2,827
20240722,15,2,821
20240723,15,2,812
20240724,15,2,807
20240725,15,2,797
20240726,15,2,792
20240727,15,2,789
20240728,15,2,788
20240729,15,2,783
20240730,15,2,779
20240731,15,2,773
20240801,15,2,1068
20240802,15,2,1064
20240803,15,2,1063
20240804,15,2,1054
20240805,15,2,1048
20240806,15,2,1047
20240807,15,2,1038
20240808,15,2,1037
20240809,15,2,1028
20240810,15,2,1017
20240811,15,2,1011
20240812,15,2,1004
20240813,15,2,1004
20240814,15,2,997
20240815,15,2,996
20240816,15,2,991
20240817,15,2,985
20240818,15,2,976
20240819,15,2,967
20240820,15,2,956
20240821,15,2,947
20240822,15,2,947
20240823,15,2,939
20240824,15,2,937
20240825,15,2,926
20240826,15,2,916
20240827,15,2,913
20240828,15,2,913
20240829,15,2,903
20240830,15,2,899
20240831,15,2,889
20240901,15,2,1048
20240902,15,2,1044
20240903,15,2,1043
20240904,15,2,1038
20240905,15,2,1027
20240906,15,2,1025
20240907,15,2,1020
20240908,15,2,1020
20240909,15,2,1013
20240910,15,2,1008
20240911,15,2,1002
20240912,15,2,996
20240913,15,2,989
20240914,15,2,981
20240915,15,2,970
20240916,15,2,962
20240917,15,2,952
20240918,15,2,952
20240919,15,2,951
20240920,15,2,946
20240921,15,2,945
20240922,15,2,935
20240923,15,2,925
20240924,15,2,918
20240925,15,2,913
20240926,15,2,903
20240927,15,2,897
20240928,15,2,886
20240929,15,2,877
20240930,15,2,873
20241001,15,2,1119
20241002,15,2,1119
20241003,15,2,1118
20241004,15,2,1107
20241005,15,2,1106
20241006,15,2,1104
20241007,15,2,1096
20241008,15,2,1094
20241009,15,2,1093
20241010,15,2,1085
20241011,15,2,1074
20241012,15,2,1073
20241013,15,2,1066
20241014,15,2,1060
20241015,15,2,1049
20241016,15,2,1038
20241017,15,2,1032
20241018,15,2,1022
20241019,15,2,1020
20241020,15,2,1013
20241021,15,2,1011
20241022,15,2,1011
20241023,15,2,1002
20241024,15,2,996
20241025,15,2,996
20241026,15,2,987
20241027,15,2,977
20241028,15,2,973
20241029,15,2,973
20241030,15,2,970
20241031,15,2,963
20241101,15,2,1117
20241102,15,2,1115
20241103,15,2,1108
20241104,15,2,1106
20241105,15,2,1097
20241106,15,2,1094
20241107,15,2,1093
20241108,15,2,1090
20241109,15,2,1079
20241110,15,2,1070
20241111,15,2,1063
20241112,15,2,1061
20241113,15,2,1057
20241114,15,2,1052
20241115,15,2,1041
20241116,15,2,1038
20241117,15,2,1029
20241118,15,2,1026
20241119,15,2,1025
20241120,15,2,1016
20241121,15,2,1015
20241122,15,2,1006
20241123,15,2,995
20241124,15,2,994
20241125,15,2,987
20241126,15,2,986
20241127,15,2,981
20241128,15,2,976
20241129,15,2,976
20241130,15,2,974
20241201,15,2,1195
20241202,15,2,1192
20241203,15,2,1182
20241204,15,2,1180
20241205,15,2,1180
20241206,15,2,1176
20241207,15,2,1176
20241208,15,2,1176
20241209,15,2,1173
20241210,15,2,1166
20241211,15,2,1155
20241212,15,2,1148
20241213,15,2,1140
20241214,15,2,1132
20241215,15,2,1126
20241216,15,2,1126
20241217,15,2,1122
20241218,15,2,1120
20241219,15,2,1114
20241220,15,2,1105
20241221,15,2,1100
20241222,15,2,1094
20241223,15,2,1087
20241224,15,2,1087
20241225,15,2,1079
20241226,15,2,1071
20241227,15,2,1060
20241228,15,2,1056
20241229,15,2,1045
20241230,15,2,1042
20241231,15,2,1038
20250101,15,2,1296
20250102,15,2,1292
20250103,15,2,1286
20250104,15,2,1281
20250105,15,2,1280
20250106,15,2,1270
20250107,15,2,1261
20250108,15,2,1260
20250109,15,2,1258
20250110,15,2,1252
20250111,15,2,1247
20250112,15,2,1246
20250113,15,2,1242
20250114,15,2,1231
20250115,15,2,1228
20250116,15,2,1225
20250117,15,2,1216
20250118,15,2,1206
20250119,15,2,1204
20250120,15,2,1200
20250121,15,2,1190
20250122,15,2,1180
20250123,15,2,1176
20250124,15,2,1167
20250125,15,2,1164
20250126,15,2,1162
20250127,15,2,1151
20250128,15,2,1144
20250129,15,2,1135
20250130,15,2,1133
20250131,15,2,1133
20250201,15,2,1277
20250202,15,2,1274
20250203,15,2,1268
20250204,15,2,1260
20250205,15,2,1251
20250206,15,2,1249
20250207,15,2,1243
20250208,15,2,1236
20250209,15,2,1230
20250210,15,2,1221
20250211,15,2,1217
20250212,15,2,1214
20250213,15,2,1211
20250214,15,2,1210
20250215,15,2,1210
20250216,15,2,1203
20250217,15,2,1192
20250218,15,2,1191
20250219,15,2,1188
20250220,15,2,1188
20250221,15,2,1186
20250222,15,2,1185
20250223,15,2,1174
20250224,15,2,1171
20250225,15,2,1160
20250226,15,2,1152
20250227,15,2,1149
20250228,15,2,1146
20250301,15,2,1299
20250302,15,2,1290
20250303,15,2,1282
20250304,15,2,1282
20250305,15,2,1271
20250306,15,2,1269
20250307,15,2,1262
20250308,15,2,1256
20250309,15,2,1256
20250310,15,2,1252
20250311,15,2,1251
20250312,15,2,1249
20250313,15,2,1246
20250314,15,2,1246
20250315,15,2,1238
20250316,15,2,1230
20250317,15,2,1223
20250318,15,2,1218
20250319,15,2,1216
20250320,15,2,1209
20250321,15,2,1201
20250322,15,2,1199
20250323,15,2,1196
20250324,15,2,1186
20250325,15,2,1178
20250326,15,2,1173
20250327,15,2,1170
20250328,15,2,1168
20250329,15,2,1166
20250330,15,2,1156
20250331,15,2,1151
20250401,15,2,1374
20250402,15,2,1366
20250403,15,2,1359
20250404,15,2,1357
20250405,15,2,1353
20250406,15,2,1353
20250407,15,2,1347
20250408,15,2,1344
20250409,15,2,1339
20250410,15,2,1334
20250411,15,2,1334
20250412,15,2,1328
20250413,15,2,1320
20250414,15,2,1311
20250415,15,2,1309
20250416,15,2,1305
20250417,15,2,1299
20250418,15,2,1290
20250419,15,2,1290
20250420,15,2,1285
20250421,15,2,1276
20250422,15,2,1276
20250423,15,2,1276
20250424,15,2,1275
20250425,15,2,1272
20250426,15,2,1271
20250427,15,2,1267
20250428,15,2,1264
20250429,15,2,1255
20250430,15,2,1251
20250501,15,2,1546
20250502,15,2,1544
20250503,15,2,1535
20250504,15,2,1534
20250505,15,2,1530
20250506,15,2,1523
20250507,15,2,1513
20250508,15,2,1511
20250509,15,2,1508
20250510,15,2,1508
20250511,15,2,1504
20250512,15,2,1502
20250513,15,2,1499
20250514,15,2,1497
20250515,15,2,1486
20250516,15,2,1480
20250517,15,2,1474
20250518,15,2,1469
20250519,15,2,1462
20250520,15,2,1458
20250521,15,2,1457
20250522,15,2,1454
20250523,15,2,1451
20250524,15,2,1448
20250525,15,2,1447
20250526,15,2,1437
20250527,15,2,1432
20250528,15,2,1427
20250529,15,2,1417
20250530,15,2,1407
20250531,15,2,1405
20250601,15,2,1699
20250602,15,2,1694
20250603,15,2,1683
20250604,15,2,1672
20250605,15,2,1661
20250606,15,2,1659
20250607,15,2,1659
20250608,15,2,1656
20250609,15,2,1653
20250610,15,2,1646
20250611,15,2,1645
20250612,15,2,1643
20250613,15,2,1634
20250614,15,2,1627
20250615,15,2,1618
20250616,15,2,1608
20250617,15,2,1597
20250618,15,2,1586
20250619,15,2,1578
20250620,15,2,1572
20250621,15,2,1565
20250622,15,2,1557
20250623,15,2,1547
20250624,15,2,1540
20250625,15,2,1534
20250626,15,2,1529
20250627,15,2,1520
20250628,15,2,1516
20250629,15,2,1512
20250630,15,2,1505
20250701,15,2,1745
20250702,15,2,1745
20250703,15,2,1737
20250704,15,2,1736
20250705,15,2,1735
20250706,15,2,1734
20250707,15,2,1726
20250708,15,2,1717
20250709,15,2,1711
20250710,15,2,1710
20250711,15,2,1710
20250712,15,2,1704
20250713,15,2,1694
20250714,15,2,1686
20250715,15,2,1680
20250716,15,2,1674
20250717,15,2,1666
20250718,15,2,1664
20250719,15,2,1663
20250720,15,2,1659
20250721,15,2,1658
20250722,15,2,1655
20250723,15,2,1645
20250724,15,2,1640
20250725,15,2,1635
20250726,15,2,1627
20250727,15,2,1624
20250728,15,2,1616
20250729,15,2,1610
20250730,15,2,1604
20250731,15,2,1600
20250801,15,2,1878
20250802,15,2,1877
20250803,15,2,1875
20250804,15,2,1867
20250805,15,2,1861
20250806,15,2,1852
20250807,15,2,1849
20250808,15,2,1842
20250809,15,2,1841
20250810,15,2,1830
20250811,15,2,1822
20250812,15,2,1815
20250813,15,2,1814
20250814,15,2,1804
20250815,15,2,1801
20250816,15,2,1800
20250817,15,2,1795
20250818,15,2,1784
20250819,15,2,1779
20250820,15,2,1779
20250821,15,2,1769
20250822,15,2,1762
20250823,15,2,1755
20250824,15,2,1749
20250825,15,2,1749
20250826,15,2,1741
20250827,15,2,1740
20250828,15,2,1738
20250829,15,2,1731
20250830,15,2,1725
20250831,15,2,1723
20250901,15,2,1880
20250902,15,2,1880
20250903,15,2,1869
20250904,15,2,1869
20250905,15,2,1861
20250906,15,2,1857
20250907,15,2,1854
20250908,15,2,1854
20250909,15,2,1854
20250910,15,2,1843
20250911,15,2,1834
20250912,15,2,1831
20250913,15,2,1825
20250914,15,2,1815
20250915,15,2,1812
20250916,15,2,1801
20250917,15,2,1795
20250918,15,2,1790
20250919,15,2,1780
20250920,15,2,1775
20250921,15,2,1775
20250922,15,2,1774
20250923,15,2,1766
20250924,15,2,1759
20250925,15,2,1749
20250926,15,2,1747
20250927,15,2,1741
20250928,15,2,1737
20250929,15,2,1726
20250930,15,2,1717
20251001,15,2,1893
20251002,15,2,1885
20251003,15,2,1881
20251004,15,2,1876
20251005,15,2,1874
20251006,15,2,1870
20251007,15,2,1869
20251008,15,2,1862
20251009,15,2,1856
20251010,15,2,1849
20251011,15,2,1838
20251012,15,2,1834
20251013,15,2,1833
20251014,15,2,1829
20251015,15,2,1825
20251016,15,2,1820
20251017,15,2,1810
20251018,15,2,1799
20251019,15,2,1792
20251020,15,2,1783
20251021,15,2,1780
20251022,15,2,1776
20251023,15,2,1766
20251024,15,2,1762
20251025,15,2,1758
20251026,15,2,1748
20251027,15,2,1739
20251028,15,2,1730
20251029,15,2,1722
20251030,15,2,1715
20251031,15,2,1709
20251101,15,2,1966
20251102,15,2,1966
20251103,15,2,1956
20251104,15,2,1955
20251105,15,2,1948
20251106,15,2,1945
20251107,15,2,1937
20251108,15,2,1932
20251109,15,2,1929
20251110,15,2,1921
20251111,15,2,1910
20251112,15,2,1901
20251113,15,2,1899
20251114,15,2,1889
20251115,15,2,1878
20251116,15,2,1875
20251117,15,2,1868
20251118,15,2,1860
20251119,15,2,1853
20251120,15,2,1842
20251121,15,2,1839
20251122,15,2,1837
20251123,15,2,1827
20251124,15,2,1827
20251125,15,2,1827
20251126,15,2,1817
20251127,15,2,1807
20251128,15,2,1806
20251129,15,2,1797
20251130,15,2,1789
20251201,15,2,2070
20251202,15,2,2067
20251203,15,2,2063
20251204,15,2,2056
20251205,15,2,2045
20251206,15,2,2034
20251207,15,2,2030
20251208,15,2,2030
20251209,15,2,2026
20251210,15,2,2021
20251211,15,2,2021
20251212,15,2,2010
20251213,15,2,2008
20251214,15,2,2002
20251215,15,2,1998
20251216,15,2,1990
20251217,15,2,1983
20251218,15,2,1973
20251219,15,2,1973
20251220,15,2,1970
20251221,15,2,1966
20251222,15,2,1956
20251223,15,2,1952
20251224,15,2,1946
20251225,15,2,1937
20251226,15,2,1926
20251227,15,2,1923
20251228,15,2,1916
20251229,15,2,1906
20251230,15,2,1903
20251231,15,2,1892
20260101,15,2,2099
20260102,15,2,2090
20260103,15,2,2086
20260104,15,2,2082
20260105,15,2,2074
20260106,15,2,2072
20260107,15,2,2069
20260108,15,2,2061
20260109,15,2,2052
20260110,15,2,2050
20260111,15,2,2039
20260112,15,2,2039
20260113,15,2,2032
20260114,15,2,2027
20260115,15,2,2026
20260116,15,2,2017
20260117,15,2,2017
20260118,15,2,2014
20260119,15,2,2010
20260120,15,2,2002
20260121,15,2,2000
20260122,15,2,2000
20260123,15,2,1991
20260124,15,2,1991
20260125,15,2,1986
20260126,15,2,1978
20260127,15,2,1971
20260128,15,2,1970
20260129,15,2,1963
20260130,15,2,1963
20260131,15,2,1963
20260201,15,2,2140
20260202,15,2,2138
20260203,15,2,2129
20260204,15,2,2128
20260205,15,2,2123
20260206,15,2,2118
20260207,15,2,2112
20260208,15,2,2108
20260209,15,2,2107
20260210,15,2,2099
20260211,15,2,2092
20260212,15,2,2085
20260213,15,2,2074
20260214,15,2,2064
20260215,15,2,2056
20260216,15,2,2051
20260217,15,2,2051
20260218,15,2,2049
20260219,15,2,2046
20260220,15,2,2043
20260221,15,2,2032
20260222,15,2,2032
20260223,15,2,2024
20260224,15,2,2019
20260225,15,2,2016
20260226,15,2,2008
20260227,15,2,2001
20260228,15,2,1991
20260301,15,2,2162
20260302,15,2,2151
20260303,15,2,2141
20260304,15,2,2137
20260305,15,2,2133
20260306,15,2,2131
20260307,15,2,2131
20260308,15,2,2131
20260309,15,2,2131
20260310,15,2,2131
20260311,15,2,2127
20260312,15,2,2120
20260313,15,2,2113
20260314,15,2,2105
20260315,15,2,2098
20260316,15,2,2091
20260317,15,2,2087
20260318,15,2,2084
20260319,15,2,2079
20260320,15,2,2070
20260321,15,2,2064
20260322,15,2,2054
20260323,15,2,2051
20260324,15,2,2044
20260325,15,2,2037
20260326,15,2,2030
20260327,15,2,2029
20260328,15,2,2027
20260329,15,2,2020
20260330,15,2,2010
20260331,15,2,2005
20240401,1,2,496
20240402,1,2,487
20240403,1,2,482
20240404,1,2,475
20240405,1,2,474
20240406,1,2,474
20240407,1,2,474
20240408,1,2,469
20240409,1,2,458
20240410,1,2,458
20240411,1,2,452
20240412,1,2,443
20240413,1,2,438
20240414,1,2,438
20240415,1,2,427
20240416,1,2,417
20240417,1,2,412
20240418,1,2,402
20240419,1,2,392
20240420,1,2,385
20240421,1,2,375
20240422,1,2,367
20240423,1,2,358
20240424,1,2,357
20240425,1,2,356
20240426,1,2,355
20240427,1,2,344
20240428,1,2,340
20240429,1,2,333
20240430,1,2,327
20240501,1,2,530
20240502,1,2,521
20240503,1,2,510
20240504,1,2,510
20240505,1,2,506
20240506,1,2,504
20240507,1,2,498
20240508,1,2,490
20240509,1,2,488
20240510,1,2,481
20240511,1,2,481
20240512,1,2,475
20240513,1,2,464
20240514,1,2,456
20240515,1,2,447
20240516,1,2,436
20240517,1,2,430
20240518,1,2,429
20240519,1,2,422
20240520,1,2,418
20240521,1,2,407
20240522,1,2,404
20240523,1,2,398
20240524,1,2,387
20240525,1,2,379
20240526,1,2,377
20240527,1,2,367
20240528,1,2,363
20240529,1,2,355
20240530,1,2,345
20240531,1,2,334
20240601,1,2,576
20240602,1,2,576
20240603,1,2,565
20240604,1,2,554
20240605,1,2,552
20240606,1,2,552
20240607,1,2,541
20240608,1,2,535
20240609,1,2,533
20240610,1,2,531
20240611,1,2,524
20240612,1,2,517
20240613,1,2,510
20240614,1,2,507
20240615,1,2,498
20240616,1,2,489
20240617,1,2,489
20240618,1,2,483
20240619,1,2,475
20240620,1,2,472
20240621,1,2,464
20240622,1,2,454
20240623,1,2,444
20240624,1,2,435
20240625,1,2,427
20240626,1,2,422
20240627,1,2,421
20240628,1,2,416
20240629,1,2,407
20240630,1,2,402
20240701,1,2,685
20240702,1,2,685
20240703,1,2,675
20240704,1,2,670
20240705,1,2,670
20240706,1,2,662
20240707,1,2,658
20240708,1,2,649
20240709,1,2,640
20240710,1,2,629
20240711,1,2,618
20240712,1,2,609
20240713,1,2,608
20240714,1,2,599
20240715,1,2,599
20240716,1,2,594
20240717,1,2,585
20240718,1,2,575
20240719,1,2,564
20240720,1,2,563
20240721,1,2,555
20240722,1,2,555
20240723,1,2,549
20240724,1,2,545
20240725,1,2,543
20240726,1,2,535
20240727,1,2,524
20240728,1,2,520
20240729,1,2,512
20240730,1,2,503
20240731,1,2,495
20240801,1,2,684
20240802,1,2,676
20240803,1,2,666
20240804,1,2,664
20240805,1,2,664
20240806,1,2,656
20240807,1,2,656
20240808,1,2,654
20240809,1,2,652
20240810,1,2,650
20240811,1,2,640
20240812,1,2,630
20240813,1,2,624
20240814,1,2,616
20240815,1,2,609
20240816,1,2,599
20240817,1,2,595
20240818,1,2,587
20240819,1,2,582
20240820,1,2,576
20240821,1,2,573
20240822,1,2,564
20240823,1,2,553
20240824,1,2,542
20240825,1,2,538
20240826,1,2,537
20240827,1,2,527
20240828,1,2,527
20240829,1,2,526
20240830,1,2,516
20240831,1,2,513
20240901,1,2,742
20240902,1,2,739
20240903,1,2,736
20240904,1,2,734
20240905,1,2,726
20240906,1,2,718
20240907,1,2,717
20240908,1,2,706
20240909,1,2,700
20240910,1,2,692
20240911,1,2,692
20240912,1,2,688
20240913,1,2,677
20240914,1,2,667
20240915,1,2,667
20240916,1,2,659
20240917,1,2,650
20240918,1,2,649
20240919,1,2,639
20240920,1,2,637
20240921,1,2,626
20240922,1,2,626
20240923,1,2,619
20240924,1,2,617
20240925,1,2,610
20240926,1,2,601
20240927,1,2,595
20240928,1,2,587
20240929,1,2,578
20240930,1,2,575
20241001,1,2,855
20241002,1,2,849
20241003,1,2,840
20241004,1,2,832
20241005,1,2,829
20241006,1,2,818
20241007,1,2,807
20241008,1,2,806
20241009,1,2,805
20241010,1,2,798
20241011,1,2,796
20241012,1,2,796
20241013,1,2,787
20241014,1,2,782
20241015,1,2,772
20241016,1,2,764
20241017,1,2,757
20241018,1,2,753
20241019,1,2,745
20241020,1,2,744
20241021,1,2,741
20241022,1,2,732
20241023,1,2,724
20241024,1,2,722
20241025,1,2,712
20241026,1,2,706
20241027,1,2,698
20241028,1,2,697
20241029,1,2,696
20241030,1,2,685
20241031,1,2,675
20241101,1,2,871
20241102,1,2,862
20241103,1,2,859
20241104,1,2,855
20241105,1,2,849
20241106,1,2,845
20241107,1,2,842
20241108,1,2,840
20241109,1,2,833
20241110,1,2,829
20241111,1,2,818
20241112,1,2,808
20241113,1,2,807
20241114,1,2,800
20241115,1,2,793
20241116,1,2,793
20241117,1,2,784
20241118,1,2,778
20241119,1,2,769
20241120,1,2,764
20241121,1,2,759
20241122,1,2,751
20241123,1,2,742
20241124,1,2,733
20241125,1,2,728
20241126,1,2,722
20241127,1,2,711
20241128,1,2,701
20241129,1,2,697
20241130,1,2,690
20241201,1,2,860
20241202,1,2,854
20241203,1,2,850
20241204,1,2,839
20241205,1,2,829
20241206,1,2,829
20241207,1,2,826
20241208,1,2,825
20241209,1,2,824
20241210,1,2,818
20241211,1,2,809
20241212,1,2,801
20241213,1,2,796
20241214,1,2,792
20241215,1,2,790
20241216,1,2,780
20241217,1,2,771
20241218,1,2,767
20241219,1,2,765
20241220,1,2,760
20241221,1,2,752
20241222,1,2,749
20241223,1,2,745
20241224,1,2,744
20241225,1,2,736
20241226,1,2,726
20241227,1,2,717
20241228,1,2,708
20241229,1,2,707
20241230,1,2,697
20241231,1,2,688
20250101,1,2,878
20250102,1,2,878
20250103,1,2,868
20250104,1,2,868
20250105,1,2,868
20250106,1,2,861
20250107,1,2,852
20250108,1,2,843
20250109,1,2,832
20250110,1,2,832
20250111,1,2,824
20250112,1,2,821
20250113,1,2,810
20250114,1,2,807
20250115,1,2,803
20250116,1,2,800
20250117,1,2,792
20250118,1,2,782
20250119,1,2,776
20250120,1,2,772
20250121,1,2,768
20250122,1,2,760
20250123,1,2,753
20250124,1,2,751
20250125,1,2,747
20250126,1,2,736
20250127,1,2,725
20250128,1,2,721
20250129,1,2,712
20250130,1,2,712
20250131,1,2,702
20250201,1,2,892
20250202,1,2,885
20250203,1,2,875
20250204,1,2,864
20250205,1,2,860
20250206,1,2,854
20250207,1,2,847
20250208,1,2,840
20250209,1,2,836
20250210,1,2,832
20250211,1,2,825
20250212,1,2,814
20250213,1,2,814
20250214,1,2,812
20250215,1,2,803
20250216,1,2,796
20250217,1,2,791
20250218,1,2,787
20250219,1,2,776
20250220,1,2,766
20250221,1,2,756
20250222,1,2,753
20250223,1,2,746
20250224,1,2,735
20250225,1,2,732
20250226,1,2,730
20250227,1,2,723
20250228,1,2,721
20250301,1,2,974
20250302,1,2,969
20250303,1,2,958
20250304,1,2,951
20250305,1,2,947
20250306,1,2,937
20250307,1,2,930
20250308,1,2,929
20250309,1,2,919
20250310,1,2,914
20250311,1,2,910
20250312,1,2,900
20250313,1,2,891
20250314,1,2,887
20250315,1,2,876
20250316,1,2,866
20250317,1,2,864
20250318,1,2,858
20250319,1,2,851
20250320,1,2,847
20250321,1,2,841
20250322,1,2,830
20250323,1,2,824
20250324,1,2,823
20250325,1,2,813
20250326,1,2,809
20250327,1,2,807
20250328,1,2,805
20250329,1,2,796
20250330,1,2,785
20250331,1,2,783
20250401,1,2,944
20250402,1,2,943
20250403,1,2,937
20250404,1,2,934
20250405,1,2,932
20250406,1,2,925
20250407,1,2,923
20250408,1,2,920
20250409,1,2,913
20250410,1,2,910
20250411,1,2,899
20250412,1,2,893
20250413,1,2,892
20250414,1,2,885
20250415,1,2,878
20250416,1,2,872
20250417,1,2,861
20250418,1,2,854
20250419,1,2,845
20250420,1,2,837
20250421,1,2,834
20250422,1,2,824
20250423,1,2,816
20250424,1,2,808
20250425,1,2,808
20250426,1,2,800
20250427,1,2,799
20250428,1,2,795
20250429,1,2,789
20250430,1,2,778
20250501,1,2,946
20250502,1,2,940
20250503,1,2,934
20250504,1,2,924
20250505,1,2,919
20250506,1,2,918
20250507,1,2,918
20250508,1,2,914
20250509,1,2,903
20250510,1,2,901
20250511,1,2,900
20250512,1,2,900
20250513,1,2,894
20250514,1,2,890
20250515,1,2,886
20250516,1,2,879
20250517,1,2,876
20250518,1,2,876
20250519,1,2,871
20250520,1,2,863
20250521,1,2,857
20250522,1,2,846
20250523,1,2,846
20250524,1,2,846
20250525,1,2,845
20250526,1,2,845
20250527,1,2,838
20250528,1,2,831
20250529,1,2,823
20250530,1,2,821
20250531,1,2,813
20250601,1,2,978
20250602,1,2,975
20250603,1,2,975
20250604,1,2,973
20250605,1,2,967
20250606,1,2,959
20250607,1,2,954
20250608,1,2,951
20250609,1,2,949
20250610,1,2,948
20250611,1,2,938
20250612,1,2,930
20250613,1,2,929
20250614,1,2,928
20250615,1,2,922
20250616,1,2,918
20250617,1,2,916
20250618,1,2,911
20250619,1,2,906
20250620,1,2,900
20250621,1,2,891
20250622,1,2,888
20250623,1,2,880
20250624,1,2,872
20250625,1,2,864
20250626,1,2,853
20250627,1,2,851
20250628,1,2,843
20250629,1,2,843
20250630,1,2,839
20250701,1,2,1086
20250702,1,2,1085
20250703,1,2,1077
20250704,1,2,1073
20250705,1,2,1067
20250706,1,2,1057
20250707,1,2,1047
20250708,1,2,1043
20250709,1,2,1033
20250710,1,2,1028
20250711,1,2,1026
20250712,1,2,1015
20250713,1,2,1011
20250714,1,2,1001
20250715,1,2,990
20250716,1,2,989
20250717,1,2,981
20250718,1,2,971
20250719,1,2,969
20250720,1,2,964
20250721,1,2,953
20250722,1,2,944
20250723,1,2,940
20250724,1,2,936
20250725,1,2,935
20250726,1,2,924
20250727,1,2,914
20250728,1,2,905
20250729,1,2,901
20250730,1,2,896
20250731,1,2,892
20250801,1,2,1096
20250802,1,2,1094
20250803,1,2,1087
20250804,1,2,1084
20250805,1,2,1083
20250806,1,2,1078
20250807,1,2,1069
20250808,1,2,1065
20250809,1,2,1056
20250810,1,2,1049
20250811,1,2,1046
20250812,1,2,1039
20250813,1,2,1033
20250814,1,2,1031
20250815,1,2,1026
20250816,1,2,1023
20250817,1,2,1017
20250818,1,2,1017
20250819,1,2,1017
20250820,1,2,1013
20250821,1,2,1007
20250822,1,2,1002
20250823,1,2,1002
20250824,1,2,1001
20250825,1,2,1000
20250826,1,2,999
20250827,1,2,990
20250828,1,2,987
20250829,1,2,978
20250830,1,2,973
20250831,1,2,962
20250901,1,2,1252
20250902,1,2,1242
20250903,1,2,1238
20250904,1,2,1234
20250905,1,2,1233
20250906,1,2,1227
20250907,1,2,1220
20250908,1,2,1214
20250909,1,2,1212
20250910,1,2,1208
20250911,1,2,1205
20250912,1,2,1195
20250913,1,2,1194
20250914,1,2,1191
20250915,1,2,1188
20250916,1,2,1183
20250917,1,2,1180
20250918,1,2,1170
20250919,1,2,1164
20250920,1,2,1160
20250921,1,2,1156
20250922,1,2,1150
20250923,1,2,1146
20250924,1,2,1136
20250925,1,2,1135
20250926,1,2,1132
20250927,1,2,1127
20250928,1,2,1116
20250929,1,2,1113
20250930,1,2,1111
20251001,1,2,1312
20251002,1,2,1301
20251003,1,2,1301
20251004,1,2,1294
20251005,1,2,1288
20251006,1,2,1284
20251007,1,2,1283
20251008,1,2,1276
20251009,1,2,1269
20251010,1,2,1268
20251011,1,2,1261
20251012,1,2,1255
20251013,1,2,1251
20251014,1,2,1245
20251015,1,2,1234
20251016,1,2,1229
20251017,1,2,1219
20251018,1,2,1219
20251019,1,2,1211
20251020,1,2,1203
20251021,1,2,1195
20251022,1,2,1191
20251023,1,2,1191
20251024,1,2,1191
20251025,1,2,1188
20251026,1,2,1187
20251027,1,2,1185
20251028,1,2,1185
20251029,1,2,1181
20251030,1,2,1171
20251031,1,2,1170
20251101,1,2,1371
20251102,1,2,1366
20251103,1,2,1360
20251104,1,2,1349
20251105,1,2,1348
20251106,1,2,1345
20251107,1,2,1344
20251108,1,2,1344
20251109,1,2,1336
20251110,1,2,1333
20251111,1,2,1331
20251112,1,2,1326
20251113,1,2,1321
20251114,1,2,1316
20251115,1,2,1306
20251116,1,2,1298
20251117,1,2,1294
20251118,1,2,1292
20251119,1,2,1291
20251120,1,2,1283
20251121,1,2,1274
20251122,1,2,1266
20251123,1,2,1258
20251124,1,2,1251
20251125,1,2,1244
20251126,1,2,1233
20251127,1,2,1227
20251128,1,2,1217
20251129,1,2,1208
20251130,1,2,1203
20251201,1,2,1404
20251202,1,2,1401
20251203,1,2,1395
20251204,1,2,1388
20251205,1,2,1378
20251206,1,2,1377
20251207,1,2,1376
20251208,1,2,1369
20251209,1,2,1369
20251210,1,2,1359
20251211,1,2,1357
20251212,1,2,1351
20251213,1,2,1351
20251214,1,2,1351
20251215,1,2,1341
20251216,1,2,1334
20251217,1,2,1323
20251218,1,2,1313
20251219,1,2,1302
20251220,1,2,1300
20251221,1,2,1292
20251222,1,2,1285
20251223,1,2,1283
20251224,1,2,1281
20251225,1,2,1277
20251226,1,2,1268
20251227,1,2,1263
20251228,1,2,1260
20251229,1,2,1254
20251230,1,2,1247
20251231,1,2,1240
20260101,1,2,1474
20260102,1,2,1470
20260103,1,2,1466
20260104,1,2,1456
20260105,1,2,1451
20260106,1,2,1441
20260107,1,2,1438
20260108,1,2,1434
20260109,1,2,1430
20260110,1,2,1426
20260111,1,2,1423
20260112,1,2,1416
20260113,1,2,1405
20260114,1,2,1402
20260115,1,2,1399
20260116,1,2,1396
20260117,1,2,1394
20260118,1,2,1394
20260119,1,2,1394
20260120,1,2,1393
20260121,1,2,1392
20260122,1,2,1385
20260123,1,2,1384
20260124,1,2,1381
20260125,1,2,1376
20260126,1,2,1376
20260127,1,2,1371
20260128,1,2,1360
20260129,1,2,1360
20260130,1,2,1357
20260131,1,2,1356
20260201,1,2,1527
20260202,1,2,1521
20260203,1,2,1517
20260204,1,2,1508
20260205,1,2,1497
20260206,1,2,1487
20260207,1,2,1481
20260208,1,2,1478
20260209,1,2,1472
20260210,1,2,1464
20260211,1,2,1459
20260212,1,2,1453
20260213,1,2,1444
20260214,1,2,1437
20260215,1,2,1428
20260216,1,2,1423
20260217,1,2,1414
20260218,1,2,1412
20260219,1,2,1404
20260220,1,2,1395
20260221,1,2,1390
20260222,1,2,1384
20260223,1,2,1377
20260224,1,2,1373
20260225,1,2,1368
20260226,1,2,1360
20260227,1,2,1352
20260228,1,2,1347
20260301,1,2,1619
20260302,1,2,1611
20260303,1,2,1610
20260304,1,2,1606
20260305,1,2,1606
20260306,1,2,1595
20260307,1,2,1589
20260308,1,2,1586
20260309,1,2,1583
20260310,1,2,1575
20260311,1,2,1574
20260312,1,2,1570
20260313,1,2,1570
20260314,1,2,1562
20260315,1,2,1553
20260316,1,2,1545
20260317,1,2,1534
20260318,1,2,1529
20260319,1,2,1522
20260320,1,2,1512
20260321,1,2,1503
20260322,1,2,1498
20260323,1,2,1488
20260324,1,2,1479
20260325,1,2,1470
20260326,1,2,1465
20260327,1,2,1462
20260328,1,2,1453
20260329,1,2,1453
20260330,1,2,1443
20260331,1,2,1436
20240401,3,2,732
20240402,3,2,722
20240403,3,2,715
20240404,3,2,715
20240405,3,2,711
20240406,3,2,701
20240407,3,2,699
20240408,3,2,699
20240409,3,2,694
20240410,3,2,688
20240411,3,2,683
20240412,3,2,673
20240413,3,2,671
20240414,3,2,667
20240415,3,2,660
20240416,3,2,652
20240417,3,2,642
20240418,3,2,640
20240419,3,2,630
20240420,3,2,619
20240421,3,2,608
20240422,3,2,608
20240423,3,2,604
20240424,3,2,597
20240425,3,2,594
20240426,3,2,594
20240427,3,2,591
20240428,3,2,591
20240429,3,2,583
20240430,3,2,580
20240501,3,2,829
20240502,3,2,820
20240503,3,2,818
20240504,3,2,816
20240505,3,2,815
20240506,3,2,815
20240507,3,2,805
20240508,3,2,794
20240509,3,2,794
20240510,3,2,791
20240511,3,2,784
20240512,3,2,778
20240513,3,2,770
20240514,3,2,760
20240515,3,2,751
20240516,3,2,748
20240517,3,2,744
20240518,3,2,740
20240519,3,2,738
20240520,3,2,732
20240521,3,2,731
20240522,3,2,730
20240523,3,2,729
20240524,3,2,721
20240525,3,2,715
20240526,3,2,712
20240527,3,2,705
20240528,3,2,697
20240529,3,2,688
20240530,3,2,683
20240531,3,2,674
20240601,3,2,862
20240602,3,2,860
20240603,3,2,859
20240604,3,2,850
20240605,3,2,842
20240606,3,2,832
20240607,3,2,832
20240608,3,2,822
20240609,3,2,812
20240610,3,2,806
20240611,3,2,800
20240612,3,2,799
20240613,3,2,792
20240614,3,2,783
20240615,3,2,776
20240616,3,2,774
20240617,3,2,768
20240618,3,2,767
20240619,3,2,761
20240620,3,2,751
20240621,3,2,740
20240622,3,2,732
20240623,3,2,728
20240624,3,2,724
20240625,3,2,715
20240626,3,2,715
20240627,3,2,711
20240628,3,2,705
20240629,3,2,705
20240630,3,2,696
20240701,3,2,892
20240702,3,2,891
20240703,3,2,891
20240704,3,2,886
20240705,3,2,875
20240706,3,2,875
20240707,3,2,874
20240708,3,2,865
20240709,3,2,864
20240710,3,2,857
20240711,3,2,857
20240712,3,2,857
20240713,3,2,853
20240714,3,2,846
20240715,3,2,839
20240716,3,2,828
20240717,3,2,828
20240718,3,2,828
20240719,3,2,819
20240720,3,2,815
20240721,3,2,813
20240722,3,2,803
20240723,3,2,800
20240724,3,2,800
20240725,3,2,800
20240726,3,2,789
20240727,3,2,788
20240728,3,2,777
20240729,3,2,775
20240730,3,2,771
20240731,3,2,771
20240801,3,2,979
20240802,3,2,968
20240803,3,2,964
20240804,3,2,964
20240805,3,2,956
20240806,3,2,953
20240807,3,2,943
20240808,3,2,943
20240809,3,2,942
20240810,3,2,934
20240811,3,2,927
20240812,3,2,920
20240813,3,2,914
20240814,3,2,904
20240815,3,2,896
20240816,3,2,894
20240817,3,2,885
20240818,3,2,879
20240819,3,2,877
20240820,3,2,869
20240821,3,2,861
20240822,3,2,858
20240823,3,2,856
20240824,3,2,846
20240825,3,2,836
20240826,3,2,834
20240827,3,2,826
20240828,3,2,825
20240829,3,2,815
20240830,3,2,812
20240831,3,2,810
20240901,3,2,1068
20240902,3,2,1060
20240903,3,2,1050
20240904,3,2,1040
20240905,3,2,1037
20240906,3,2,1030
20240907,3,2,1022
20240908,3,2,1011
20240909,3,2,1005
20240910,3,2,999
20240911,3,2,990
20240912,3,2,979
20240913,3,2,979
20240914,3,2,969
20240915,3,2,965
20240916,3,2,960
20240917,3,2,955
20240918,3,2,955
20240919,3,2,949
20240920,3,2,938
20240921,3,2,930
20240922,3,2,925
20240923,3,2,925
20240924,3,2,917
20240925,3,2,909
20240926,3,2,904
20240927,3,2,900
20240928,3,2,896
20240929,3,2,894
20240930,3,2,890
20241001,3,2,1060
20241002,3,2,1049
20241003,3,2,1043
20241004,3,2,1037
20241005,3,2,1028
20241006,3,2,1018
20241007,3,2,1012
20241008,3,2,1008
20241009,3,2,1002
20241010,3,2,992
20241011,3,2,989
20241012,3,2,978
20241013,3,2,973
20241014,3,2,965
20241015,3,2,963
20241016,3,2,952
20241017,3,2,944
20241018,3,2,934
20241019,3,2,925
20241020,3,2,920
20241021,3,2,918
20241022,3,2,909
20241023,3,2,903
20241024,3,2,901
20241025,3,2,898
20241026,3,2,896
20241027,3,2,885
20241028,3,2,877
20241029,3,2,874
20241030,3,2,872
20241031,3,2,862
20241101,3,2,1112
20241102,3,2,1112
20241103,3,2,1101
20241104,3,2,1096
20241105,3,2,1088
20241106,3,2,1086
20241107,3,2,1079
20241108,3,2,1078
20241109,3,2,1073
20241110,3,2,1071
20241111,3,2,1066
20241112,3,2,1056
20241113,3,2,1056
20241114,3,2,1051
20241115,3,2,1040
20241116,3,2,1029
20241117,3,2,1023
20241118,3,2,1016
20241119,3,2,1009
20241120,3,2,1004
20241121,3,2,1002
20241122,3,2,993
20241123,3,2,988
20241124,3,2,978
20241125,3,2,976
20241126,3,2,974
20241127,3,2,972
20241128,3,2,965
20241129,3,2,959
20241130,3,2,952
20241201,3,2,1134
20241202,3,2,1127
20241203,3,2,1121
20241204,3,2,1117
20241205,3,2,1114
20241206,3,2,1110
20241207,3,2,1107
20241208,3,2,1099
20241209,3,2,1098
20241210,3,2,1090
20241211,3,2,1090
20241212,3,2,1086
20241213,3,2,1081
20241214,3,2,1070
20241215,3,2,1063
20241216,3,2,1060
20241217,3,2,1056
20241218,3,2,1048
20241219,3,2,1038
20241220,3,2,1029
20241221,3,2,1019
20241222,3,2,1017
20241223,3,2,1012
20241224,3,2,1007
20241225,3,2,1002
20241226,3,2,1002
20241227,3,2,1000
20241228,3,2,997
20241229,3,2,993
20241230,3,2,990
20241231,3,2,986
20250101,3,2,1248
20250102,3,2,1246
20250103,3,2,1241
20250104,3,2,1241
20250105,3,2,1239
20250106,3,2,1239
20250107,3,2,1239
20250108,3,2,1230
20250109,3,2,1230
20250110,3,2,1229
20250111,3,2,1227
20250112,3,2,1220
20250113,3,2,1217
20250114,3,2,1215
20250115,3,2,1207
20250116,3,2,1205
20250117,3,2,1194
20250118,3,2,1185
20250119,3,2,1175
20250120,3,2,1167
20250121,3,2,1164
20250122,3,2,1157
20250123,3,2,1148
20250124,3,2,1137
20250125,3,2,1137
20250126,3,2,1127
20250127,3,2,1118
20250128,3,2,1108
20250129,3,2,1106
20250130,3,2,1105
20250131,3,2,1098
20250201,3,2,1270
20250202,3,2,1259
20250203,3,2,1249
20250204,3,2,1243
20250205,3,2,1236
20250206,3,2,1230
20250207,3,2,1222
20250208,3,2,1216
20250209,3,2,1209
20250210,3,2,1201
20250211,3,2,1192
20250212,3,2,1185
20250213,3,2,1177
20250214,3,2,1176
20250215,3,2,1176
20250216,3,2,1175
20250217,3,2,1167
20250218,3,2,1164
20250219,3,2,1155
20250220,3,2,1145
20250221,3,2,1137
20250222,3,2,1133
20250223,3,2,1132
20250224,3,2,1122
20250225,3,2,1118
20250226,3,2,1112
20250227,3,2,1104
20250228,3,2,1093
20250301,3,2,1310
20250302,3,2,1302
20250303,3,2,1298
20250304,3,2,1294
20250305,3,2,1288
20250306,3,2,1280
20250307,3,2,1272
20250308,3,2,1264
20250309,3,2,1264
20250310,3,2,1259
20250311,3,2,1258
20250312,3,2,1258
20250313,3,2,1250
20250314,3,2,1239
20250315,3,2,1229
20250316,3,2,1219
20250317,3,2,1216
20250318,3,2,1215
20250319,3,2,1211
20250320,3,2,1206
20250321,3,2,1196
20250322,3,2,1193
20250323,3,2,1190
20250324,3,2,1179
20250325,3,2,1168
20250326,3,2,1160
20250327,3,2,1159
20250328,3,2,1153
20250329,3,2,1150
20250330,3,2,1149
20250331,3,2,1149
20250401,3,2,1345
20250402,3,2,1344
20250403,3,2,1341
20250404,3,2,1336
20250405,3,2,1329
20250406,3,2,1319
20250407,3,2,1317
20250408,3,2,1308
20250409,3,2,1297
20250410,3,2,1288
20250411,3,2,1284
20250412,3,2,1281
20250413,3,2,1275
20250414,3,2,1266
20250415,3,2,1259
20250416,3,2,1254
20250417,3,2,1253
20250418,3,2,1245
20250419,3,2,1237
20250420,3,2,1231
20250421,3,2,1230
20250422,3,2,1225
20250423,3,2,1216
20250424,3,2,1205
20250425,3,2,1200
20250426,3,2,1190
20250427,3,2,1189
20250428,3,2,1189
20250429,3,2,1181
20250430,3,2,1170
20250501,3,2,1330
20250502,3,2,1319
20250503,3,2,1308
20250504,3,2,1303
20250505,3,2,1303
20250506,3,2,1299
20250507,3,2,1291
20250508,3,2,1288
20250509,3,2,1285
20250510,3,2,1280
20250511,3,2,1275
20250512,3,2,1266
20250513,3,2,1261
20250514,3,2,1255
20250515,3,2,1251
20250516,3,2,1244
20250517,3,2,1236
20250518,3,2,1236
20250519,3,2,1236
20250520,3,2,1226
20250521,3,2,1226
20250522,3,2,1220
20250523,3,2,1210
20250524,3,2,1204
20250525,3,2,1203
20250526,3,2,1200
20250527,3,2,1199
20250528,3,2,1199
20250529,3,2,1195
20250530,3,2,1191
20250531,3,2,1184
20250601,3,2,1450
20250602,3,2,1444
20250603,3,2,1435
20250604,3,2,1432
20250605,3,2,1427
20250606,3,2,1420
20250607,3,2,1411
20250608,3,2,1407
20250609,3,2,1401
20250610,3,2,1399
20250611,3,2,1396
20250612,3,2,1388
20250613,3,2,1378
20250614,3,2,1376
20250615,3,2,1365
20250616,3,2,1358
20250617,3,2,1347
20250618,3,2,1339
20250619,3,2,1338
20250620,3,2,1338
20250621,3,2,1328
20250622,3,2,1320
20250623,3,2,1310
20250624,3,2,1310
20250625,3,2,1309
20250626,3,2,1300
20250627,3,2,1290
20250628,3,2,1287
20250629,3,2,1276
20250630,3,2,1275
20250701,3,2,1469
20250702,3,2,1463
20250703,3,2,1458
20250704,3,2,1451
20250705,3,2,1448
20250706,3,2,1442
20250707,3,2,1437
20250708,3,2,1434
20250709,3,2,1424
20250710,3,2,1414
20250711,3,2,1413
20250712,3,2,1410
20250713,3,2,1407
20250714,3,2,1404
20250715,3,2,1403
20250716,3,2,1399
20250717,3,2,1392
20250718,3,2,1388
20250719,3,2,1381
20250720,3,2,1381
20250721,3,2,1371
20250722,3,2,1365
20250723,3,2,1357
20250724,3,2,1352
20250725,3,2,1344
20250726,3,2,1338
20250727,3,2,1337
20250728,3,2,1335
20250729,3,2,1326
20250730,3,2,1322
20250731,3,2,1322
20250801,3,2,1542
20250802,3,2,1532
20250803,3,2,1523
20250804,3,2,1512
20250805,3,2,1510
20250806,3,2,1502
20250807,3,2,1499
20250808,3,2,1489
20250809,3,2,1487
20250810,3,2,1479
20250811,3,2,1470
20250812,3,2,1463
20250813,3,2,1458
20250814,3,2,1453
20250815,3,2,1449
20250816,3,2,1448
20250817,3,2,1442
20250818,3,2,1435
20250819,3,2,1427
20250820,3,2,1427
20250821,3,2,1420
20250822,3,2,1417
20250823,3,2,1409
20250824,3,2,1404
20250825,3,2,1393
20250826,3,2,1392
20250827,3,2,1389
20250828,3,2,1381
20250829,3,2,1379
20250830,3,2,1376
20250831,3,2,1369
20250901,3,2,1594
20250902,3,2,1591
20250903,3,2,1584
20250904,3,2,1584
20250905,3,2,1573
20250906,3,2,1569
20250907,3,2,1564
20250908,3,2,1557
20250909,3,2,1555
20250910,3,2,1549
20250911,3,2,1538
20250912,3,2,1527
20250913,3,2,1523
20250914,3,2,1512
20250915,3,2,1511
20250916,3,2,1501
20250917,3,2,1497
20250918,3,2,1494
20250919,3,2,1493
20250920,3,2,1486
20250921,3,2,1486
20250922,3,2,1478
20250923,3,2,1478
20250924,3,2,1472
20250925,3,2,1467
20250926,3,2,1456
20250927,3,2,1451
20250928,3,2,1448
20250929,3,2,1440
20250930,3,2,1430
20251001,3,2,1652
20251002,3,2,1642
20251003,3,2,1637
20251004,3,2,1627
20251005,3,2,1618
20251006,3,2,1616
20251007,3,2,1611
20251008,3,2,1611
20251009,3,2,1602
20251010,3,2,1594
20251011,3,2,1594
20251012,3,2,1594
20251013,3,2,1587
20251014,3,2,1583
20251015,3,2,1583
20251016,3,2,1583
20251017,3,2,1573
20251018,3,2,1568
20251019,3,2,1559
20251020,3,2,1554
20251021,3,2,1543
20251022,3,2,1533
20251023,3,2,1523
20251024,3,2,1516
20251025,3,2,1516
20251026,3,2,1512
20251027,3,2,1511
20251028,3,2,1505
20251029,3,2,1500
20251030,3,2,1494
20251031,3,2,1483
20251101,3,2,1656
20251102,3,2,1647
20251103,3,2,1642
20251104,3,2,1637
20251105,3,2,1633
20251106,3,2,1626
20251107,3,2,1617
20251108,3,2,1617
20251109,3,2,1606
20251110,3,2,1605
20251111,3,2,1604
20251112,3,2,1597
20251113,3,2,1596
20251114,3,2,1588
20251115,3,2,1586
20251116,3,2,1583
20251117,3,2,1576
20251118,3,2,1565
20251119,3,2,1563
20251120,3,2,1553
20251121,3,2,1546
20251122,3,2,1540
20251123,3,2,1530
20251124,3,2,1523
20251125,3,2,1514
20251126,3,2,1507
20251127,3,2,1502
20251128,3,2,1499
20251129,3,2,1496
20251130,3,2,1496
20251201,3,2,1680
20251202,3,2,1677
20251203,3,2,1672
20251204,3,2,1668
20251205,3,2,1658
20251206,3,2,1652
20251207,3,2,1648
20251208,3,2,1637
20251209,3,2,1637
20251210,3,2,1636
20251211,3,2,1635
20251212,3,2,1634
20251213,3,2,1633
20251214,3,2,1625
20251215,3,2,1617
20251216,3,2,1617
20251217,3,2,1617
20251218,3,2,1607
20251219,3,2,1598
20251220,3,2,1589
20251221,3,2,1581
20251222,3,2,1576
20251223,3,2,1573
20251224,3,2,1570
20251225,3,2,1564
20251226,3,2,1564
20251227,3,2,1553
20251228,3,2,1542
20251229,3,2,1542
20251230,3,2,1536
20251231,3,2,1532
20260101,3,2,1734
20260102,3,2,1728
20260103,3,2,1717
20260104,3,2,1709
20260105,3,2,1698
20260106,3,2,1695
20260107,3,2,1685
20260108,3,2,1681
20260109,3,2,1677
20260110,3,2,1677
20260111,3,2,1667
20260112,3,2,1666
20260113,3,2,1661
20260114,3,2,1650
20260115,3,2,1643
20260116,3,2,1642
20260117,3,2,1631
20260118,3,2,1624
20260119,3,2,1622
20260120,3,2,1619
20260121,3,2,1609
20260122,3,2,1602
20260123,3,2,1598
20260124,3,2,1595
20260125,3,2,1585
20260126,3,2,1581
20260127,3,2,1575
20260128,3,2,1575
20260129,3,2,1573
20260130,3,2,1564
20260131,3,2,1555
20260201,3,2,1851
20260202,3,2,1845
20260203,3,2,1844
20260204,3,2,1836
20260205,3,2,1835
20260206,3,2,1834
20260207,3,2,1824
20260208,3,2,1823
20260209,3,2,1813
20260210,3,2,1805
20260211,3,2,1799
20260212,3,2,1798
20260213,3,2,1795
20260214,3,2,1793
20260215,3,2,1789
20260216,3,2,1787
20260217,3,2,1785
20260218,3,2,1782
20260219,3,2,1782
20260220,3,2,1772
20260221,3,2,1762
20260222,3,2,1759
20260223,3,2,1757
20260224,3,2,1747
20260225,3,2,1747
20260226,3,2,1738
20260227,3,2,1737
20260228,3,2,1737
20260301,3,2,2019
20260302,3,2,2015
20260303,3,2,2015
20260304,3,2,2008
20260305,3,2,2002
20260306,3,2,2002
20260307,3,2,1994
20260308,3,2,1988
20260309,3,2,1978
20260310,3,2,1970
20260311,3,2,1963
20260312,3,2,1963
20260313,3,2,1961
20260314,3,2,1958
20260315,3,2,1947
20260316,3,2,1944
20260317,3,2,1938
20260318,3,2,1928
20260319,3,2,1928
20260320,3,2,1921
20260321,3,2,1911
20260322,3,2,1901
20260323,3,2,1895
20260324,3,2,1891
20260325,3,2,1889
20260326,3,2,1882
20260327,3,2,1872
20260328,3,2,1866
20260329,3,2,1859
20260330,3,2,1856
20260331,3,2,1848
20240401,31,2,528
20240402,31,2,521
20240403,31,2,521
20240404,31,2,510
20240405,31,2,499
20240406,31,2,488
20240407,31,2,477
20240408,31,2,467
20240409,31,2,458
20240410,31,2,453
20240411,31,2,451
20240412,31,2,451
20240413,31,2,451
20240414,31,2,443
20240415,31,2,441
20240416,31,2,440
20240417,31,2,430
20240418,31,2,429
20240419,31,2,428
20240420,31,2,423
20240421,31,2,421
20240422,31,2,421
20240423,31,2,413
20240424,31,2,407
20240425,31,2,402
20240426,31,2,400
20240427,31,2,393
20240428,31,2,387
20240429,31,2,381
20240430,31,2,370
20240501,31,2,594
20240502,31,2,584
20240503,31,2,583
20240504,31,2,581
20240505,31,2,573
20240506,31,2,572
20240507,31,2,564
20240508,31,2,560
20240509,31,2,557
20240510,31,2,551
20240511,31,2,548
20240512,31,2,543
20240513,31,2,534
20240514,31,2,528
20240515,31,2,517
20240516,31,2,512
20240517,31,2,503
20240518,31,2,497
20240519,31,2,487
20240520,31,2,476
20240521,31,2,466
20240522,31,2,466
20240523,31,2,465
20240524,31,2,454
20240525,31,2,445
20240526,31,2,438
20240527,31,2,431
20240528,31,2,431
20240529,31,2,425
20240530,31,2,425
20240531,31,2,418
20240601,31,2,646
20240602,31,2,638
20240603,31,2,627
20240604,31,2,621
20240605,31,2,612
20240606,31,2,607
20240607,31,2,599
20240608,31,2,596
20240609,31,2,591
20240610,31,2,584
20240611,31,2,573
20240612,31,2,563
20240613,31,2,560
20240614,31,2,555
20240615,31,2,555
20240616,31,2,547
20240617,31,2,547
20240618,31,2,547
20240619,31,2,539
20240620,31,2,534
20240621,31,2,532
20240622,31,2,523
20240623,31,2,514
20240624,31,2,504
20240625,31,2,495
20240626,31,2,489
20240627,31,2,478
20240628,31,2,472
20240629,31,2,464
20240630,31,2,463
20240701,31,2,691
20240702,31,2,682
20240703,31,2,674
20240704,31,2,666
20240705,31,2,657
20240706,31,2,650
20240707,31,2,650
20240708,31,2,648
20240709,31,2,637
20240710,31,2,629
20240711,31,2,618
20240712,31,2,618
20240713,31,2,616
20240714,31,2,609
20240715,31,2,609
20240716,31,2,609
20240717,31,2,605
20240718,31,2,597
20240719,31,2,586
20240720,31,2,575
20240721,31,2,570
20240722,31,2,562
20240723,31,2,559
20240724,31,2,551
20240725,31,2,541
20240726,31,2,534
20240727,31,2,533
20240728,31,2,530
20240729,31,2,519
20240730,31,2,510
20240731,31,2,501
20240801,31,2,654
20240802,31,2,648
20240803,31,2,639
20240804,31,2,638
20240805,31,2,629
20240806,31,2,622
20240807,31,2,616
20240808,31,2,606
20240809,31,2,597
20240810,31,2,589
20240811,31,2,583
20240812,31,2,572
20240813,31,2,562
20240814,31,2,559
20240815,31,2,550
20240816,31,2,544
20240817,31,2,534
20240818,31,2,530
20240819,31,2,521
20240820,31,2,518
20240821,31,2,507
20240822,31,2,505
20240823,31,2,503
20240824,31,2,492
20240825,31,2,489
20240826,31,2,483
20240827,31,2,478
20240828,31,2,469
20240829,31,2,467
20240830,31,2,463
20240831,31,2,453
20240901,31,2,738
20240902,31,2,733
20240903,31,2,728
20240904,31,2,722
20240905,31,2,716
20240906,31,2,716
20240907,31,2,706
20240908,31,2,704
20240909,31,2,701
20240910,31,2,692
20240911,31,2,681
20240912,31,2,671
20240913,31,2,668
20240914,31,2,660
20240915,31,2,659
20240916,31,2,655
20240917,31,2,652
20240918,31,2,650
20240919,31,2,640
20240920,31,2,630
20240921,31,2,629
20240922,31,2,625
20240923,31,2,625
20240924,31,2,616
20240925,31,2,613
20240926,31,2,606
20240927,31,2,600
20240928,31,2,598
20240929,31,2,594
20240930,31,2,593
20241001,31,2,757
20241002,31,2,753
20241003,31,2,748
20241004,31,2,740
20241005,31,2,730
20241006,31,2,725
20241007,31,2,715
20241008,31,2,709
20241009,31,2,709
20241010,31,2,698
20241011,31,2,695
20241012,31,2,687
20241013,31,2,677
20241014,31,2,668
20241015,31,2,661
20241016,31,2,658
20241017,31,2,651
20241018,31,2,645
20241019,31,2,638
20241020,31,2,634
20241021,31,2,626
20241022,31,2,621
20241023,31,2,610
20241024,31,2,609
20241025,31,2,601
20241026,31,2,595
20241027,31,2,589
20241028,31,2,583
20241029,31,2,582
20241030,31,2,576
20241031,31,2,571
20241101,31,2,745
20241102,31,2,743
20241103,31,2,738
20241104,31,2,734
20241105,31,2,729
20241106,31,2,723
20241107,31,2,716
20241108,31,2,712
20241109,31,2,708
20241110,31,2,700
20241111,31,2,692
20241112,31,2,685
20241113,31,2,679
20241114,31,2,678
20241115,31,2,672
20241116,31,2,670
20241117,31,2,670
20241118,31,2,663
20241119,31,2,657
20241120,31,2,651
20241121,31,2,643
20241122,31,2,639
20241123,31,2,635
20241124,31,2,633
20241125,31,2,633
20241126,31,2,622
20241127,31,2,619
20241128,31,2,614
20241129,31,2,604
20241130,31,2,602
20241201,31,2,770
20241202,31,2,766
20241203,31,2,763
20241204,31,2,754
20241205,31,2,751
20241206,31,2,751
20241207,31,2,742
20241208,31,2,731
20241209,31,2,721
20241210,31,2,720
20241211,31,2,715
20241212,31,2,705
20241213,31,2,698
20241214,31,2,695
20241215,31,2,691
20241216,31,2,688
20241217,31,2,681
20241218,31,2,674
20241219,31,2,666
20241220,31,2,663
20241221,31,2,655
20241222,31,2,650
20241223,31,2,650
20241224,31,2,641
20241225,31,2,640
20241226,31,2,640
20241227,31,2,632
20241228,31,2,631
20241229,31,2,625
20241230,31,2,621
20241231,31,2,610
20250101,31,2,805
20250102,31,2,804
20250103,31,2,793
20250104,31,2,782
20250105,31,2,781
20250106,31,2,777
20250107,31,2,777
20250108,31,2,768
20250109,31,2,758
20250110,31,2,750
20250111,31,2,744
20250112,31,2,740
20250113,31,2,737
20250114,31,2,729
20250115,31,2,723
20250116,31,2,718
20250117,31,2,714
20250118,31,2,706
20250119,31,2,695
20250120,31,2,694
20250121,31,2,685
20250122,31,2,680
20250123,31,2,673
20250124,31,2,664
20250125,31,2,661
20250126,31,2,659
20250127,31,2,659
20250128,31,2,648
20250129,31,2,639
20250130,31,2,631
20250131,31,2,631
20250201,31,2,918
20250202,31,2,915
20250203,31,2,908
20250204,31,2,908
20250205,31,2,899
20250206,31,2,888
20250207,31,2,884
20250208,31,2,883
20250209,31,2,876
20250210,31,2,867
20250211,31,2,856
20250212,31,2,853
20250213,31,2,850
20250214,31,2,850
20250215,31,2,850
20250216,31,2,842
20250217,31,2,840
20250218,31,2,837
20250219,31,2,832
20250220,31,2,832
20250221,31,2,823
20250222,31,2,817
20250223,31,2,812
20250224,31,2,810
20250225,31,2,803
20250226,31,2,795
20250227,31,2,789
20250228,31,2,780
20250301,31,2,1002
20250302,31,2,1001
20250303,31,2,992
20250304,31,2,992
20250305,31,2,987
20250306,31,2,985
20250307,31,2,976
20250308,31,2,973
20250309,31,2,964
20250310,31,2,962
20250311,31,2,955
20250312,31,2,953
20250313,31,2,948
20250314,31,2,941
20250315,31,2,940
20250316,31,2,935
20250317,31,2,927
20250318,31,2,924
20250319,31,2,924
20250320,31,2,922
20250321,31,2,918
20250322,31,2,917
20250323,31,2,908
20250324,31,2,900
20250325,31,2,894
20250326,31,2,889
20250327,31,2,880
20250328,31,2,873
20250329,31,2,865
20250330,31,2,861
20250331,31,2,861
20250401,31,2,1015
20250402,31,2,1006
20250403,31,2,1005
20250404,31,2,1005
20250405,31,2,1003
20250406,31,2,999
20250407,31,2,997
20250408,31,2,990
20250409,31,2,980
20250410,31,2,973
20250411,31,2,970
20250412,31,2,965
20250413,31,2,954
20250414,31,2,945
20250415,31,2,944
20250416,31,2,939
20250417,31,2,939
20250418,31,2,929
20250419,31,2,921
20250420,31,2,919
20250421,31,2,911
20250422,31,2,906
20250423,31,2,897
20250424,31,2,897
20250425,31,2,892
20250426,31,2,886
20250427,31,2,885
20250428,31,2,881
20250429,31,2,873
20250430,31,2,865
20250501,31,2,1022
20250502,31,2,1014
20250503,31,2,1009
20250504,31,2,1000
20250505,31,2,993
20250506,31,2,982
20250507,31,2,974
20250508,31,2,963
20250509,31,2,953
20250510,31,2,949
20250511,31,2,948
20250512,31,2,941
20250513,31,2,935
20250514,31,2,924
20250515,31,2,913
20250516,31,2,913
20250517,31,2,910
20250518,31,2,904
20250519,31,2,897
20250520,31,2,893
20250521,31,2,890
20250522,31,2,885
20250523,31,2,876
20250524,31,2,865
20250525,31,2,857
20250526,31,2,856
20250527,31,2,845
20250528,31,2,839
20250529,31,2,831
20250530,31,2,823
20250531,31,2,818
20250601,31,2,1041
20250602,31,2,1040
20250603,31,2,1031
20250604,31,2,1028
20250605,31,2,1020
20250606,31,2,1020
20250607,31,2,1019
20250608,31,2,1016
20250609,31,2,1013
20250610,31,2,1012
20250611,31,2,1004
20250612,31,2,1004
20250613,31,2,1003
20250614,31,2,996
20250615,31,2,989
20250616,31,2,982
20250617,31,2,972
20250618,31,2,963
20250619,31,2,959
20250620,31,2,952
20250621,31,2,950
20250622,31,2,941
20250623,31,2,931
20250624,31,2,925
20250625,31,2,920
20250626,31,2,913
20250627,31,2,904
20250628,31,2,894
20250629,31,2,894
20250630,31,2,887
20250701,31,2,1068
20250702,31,2,1068
20250703,31,2,1067
20250704,31,2,1062
20250705,31,2,1052
20250706,31,2,1042
20250707,31,2,1033
20250708,31,2,1026
20250709,31,2,1019
20250710,31,2,1019
20250711,31,2,1010
20250712,31,2,1010
20250713,31,2,1001
20250714,31,2,993
20250715,31,2,990
20250716,31,2,989
20250717,31,2,979
20250718,31,2,977
20250719,31,2,971
20250720,31,2,963
20250721,31,2,958
20250722,31,2,956
20250723,31,2,951
20250724,31,2,946
20250725,31,2,941
20250726,31,2,937
20250727,31,2,937
20250728,31,2,933
20250729,31,2,929
20250730,31,2,926
20250731,31,2,925
20250801,31,2,1125
20250802,31,2,1123
20250803,31,2,1115
20250804,31,2,1104
20250805,31,2,1093
20250806,31,2,1090
20250807,31,2,1089
20250808,31,2,1081
20250809,31,2,1078
20250810,31,2,1075
20250811,31,2,1067
20250812,31,2,1064
20250813,31,2,1058
20250814,31,2,1053
20250815,31,2,1043
20250816,31,2,1035
20250817,31,2,1031
20250818,31,2,1031
20250819,31,2,1029
20250820,31,2,1027
20250821,31,2,1018
20250822,31,2,1009
20250823,31,2,1009
20250824,31,2,1005
20250825,31,2,1004
20250826,31,2,994
20250827,31,2,986
20250828,31,2,985
20250829,31,2,977
20250830,31,2,968
20250831,31,2,968
20250901,31,2,1205
20250902,31,2,1203
20250903,31,2,1192
20250904,31,2,1192
20250905,31,2,1187
20250906,31,2,1177
20250907,31,2,1174
20250908,31,2,1171
20250909,31,2,1163
20250910,31,2,1161
20250911,31,2,1155
20250912,31,2,1153
20250913,31,2,1153
20250914,31,2,1149
20250915,31,2,1148
20250916,31,2,1142
20250917,31,2,1137
20250918,31,2,1132
20250919,31,2,1121
20250920,31,2,1111
20250921,31,2,1106
20250922,31,2,1104
20250923,31,2,1102
20250924,31,2,1094
20250925,31,2,1084
20250926,31,2,1074
20250927,31,2,1063
20250928,31,2,1063
20250929,31,2,1054
20250930,31,2,1045
20251001,31,2,1216
20251002,31,2,1205
20251003,31,2,1200
20251004,31,2,1192
20251005,31,2,1192
20251006,31,2,1185
20251007,31,2,1182
20251008,31,2,1173
20251009,31,2,1172
20251010,31,2,1161
20251011,31,2,1159
20251012,31,2,1155
20251013,31,2,1155
20251014,31,2,1154
20251015,31,2,1143
20251016,31,2,1135
20251017,31,2,1125
20251018,31,2,1115
20251019,31,2,1108
20251020,31,2,1101
20251021,31,2,1098
20251022,31,2,1090
20251023,31,2,1079
20251024,31,2,1077
20251025,31,2,1066
20251026,31,2,1060
20251027,31,2,1051
20251028,31,2,1047
20251029,31,2,1039
20251030,31,2,1033
20251031,31,2,1030
20251101,31,2,1174
20251102,31,2,1166
20251103,31,2,1161
20251104,31,2,1155
20251105,31,2,1148
20251106,31,2,1148
20251107,31,2,1146
20251108,31,2,1135
20251109,31,2,1135
20251110,31,2,1134
20251111,31,2,1123
20251112,31,2,1114
20251113,31,2,1107
20251114,31,2,1096
20251115,31,2,1088
20251116,31,2,1087
20251117,31,2,1087
20251118,31,2,1077
20251119,31,2,1072
20251120,31,2,1068
20251121,31,2,1065
20251122,31,2,1056
20251123,31,2,1046
20251124,31,2,1039
20251125,31,2,1034
20251126,31,2,1027
20251127,31,2,1023
20251128,31,2,1019
20251129,31,2,1018
20251130,31,2,1013
20251201,31,2,1217
20251202,31,2,1213
20251203,31,2,1205
20251204,31,2,1196
20251205,31,2,1187
20251206,31,2,1177
20251207,31,2,1166
20251208,31,2,1162
20251209,31,2,1152
20251210,31,2,1148
20251211,31,2,1139
20251212,31,2,1128
20251213,31,2,1119
20251214,31,2,1115
20251215,31,2,1111
20251216,31,2,1104
20251217,31,2,1093
20251218,31,2,1092
20251219,31,2,1089
20251220,31,2,1084
20251221,31,2,1075
20251222,31,2,1073
20251223,31,2,1068
20251224,31,2,1066
20251225,31,2,1058
20251226,31,2,1056
20251227,31,2,1055
20251228,31,2,1050
20251229,31,2,1050
20251230,31,2,1047
20251231,31,2,1036
20260101,31,2,1301
20260102,31,2,1296
20260103,31,2,1287
20260104,31,2,1287
20260105,31,2,1282
20260106,31,2,1277
20260107,31,2,1277
20260108,31,2,1276
20260109,31,2,1271
20260110,31,2,1270
20260111,31,2,1259
20260112,31,2,1258
20260113,31,2,1258
20260114,31,2,1249
20260115,31,2,1245
20260116,31,2,1240
20260117,31,2,1237
20260118,31,2,1237
20260119,31,2,1229
20260120,31,2,1223
20260121,31,2,1219
20260122,31,2,1217
20260123,31,2,1216
20260124,31,2,1208
20260125,31,2,1208
20260126,31,2,1197
20260127,31,2,1191
20260128,31,2,1189
20260129,31,2,1179
20260130,31,2,1176
20260131,31,2,1173
20260201,31,2,1428
20260202,31,2,1421
20260203,31,2,1418
20260204,31,2,1409
20260205,31,2,1404
20260206,31,2,1397
20260207,31,2,1392
20260208,31,2,1390
20260209,31,2,1387
20260210,31,2,1377
20260211,31,2,1371
20260212,31,2,1370
20260213,31,2,1370
20260214,31,2,1369
20260215,31,2,1360
20260216,31,2,1349
20260217,31,2,1343
20260218,31,2,1336
20260219,31,2,1330
20260220,31,2,1327
20260221,31,2,1318
20260222,31,2,1315
20260223,31,2,1307
20260224,31,2,1306
20260225,31,2,1300
20260226,31,2,1294
20260227,31,2,1293
20260228,31,2,1283
20260301,31,2,1453
20260302,31,2,1448
20260303,31,2,1439
20260304,31,2,1434
20260305,31,2,1427
20260306,31,2,1419
20260307,31,2,1419
20260308,31,2,1417
20260309,31,2,1412
20260310,31,2,1408
20260311,31,2,1408
20260312,31,2,1401
20260313,31,2,1401
20260314,31,2,1392
20260315,31,2,1390
20260316,31,2,1383
20260317,31,2,1373
20260318,31,2,1369
20260319,31,2,1367
20260320,31,2,1365
20260321,31,2,1360
20260322,31,2,1357
20260323,31,2,1347
20260324,31,2,1337
20260325,31,2,1329
20260326,31,2,1325
20260327,31,2,1324
20260328,31,2,1322
20260329,31,2,1317
20260330,31,2,1308
20260331,31,2,1299
20240401,14,2,703
20240402,14,2,701
20240403,14,2,693
20240404,14,2,686
20240405,14,2,686
20240406,14,2,682
20240407,14,2,671
20240408,14,2,665
20240409,14,2,660
20240410,14,2,659
20240411,14,2,650
20240412,14,2,640
20240413,14,2,630
20240414,14,2,619
20240415,14,2,608
20240416,14,2,605
20240417,14,2,596
20240418,14,2,593
20240419,14,2,589
20240420,14,2,587
20240421,14,2,587
20240422,14,2,580
20240423,14,2,580
20240424,14,2,578
20240425,14,2,576
20240426,14,2,569
20240427,14,2,564
20240428,14,2,553
20240429,14,2,546
20240430,14,2,544
20240501,14,2,729
20240502,14,2,724
20240503,14,2,723
20240504,14,2,718
20240505,14,2,715
20240506,14,2,714
20240507,14,2,704
20240508,14,2,700
20240509,14,2,700
20240510,14,2,692
20240511,14,2,685
20240512,14,2,681
20240513,14,2,677
20240514,14,2,675
20240515,14,2,672
20240516,14,2,671
20240517,14,2,669
20240518,14,2,665
20240519,14,2,656
20240520,14,2,654
20240521,14,2,645
20240522,14,2,636
20240523,14,2,636
20240524,14,2,633
20240525,14,2,627
20240526,14,2,626
20240527,14,2,622
20240528,14,2,614
20240529,14,2,614
20240530,14,2,607
20240531,14,2,604
20240601,14,2,869
20240602,14,2,861
20240603,14,2,852
20240604,14,2,847
20240605,14,2,842
20240606,14,2,838
20240607,14,2,829
20240608,14,2,825
20240609,14,2,814
20240610,14,2,813
20240611,14,2,809
20240612,14,2,803
20240613,14,2,797
20240614,14,2,792
20240615,14,2,781
20240616,14,2,776
20240617,14,2,775
20240618,14,2,771
20240619,14,2,771
20240620,14,2,768
20240621,14,2,763
20240622,14,2,763
20240623,14,2,758
20240624,14,2,756
20240625,14,2,745
20240626,14,2,744
20240627,14,2,739
20240628,14,2,737
20240629,14,2,732
20240630,14,2,727
20240701,14,2,946
20240702,14,2,941
20240703,14,2,938
20240704,14,2,928
20240705,14,2,921
20240706,14,2,914
20240707,14,2,910
20240708,14,2,901
20240709,14,2,893
20240710,14,2,892
20240711,14,2,887
20240712,14,2,877
20240713,14,2,867
20240714,14,2,856
20240715,14,2,847
20240716,14,2,836
20240717,14,2,833
20240718,14,2,822
20240719,14,2,811
20240720,14,2,803
20240721,14,2,795
20240722,14,2,787
20240723,14,2,786
20240724,14,2,786
20240725,14,2,784
20240726,14,2,781
20240727,14,2,781
20240728,14,2,772
20240729,14,2,772
20240730,14,2,768
20240731,14,2,767
20240801,14,2,999
20240802,14,2,992
20240803,14,2,986
20240804,14,2,980
20240805,14,2,977
20240806,14,2,973
20240807,14,2,970
20240808,14,2,960
20240809,14,2,956
20240810,14,2,954
20240811,14,2,948
20240812,14,2,939
20240813,14,2,935
20240814,14,2,935
20240815,14,2,931
20240816,14,2,921
20240817,14,2,911
20240818,14,2,902
20240819,14,2,896
20240820,14,2,885
20240821,14,2,884
20240822,14,2,883
20240823,14,2,875
20240824,14,2,866
20240825,14,2,864
20240826,14,2,861
20240827,14,2,859
20240828,14,2,857
20240829,14,2,857
20240830,14,2,855
20240831,14,2,847
20240901,14,2,1094
20240902,14,2,1083
20240903,14,2,1081
20240904,14,2,1074
20240905,14,2,1070
20240906,14,2,1067
20240907,14,2,1059
20240908,14,2,1055
20240909,14,2,1048
20240910,14,2,1046
20240911,14,2,1041
20240912,14,2,1041
20240913,14,2,1041
20240914,14,2,1032
20240915,14,2,1022
20240916,14,2,1021
20240917,14,2,1013
20240918,14,2,1006
20240919,14,2,1003
20240920,14,2,998
20240921,14,2,995
20240922,14,2,995
20240923,14,2,986
20240924,14,2,983
20240925,14,2,977
20240926,14,2,977
20240927,14,2,977
20240928,14,2,970
20240929,14,2,966
20240930,14,2,958
20241001,14,2,1230
20241002,14,2,1230
20241003,14,2,1227
20241004,14,2,1225
20241005,14,2,1223
20241006,14,2,1218
20241007,14,2,1213
20241008,14,2,1202
20241009,14,2,1193
20241010,14,2,1193
20241011,14,2,1187
20241012,14,2,1185
20241013,14,2,1174
20241014,14,2,1171
20241015,14,2,1170
20241016,14,2,1159
20241017,14,2,1151
20241018,14,2,1143
20241019,14,2,1136
20241020,14,2,1128
20241021,14,2,1126
20241022,14,2,1118
20241023,14,2,1116
20241024,14,2,1106
20241025,14,2,1102
20241026,14,2,1091
20241027,14,2,1088
20241028,14,2,1086
20241029,14,2,1082
20241030,14,2,1076
20241031,14,2,1068
20241101,14,2,1220
20241102,14,2,1217
20241103,14,2,1209
20241104,14,2,1206
20241105,14,2,1201
20241106,14,2,1190
20241107,14,2,1188
20241108,14,2,1186
20241109,14,2,1178
20241110,14,2,1169
20241111,14,2,1165
20241112,14,2,1163
20241113,14,2,1162
20241114,14,2,1151
20241115,14,2,1144
20241116,14,2,1140
20241117,14,2,1137
20241118,14,2,1136
20241119,14,2,1133
20241120,14,2,1124
20241121,14,2,1119
20241122,14,2,1109
20241123,14,2,1103
20241124,14,2,1096
20241125,14,2,1088
20241126,14,2,1086
20241127,14,2,1081
20241128,14,2,1071
20241129,14,2,1065
20241130,14,2,1062
20241201,14,2,1290
20241202,14,2,1279
20241203,14,2,1270
20241204,14,2,1269
20241205,14,2,1262
20241206,14,2,1255
20241207,14,2,1247
20241208,14,2,1247
20241209,14,2,1244
20241210,14,2,1241
20241211,14,2,1239
20241212,14,2,1230
20241213,14,2,1225
20241214,14,2,1221
20241215,14,2,1215
20241216,14,2,1215
20241217,14,2,1213
20241218,14,2,1207
20241219,14,2,1205
20241220,14,2,1200
20241221,14,2,1197
20241222,14,2,1186
20241223,14,2,1176
20241224,14,2,1165
20241225,14,2,1161
20241226,14,2,1158
20241227,14,2,1152
20241228,14,2,1143
20241229,14,2,1134
20241230,14,2,1128
20241231,14,2,1122
20250101,14,2,1348
20250102,14,2,1347
20250103,14,2,1343
20250104,14,2,1333
20250105,14,2,1323
20250106,14,2,1316
20250107,14,2,1305
20250108,14,2,1294
20250109,14,2,1288
20250110,14,2,1279
20250111,14,2,1277
20250112,14,2,1272
20250113,14,2,1268
20250114,14,2,1258
20250115,14,2,1254
20250116,14,2,1251
20250117,14,2,1247
20250118,14,2,1237
20250119,14,2,1230
20250120,14,2,1229
20250121,14,2,1229
20250122,14,2,1225
20250123,14,2,1216
20250124,14,2,1206
20250125,14,2,1205
20250126,14,2,1205
20250127,14,2,1202
20250128,14,2,1192
20250129,14,2,1187
20250130,14,2,1187
20250131,14,2,1181
20250201,14,2,1428
20250202,14,2,1421
20250203,14,2,1412
20250204,14,2,1412
20250205,14,2,1412
20250206,14,2,1402
20250207,14,2,1397
20250208,14,2,1396
20250209,14,2,1395
20250210,14,2,1385
20250211,14,2,1375
20250212,14,2,1364
20250213,14,2,1356
20250214,14,2,1348
20250215,14,2,1338
20250216,14,2,1327
20250217,14,2,1327
20250218,14,2,1320
20250219,14,2,1311
20250220,14,2,1300
20250221,14,2,1300
20250222,14,2,1291
20250223,14,2,1285
20250224,14,2,1277
20250225,14,2,1266
20250226,14,2,1255
20250227,14,2,1253
20250228,14,2,1248
20250301,14,2,1454
20250302,14,2,1449
20250303,14,2,1439
20250304,14,2,1429
20250305,14,2,1421
20250306,14,2,1414
20250307,14,2,1413
20250308,14,2,1409
20250309,14,2,1406
20250310,14,2,1405
20250311,14,2,1398
20250312,14,2,1391
20250313,14,2,1391
20250314,14,2,1386
20250315,14,2,1380
20250316,14,2,1375
20250317,14,2,1373
20250318,14,2,1373
20250319,14,2,1371
20250320,14,2,1360
20250321,14,2,1350
20250322,14,2,1342
20250323,14,2,1339
20250324,14,2,1339
20250325,14,2,1329
20250326,14,2,1324
20250327,14,2,1318
20250328,14,2,1307
20250329,14,2,1296
20250330,14,2,1290
20250331,14,2,1282
20250401,14,2,1511
20250402,14,2,1509
20250403,14,2,1509
20250404,14,2,1498
20250405,14,2,1488
20250406,14,2,1484
20250407,14,2,1476
20250408,14,2,1475
20250409,14,2,1474
20250410,14,2,1464
20250411,14,2,1453
20250412,14,2,1446
20250413,14,2,1441
20250414,14,2,1434
20250415,14,2,1434
20250416,14,2,1431
20250417,14,2,1428
20250418,14,2,1422
20250419,14,2,1412
20250420,14,2,1411
20250421,14,2,1406
20250422,14,2,1397
20250423,14,2,1388
20250424,14,2,1378
20250425,14,2,1374
20250426,14,2,1363
20250427,14,2,1362
20250428,14,2,1353
20250429,14,2,1351
20250430,14,2,1343
20250501,14,2,1617
20250502,14,2,1615
20250503,14,2,1605
20250504,14,2,1594
20250505,14,2,1589
20250506,14,2,1586
20250507,14,2,1579
20250508,14,2,1568
20250509,14,2,1557
20250510,14,2,1556
20250511,14,2,1555
20250512,14,2,1549
20250513,14,2,1539
20250514,14,2,1539
20250515,14,2,1531
20250516,14,2,1528
20250517,14,2,1525
20250518,14,2,1515
20250519,14,2,1512
20250520,14,2,1510
20250521,14,2,1499
20250522,14,2,1489
20250523,14,2,1478
20250524,14,2,1471
20250525,14,2,1468
20250526,14,2,1460
20250527,14,2,1451
20250528,14,2,1447
20250529,14,2,1441
20250530,14,2,1430
20250531,14,2,1424
20250601,14,2,1697
20250602,14,2,1687
20250603,14,2,1676
20250604,14,2,1675
20250605,14,2,1670
20250606,14,2,1667
20250607,14,2,1661
20250608,14,2,1651
20250609,14,2,1649
20250610,14,2,1641
20250611,14,2,1640
20250612,14,2,1636
20250613,14,2,1630
20250614,14,2,1625
20250615,14,2,1624
20250616,14,2,1619
20250617,14,2,1615
20250618,14,2,1609
20250619,14,2,1606
20250620,14,2,1601
20250621,14,2,1590
20250622,14,2,1585
20250623,14,2,1577
20250624,14,2,1574
20250625,14,2,1566
20250626,14,2,1561
20250627,14,2,1554
20250628,14,2,1552
20250629,14,2,1542
20250630,14,2,1540
20250701,14,2,1707
20250702,14,2,1704
20250703,14,2,1693
20250704,14,2,1685
20250705,14,2,1683
20250706,14,2,1672
20250707,14,2,1662
20250708,14,2,1659
20250709,14,2,1652
20250710,14,2,1647
20250711,14,2,1636
20250712,14,2,1625
20250713,14,2,1621
20250714,14,2,1611
20250715,14,2,1603
20250716,14,2,1602
20250717,14,2,1596
20250718,14,2,1592
20250719,14,2,1581
20250720,14,2,1579
20250721,14,2,1579
20250722,14,2,1578
20250723,14,2,1578
20250724,14,2,1573
20250725,14,2,1563
20250726,14,2,1558
20250727,14,2,1558
20250728,14,2,1548
20250729,14,2,1538
20250730,14,2,1529
20250731,14,2,1528
20250801,14,2,1710
20250802,14,2,1703
20250803,14,2,1700
20250804,14,2,1700
20250805,14,2,1692
20250806,14,2,1684
20250807,14,2,1678
20250808,14,2,1676
20250809,14,2,1666
20250810,14,2,1662
20250811,14,2,1655
20250812,14,2,1655
20250813,14,2,1648
20250814,14,2,1638
20250815,14,2,1632
20250816,14,2,1629
20250817,14,2,1625
20250818,14,2,1622
20250819,14,2,1615
20250820,14,2,1609
20250821,14,2,1598
20250822,14,2,1598
20250823,14,2,1587
20250824,14,2,1584
20250825,14,2,1583
20250826,14,2,1580
20250827,14,2,1575
20250828,14,2,1567
20250829,14,2,1560
20250830,14,2,1558
20250831,14,2,1550
20250901,14,2,1702
20250902,14,2,1691
20250903,14,2,1680
20250904,14,2,1677
20250905,14,2,1673
20250906,14,2,1669
20250907,14,2,1666
20250908,14,2,1664
20250909,14,2,1655
20250910,14,2,1648
20250911,14,2,1641
20250912,14,2,1632
20250913,14,2,1622
20250914,14,2,1612
20250915,14,2,1611
20250916,14,2,1602
20250917,14,2,1602
20250918,14,2,1594
20250919,14,2,1583
20250920,14,2,1572
20250921,14,2,1567
20250922,14,2,1556
20250923,14,2,1554
20250924,14,2,1543
20250925,14,2,1535
20250926,14,2,1526
20250927,14,2,1515
20250928,14,2,1506
20250929,14,2,1495
20250930,14,2,1490
20251001,14,2,1775
20251002,14,2,1774
20251003,14,2,1770
20251004,14,2,1760
20251005,14,2,1753
20251006,14,2,1752
20251007,14,2,1745
20251008,14,2,1741
20251009,14,2,1740
20251010,14,2,1738
20251011,14,2,1736
20251012,14,2,1732
20251013,14,2,1722
20251014,14,2,1720
20251015,14,2,1718
20251016,14,2,1708
20251017,14,2,1703
20251018,14,2,1692
20251019,14,2,1689
20251020,14,2,1687
20251021,14,2,1677
20251022,14,2,1676
20251023,14,2,1668
20251024,14,2,1667
20251025,14,2,1657
20251026,14,2,1651
20251027,14,2,1650
20251028,14,2,1640
20251029,14,2,1637
20251030,14,2,1629
20251031,14,2,1627
20251101,14,2,1837
20251102,14,2,1826
20251103,14,2,1825
20251104,14,2,1819
20251105,14,2,1816
20251106,14,2,1807
20251107,14,2,1801
20251108,14,2,1796
20251109,14,2,1787
20251110,14,2,1780
20251111,14,2,1773
20251112,14,2,1769
20251113,14,2,1767
20251114,14,2,1767
20251115,14,2,1761
20251116,14,2,1754
20251117,14,2,1752
20251118,14,2,1749
20251119,14,2,1749
20251120,14,2,1743
20251121,14,2,1732
20251122,14,2,1725
20251123,14,2,1725
20251124,14,2,1720
20251125,14,2,1709
20251126,14,2,1708
20251127,14,2,1705
20251128,14,2,1696
20251129,14,2,1688
20251130,14,2,1686
20251201,14,2,1836
20251202,14,2,1830
20251203,14,2,1827
20251204,14,2,1825
20251205,14,2,1825
20251206,14,2,1824
20251207,14,2,1820
20251208,14,2,1818
20251209,14,2,1809
20251210,14,2,1800
20251211,14,2,1791
20251212,14,2,1783
20251213,14,2,1778
20251214,14,2,1776
20251215,14,2,1774
20251216,14,2,1767
20251217,14,2,1756
20251218,14,2,1748
20251219,14,2,1739
20251220,14,2,1729
20251221,14,2,1729
20251222,14,2,1719
20251223,14,2,1712
20251224,14,2,1702
20251225,14,2,1691
20251226,14,2,1690
20251227,14,2,1679
20251228,14,2,1673
20251229,14,2,1669
20251230,14,2,1658
20251231,14,2,1651
20260101,14,2,1891
20260102,14,2,1884
20260103,14,2,1876
20260104,14,2,1872
20260105,14,2,1861
20260106,14,2,1853
20260107,14,2,1848
20260108,14,2,1842
20260109,14,2,1842
20260110,14,2,1841
20260111,14,2,1833
20260112,14,2,1829
20260113,14,2,1818
20260114,14,2,1813
20260115,14,2,1803
20260116,14,2,1795
20260117,14,2,1795
20260118,14,2,1791
20260119,14,2,1781
20260120,14,2,1772
20260121,14,2,1771
20260122,14,2,1769
20260123,14,2,1758
20260124,14,2,1753
20260125,14,2,1745
20260126,14,2,1740
20260127,14,2,1739
20260128,14,2,1733
20260129,14,2,1732
20260130,14,2,1721
20260131,14,2,1718
20260201,14,2,1991
20260202,14,2,1991
20260203,14,2,1991
20260204,14,2,1990
20260205,14,2,1980
20260206,14,2,1979
20260207,14,2,1978
20260208,14,2,1976
20260209,14,2,1965
20260210,14,2,1956
20260211,14,2,1953
20260212,14,2,1948
20260213,14,2,1942
20260214,14,2,1939
20260215,14,2,1931
20260216,14,2,1928
20260217,14,2,1925
20260218,14,2,1914
20260219,14,2,1909
20260220,14,2,1898
20260221,14,2,1889
20260222,14,2,1886
20260223,14,2,1886
20260224,14,2,1885
20260225,14,2,1881
20260226,14,2,1872
20260227,14,2,1863
20260228,14,2,1859
20260301,14,2,2050
20260302,14,2,2050
20260303,14,2,2046
20260304,14,2,2044
20260305,14,2,2036
20260306,14,2,2028
20260307,14,2,2018
20260308,14,2,2007
20260309,14,2,2005
20260310,14,2,2003
20260311,14,2,1999
20260312,14,2,1993
20260313,14,2,1985
20260314,14,2,1983
20260315,14,2,1977
20260316,14,2,1966
20260317,14,2,1966
20260318,14,2,1956
20260319,14,2,1954
20260320,14,2,1950
20260321,14,2,1949
20260322,14,2,1949
20260323,14,2,1946
20260324,14,2,1939
20260325,14,2,1935
20260326,14,2,1928
20260327,14,2,1920
20260328,14,2,1913
20260329,14,2,1905
20260330,14,2,1902
20260331,14,2,1893
20240401,37,2,484
20240402,37,2,477
20240403,37,2,468
20240404,37,2,458
20240405,37,2,452
20240406,37,2,443
20240407,37,2,440
20240408,37,2,437
20240409,37,2,427
20240410,37,2,421
20240411,37,2,411
20240412,37,2,405
20240413,37,2,396
20240414,37,2,394
20240415,37,2,387
20240416,37,2,385
20240417,37,2,378
20240418,37,2,375
20240419,37,2,369
20240420,37,2,359
20240421,37,2,357
20240422,37,2,349
20240423,37,2,341
20240424,37,2,338
20240425,37,2,332
20240426,37,2,322
20240427,37,2,316
20240428,37,2,315
20240429,37,2,307
20240430,37,2,306
20240501,37,2,501
20240502,37,2,493
20240503,37,2,485
20240504,37,2,483
20240505,37,2,483
20240506,37,2,473
20240507,37,2,471
20240508,37,2,460
20240509,37,2,457
20240510,37,2,450
20240511,37,2,442
20240512,37,2,438
20240513,37,2,429
20240514,37,2,426
20240515,37,2,421
20240516,37,2,411
20240517,37,2,408
20240518,37,2,405
20240519,37,2,404
20240520,37,2,395
20240521,37,2,395
20240522,37,2,391
20240523,37,2,388
20240524,37,2,378
20240525,37,2,373
20240526,37,2,368
20240527,37,2,362
20240528,37,2,356
20240529,37,2,354
20240530,37,2,353
20240531,37,2,351
20240601,37,2,647
20240602,37,2,641
20240603,37,2,633
20240604,37,2,626
20240605,37,2,617
20240606,37,2,616
20240607,37,2,612
20240608,37,2,604
20240609,37,2,604
20240610,37,2,599
20240611,37,2,590
20240612,37,2,585
20240613,37,2,576
20240614,37,2,571
20240615,37,2,570
20240616,37,2,564
20240617,37,2,560
20240618,37,2,551
20240619,37,2,541
20240620,37,2,537
20240621,37,2,527
20240622,37,2,517
20240623,37,2,512
20240624,37,2,511
20240625,37,2,503
20240626,37,2,497
20240627,37,2,490
20240628,37,2,482
20240629,37,2,473
20240630,37,2,462
20240701,37,2,656
20240702,37,2,654
20240703,37,2,646
20240704,37,2,638
20240705,37,2,629
20240706,37,2,628
20240707,37,2,619
20240708,37,2,612
20240709,37,2,601
20240710,37,2,601
20240711,37,2,597
20240712,37,2,586
20240713,37,2,576
20240714,37,2,569
20240715,37,2,558
20240716,37,2,551
20240717,37,2,546
20240718,37,2,543
20240719,37,2,535
20240720,37,2,529
20240721,37,2,526
20240722,37,2,525
20240723,37,2,522
20240724,37,2,516
20240725,37,2,513
20240726,37,2,506
20240727,37,2,506
20240728,37,2,502
20240729,37,2,496
20240730,37,2,488
20240731,37,2,478
20240801,37,2,645
20240802,37,2,638
20240803,37,2,638
20240804,37,2,632
20240805,37,2,629
20240806,37,2,623
20240807,37,2,614
20240808,37,2,612
20240809,37,2,607
20240810,37,2,599
20240811,37,2,590
20240812,37,2,587
20240813,37,2,585
20240814,37,2,580
20240815,37,2,573
20240816,37,2,565
20240817,37,2,557
20240818,37,2,554
20240819,37,2,545
20240820,37,2,536
20240821,37,2,528
20240822,37,2,520
20240823,37,2,510
20240824,37,2,501
20240825,37,2,500
20240826,37,2,491
20240827,37,2,485
20240828,37,2,480
20240829,37,2,475
20240830,37,2,474
20240831,37,2,463
20240901,37,2,614
20240902,37,2,603
20240903,37,2,595
20240904,37,2,584
20240905,37,2,573
20240906,37,2,573
20240907,37,2,572
20240908,37,2,571
20240909,37,2,567
20240910,37,2,563
20240911,37,2,560
20240912,37,2,559
20240913,37,2,558
20240914,37,2,552
20240915,37,2,546
20240916,37,2,543
20240917,37,2,540
20240918,37,2,535
20240919,37,2,534
20240920,37,2,533
20240921,37,2,533
20240922,37,2,529
20240923,37,2,529
20240924,37,2,525
20240925,37,2,521
20240926,37,2,518
20240927,37,2,511
20240928,37,2,510
20240929,37,2,508
20240930,37,2,497
20241001,37,2,782
20241002,37,2,780
20241003,37,2,774
20241004,37,2,771
20241005,37,2,770
20241006,37,2,767
20241007,37,2,756
20241008,37,2,755
20241009,37,2,748
20241010,37,2,737
20241011,37,2,728
20241012,37,2,720
20241013,37,2,717
20241014,37,2,714
20241015,37,2,707
20241016,37,2,696
20241017,37,2,692
20241018,37,2,685
20241019,37,2,674
20241020,37,2,665
20241021,37,2,654
20241022,37,2,650
20241023,37,2,642
20241024,37,2,640
20241025,37,2,640
20241026,37,2,635
20241027,37,2,626
20241028,37,2,621
20241029,37,2,618
20241030,37,2,607
20241031,37,2,603
20241101,37,2,772
20241102,37,2,771
20241103,37,2,760
20241104,37,2,753
20241105,37,2,753
20241106,37,2,747
20241107,37,2,742
20241108,37,2,736
20241109,37,2,726
20241110,37,2,722
20241111,37,2,719
20241112,37,2,715
20241113,37,2,707
20241114,37,2,706
20241115,37,2,699
20241116,37,2,690
20241117,37,2,679
20241118,37,2,674
20241119,37,2,669
20241120,37,2,659
20241121,37,2,650
20241122,37,2,645
20241123,37,2,641
20241124,37,2,631
20241125,37,2,627
20241126,37,2,616
20241127,37,2,611
20241128,37,2,605
20241129,37,2,599
20241130,37,2,590
20241201,37,2,856
20241202,37,2,846
20241203,37,2,845
20241204,37,2,836
20241205,37,2,828
20241206,37,2,821
20241207,37,2,821
20241208,37,2,811
20241209,37,2,803
20241210,37,2,797
20241211,37,2,795
20241212,37,2,786
20241213,37,2,784
20241214,37,2,779
20241215,37,2,775
20241216,37,2,770
20241217,37,2,759
20241218,37,2,750
20241219,37,2,742
20241220,37,2,734
20241221,37,2,725
20241222,37,2,717
20241223,37,2,708
20241224,37,2,708
20241225,37,2,699
20241226,37,2,696
20241227,37,2,694
20241228,37,2,692
20241229,37,2,681
20241230,37,2,672
20241231,37,2,668
20250101,37,2,948
20250102,37,2,938
20250103,37,2,929
20250104,37,2,927
20250105,37,2,917
20250106,37,2,906
20250107,37,2,900
20250108,37,2,897
20250109,37,2,891
20250110,37,2,881
20250111,37,2,877
20250112,37,2,877
20250113,37,2,877
20250114,37,2,868
20250115,37,2,861
20250116,37,2,859
20250117,37,2,851
20250118,37,2,848
20250119,37,2,843
20250120,37,2,841
20250121,37,2,841
20250122,37,2,831
20250123,37,2,825
20250124,37,2,814
20250125,37,2,813
20250126,37,2,809
20250127,37,2,804
20250128,37,2,804
20250129,37,2,795
20250130,37,2,784
20250131,37,2,782
20250201,37,2,1052
20250202,37,2,1048
20250203,37,2,1040
20250204,37,2,1035
20250205,37,2,1032
20250206,37,2,1029
20250207,37,2,1027
20250208,37,2,1016
20250209,37,2,1016
20250210,37,2,1011
20250211,37,2,1001
20250212,37,2,995
20250213,37,2,995
20250214,37,2,991
20250215,37,2,984
20250216,37,2,983
20250217,37,2,974
20250218,37,2,967
20250219,37,2,964
20250220,37,2,955
20250221,37,2,951
20250222,37,2,947
20250223,37,2,944
20250224,37,2,940
20250225,37,2,931
20250226,37,2,931
20250227,37,2,920
20250228,37,2,911
20250301,37,2,1199
20250302,37,2,1199
20250303,37,2,1190
20250304,37,2,1182
20250305,37,2,1177
20250306,37,2,1170
20250307,37,2,1166
20250308,37,2,1155
20250309,37,2,1145
20250310,37,2,1139
20250311,37,2,1128
20250312,37,2,1123
20250313,37,2,1121
20250314,37,2,1116
20250315,37,2,1105
20250316,37,2,1095
20250317,37,2,1095
20250318,37,2,1087
20250319,37,2,1078
20250320,37,2,1078
20250321,37,2,1072
20250322,37,2,1061
20250323,37,2,1057
20250324,37,2,1049
20250325,37,2,1045
20250326,37,2,1044
20250327,37,2,1040
20250328,37,2,1035
20250329,37,2,1030
20250330,37,2,1027
20250331,37,2,1016
20250401,37,2,1247
20250402,37,2,1241
20250403,37,2,1237
20250404,37,2,1226
20250405,37,2,1222
20250406,37,2,1222
20250407,37,2,1217
20250408,37,2,1212
20250409,37,2,1208
20250410,37,2,1206
20250411,37,2,1201
20250412,37,2,1201
20250413,37,2,1197
20250414,37,2,1188
20250415,37,2,1180
20250416,37,2,1171
20250417,37,2,1170
20250418,37,2,1159
20250419,37,2,1157
20250420,37,2,1150
20250421,37,2,1139
20250422,37,2,1136
20250423,37,2,1135
20250424,37,2,1131
20250425,37,2,1131
20250426,37,2,1124
20250427,37,2,1115
20250428,37,2,1108
20250429,37,2,1106
20250430,37,2,1106
20250501,37,2,1293
20250502,37,2,1289
20250503,37,2,1278
20250504,37,2,1267
20250505,37,2,1258
20250506,37,2,1256
20250507,37,2,1254
20250508,37,2,1253
20250509,37,2,1249
20250510,37,2,1244
20250511,37,2,1236
20250512,37,2,1236
20250513,37,2,1233
20250514,37,2,1229
20250515,37,2,1225
20250516,37,2,1219
20250517,37,2,1211
20250518,37,2,1200
20250519,37,2,1200
20250520,37,2,1198
20250521,37,2,1197
20250522,37,2,1194
20250523,37,2,1194
20250524,37,2,1190
20250525,37,2,1187
20250526,37,2,1181
20250527,37,2,1176
20250528,37,2,1169
20250529,37,2,1159
20250530,37,2,1158
20250531,37,2,1156
20250601,37,2,1409
20250602,37,2,1399
20250603,37,2,1399
20250604,37,2,1398
20250605,37,2,1393
20250606,37,2,1387
20250607,37,2,1387
20250608,37,2,1382
20250609,37,2,1379
20250610,37,2,1372
20250611,37,2,1363
20250612,37,2,1357
20250613,37,2,1346
20250614,37,2,1340
20250615,37,2,1336
20250616,37,2,1335
20250617,37,2,1332
20250618,37,2,1328
20250619,37,2,1319
20250620,37,2,1314
20250621,37,2,1306
20250622,37,2,1305
20250623,37,2,1301
20250624,37,2,1292
20250625,37,2,1282
20250626,37,2,1278
20250627,37,2,1273
20250628,37,2,1270
20250629,37,2,1259
20250630,37,2,1258
20250701,37,2,1532
20250702,37,2,1521
20250703,37,2,1520
20250704,37,2,1519
20250705,37,2,1517
20250706,37,2,1514
20250707,37,2,1512
20250708,37,2,1508
20250709,37,2,1505
20250710,37,2,1497
20250711,37,2,1494
20250712,37,2,1491
20250713,37,2,1481
20250714,37,2,1479
20250715,37,2,1475
20250716,37,2,1471
20250717,37,2,1466
20250718,37,2,1463
20250719,37,2,1457
20250720,37,2,1448
20250721,37,2,1443
20250722,37,2,1432
20250723,37,2,1425
20250724,37,2,1422
20250725,37,2,1419
20250726,37,2,1419
20250727,37,2,1419
20250728,37,2,1411
20250729,37,2,1402
20250730,37,2,1397
20250731,37,2,1396
20250801,37,2,1605
20250802,37,2,1601
20250803,37,2,1596
20250804,37,2,1591
20250805,37,2,1590
20250806,37,2,1589
20250807,37,2,1589
20250808,37,2,1582
20250809,37,2,1572
20250810,37,2,1561
20250811,37,2,1554
20250812,37,2,1543
20250813,37,2,1539
20250814,37,2,1531
20250815,37,2,1525
20250816,37,2,1521
20250817,37,2,1513
20250818,37,2,1502
20250819,37,2,1497
20250820,37,2,1490
20250821,37,2,1488
20250822,37,2,1482
20250823,37,2,1475
20250824,37,2,1472
20250825,37,2,1463
20250826,37,2,1454
20250827,37,2,1444
20250828,37,2,1435
20250829,37,2,1428
20250830,37,2,1422
20250831,37,2,1411
20250901,37,2,1603
20250902,37,2,1599
20250903,37,2,1594
20250904,37,2,1587
20250905,37,2,1586
20250906,37,2,1584
20250907,37,2,1574
20250908,37,2,1569
20250909,37,2,1564
20250910,37,2,1564
20250911,37,2,1564
20250912,37,2,1555
20250913,37,2,1548
20250914,37,2,1544
20250915,37,2,1540
20250916,37,2,1535
20250917,37,2,1526
20250918,37,2,1516
20250919,37,2,1511
20250920,37,2,1507
20250921,37,2,1503
20250922,37,2,1498
20250923,37,2,1495
20250924,37,2,1492
20250925,37,2,1487
20250926,37,2,1478
20250927,37,2,1475
20250928,37,2,1470
20250929,37,2,1467
20250930,37,2,1462
20251001,37,2,1623
20251002,37,2,1615
20251003,37,2,1607
20251004,37,2,1600
20251005,37,2,1594
20251006,37,2,1587
20251007,37,2,1582
20251008,37,2,1571
20251009,37,2,1564
20251010,37,2,1561
20251011,37,2,1554
20251012,37,2,1551
20251013,37,2,1543
20251014,37,2,1539
20251015,37,2,1534
20251016,37,2,1528
20251017,37,2,1517
20251018,37,2,1511
20251019,37,2,1505
20251020,37,2,1495
20251021,37,2,1486
20251022,37,2,1486
20251023,37,2,1481
20251024,37,2,1473
20251025,37,2,1469
20251026,37,2,1467
20251027,37,2,1461
20251028,37,2,1459
20251029,37,2,1453
20251030,37,2,1445
20251031,37,2,1442
20251101,37,2,1679
20251102,37,2,1676
20251103,37,2,1671
20251104,37,2,1664
20251105,37,2,1657
20251106,37,2,1650
20251107,37,2,1647
20251108,37,2,1646
20251109,37,2,1641
20251110,37,2,1638
20251111,37,2,1634
20251112,37,2,1625
20251113,37,2,1620
20251114,37,2,1610
20251115,37,2,1602
20251116,37,2,1600
20251117,37,2,1599
20251118,37,2,1592
20251119,37,2,1590
20251120,37,2,1579
20251121,37,2,1575
20251122,37,2,1575
20251123,37,2,1572
20251124,37,2,1562
20251125,37,2,1560
20251126,37,2,1555
20251127,37,2,1546
20251128,37,2,1536
20251129,37,2,1535
20251130,37,2,1526
20251201,37,2,1770
20251202,37,2,1765
20251203,37,2,1764
20251204,37,2,1763
20251205,37,2,1753
20251206,37,2,1750
20251207,37,2,1746
20251208,37,2,1745
20251209,37,2,1741
20251210,37,2,1740
20251211,37,2,1731
20251212,37,2,1727
20251213,37,2,1716
20251214,37,2,1707
20251215,37,2,1698
20251216,37,2,1694
20251217,37,2,1683
20251218,37,2,1677
20251219,37,2,1676
20251220,37,2,1675
20251221,37,2,1664
20251222,37,2,1654
20251223,37,2,1647
20251224,37,2,1644
20251225,37,2,1636
20251226,37,2,1634
20251227,37,2,1624
20251228,37,2,1620
20251229,37,2,1616
20251230,37,2,1605
20251231,37,2,1595
20260101,37,2,1838
20260102,37,2,1837
20260103,37,2,1831
20260104,37,2,1830
20260105,37,2,1827
20260106,37,2,1818
20260107,37,2,1815
20260108,37,2,1805
20260109,37,2,1797
20260110,37,2,1797
20260111,37,2,1797
20260112,37,2,1794
20260113,37,2,1794
20260114,37,2,1794
20260115,37,2,1789
20260116,37,2,1788
20260117,37,2,1777
20260118,37,2,1776
20260119,37,2,1766
20260120,37,2,1761
20260121,37,2,1755
20260122,37,2,1755
20260123,37,2,1746
20260124,37,2,1738
20260125,37,2,1732
20260126,37,2,1728
20260127,37,2,1722
20260128,37,2,1718
20260129,37,2,1708
20260130,37,2,1697
20260131,37,2,1692
20260201,37,2,1882
20260202,37,2,1882
20260203,37,2,1876
20260204,37,2,1872
20260205,37,2,1866
20260206,37,2,1861
20260207,37,2,1852
20260208,37,2,1847
20260209,37,2,1845
20260210,37,2,1840
20260211,37,2,1831
20260212,37,2,1827
20260213,37,2,1822
20260214,37,2,1816
20260215,37,2,1810
20260216,37,2,1800
20260217,37,2,1789
20260218,37,2,1785
20260219,37,2,1778
20260220,37,2,1772
20260221,37,2,1764
20260222,37,2,1754
20260223,37,2,1744
20260224,37,2,1740
20260225,37,2,1729
20260226,37,2,1728
20260227,37,2,1720
20260228,37,2,1715
20260301,37,2,1925
20260302,37,2,1917
20260303,37,2,1907
20260304,37,2,1904
20260305,37,2,1894
20260306,37,2,1884
20260307,37,2,1875
20260308,37,2,1867
20260309,37,2,1863
20260310,37,2,1860
20260311,37,2,1857
20260312,37,2,1853
20260313,37,2,1848
20260314,37,2,1846
20260315,37,2,1843
20260316,37,2,1841
20260317,37,2,1830
20260318,37,2,1824
20260319,37,2,1823
20260320,37,2,1818
20260321,37,2,1812
20260322,37,2,1807
20260323,37,2,1803
20260324,37,2,1797
20260325,37,2,1788
20260326,37,2,1780
20260327,37,2,1773
20260328,37,2,1765
20260329,37,2,1765
20260330,37,2,1765
20260331,37,2,1757
20240401,18,2,534
20240402,18,2,527
20240403,18,2,521
20240404,18,2,520
20240405,18,2,509
20240406,18,2,503
20240407,18,2,499
20240408,18,2,493
20240409,18,2,482
20240410,18,2,481
20240411,18,2,480
20240412,18,2,473
20240413,18,2,464
20240414,18,2,454
20240415,18,2,444
20240416,18,2,444
20240417,18,2,438
20240418,18,2,435
20240419,18,2,434
20240420,18,2,431
20240421,18,2,420
20240422,18,2,414
20240423,18,2,412
20240424,18,2,404
20240425,18,2,393
20240426,18,2,386
20240427,18,2,381
20240428,18,2,376
20240429,18,2,373
20240430,18,2,362
20240501,18,2,549
20240502,18,2,548
20240503,18,2,539
20240504,18,2,534
20240505,18,2,525
20240506,18,2,524
20240507,18,2,523
20240508,18,2,518
20240509,18,2,518
20240510,18,2,510
20240511,18,2,499
20240512,18,2,488
20240513,18,2,484
20240514,18,2,482
20240515,18,2,474
20240516,18,2,473
20240517,18,2,473
20240518,18,2,468
20240519,18,2,459
20240520,18,2,449
20240521,18,2,445
20240522,18,2,445
20240523,18,2,439
20240524,18,2,430
20240525,18,2,430
20240526,18,2,425
20240527,18,2,424
20240528,18,2,419
20240529,18,2,410
20240530,18,2,404
20240531,18,2,398
20240601,18,2,564
20240602,18,2,555
20240603,18,2,554
20240604,18,2,546
20240605,18,2,543
20240606,18,2,532
20240607,18,2,522
20240608,18,2,513
20240609,18,2,506
20240610,18,2,502
20240611,18,2,494
20240612,18,2,487
20240613,18,2,485
20240614,18,2,479
20240615,18,2,473
20240616,18,2,462
20240617,18,2,454
20240618,18,2,444
20240619,18,2,442
20240620,18,2,435
20240621,18,2,432
20240622,18,2,430
20240623,18,2,430
20240624,18,2,424
20240625,18,2,413
20240626,18,2,406
20240627,18,2,396
20240628,18,2,388
20240629,18,2,387
20240630,18,2,379
20240701,18,2,644
20240702,18,2,638
20240703,18,2,632
20240704,18,2,621
20240705,18,2,610
20240706,18,2,604
20240707,18,2,595
20240708,18,2,593
20240709,18,2,586
20240710,18,2,576
20240711,18,2,566
20240712,18,2,555
20240713,18,2,554
20240714,18,2,548
20240715,18,2,542
20240716,18,2,538
20240717,18,2,538
20240718,18,2,529
20240719,18,2,520
20240720,18,2,519
20240721,18,2,515
20240722,18,2,505
20240723,18,2,502
20240724,18,2,492
20240725,18,2,492
20240726,18,2,489
20240727,18,2,479
20240728,18,2,479
20240729,18,2,473
20240730,18,2,473
20240731,18,2,471
20240801,18,2,762
20240802,18,2,753
20240803,18,2,743
20240804,18,2,739
20240805,18,2,731
20240806,18,2,721
20240807,18,2,716
20240808,18,2,706
20240809,18,2,706
20240810,18,2,696
20240811,18,2,692
20240812,18,2,686
20240813,18,2,684
20240814,18,2,675
20240815,18,2,672
20240816,18,2,672
20240817,18,2,671
20240818,18,2,670
20240819,18,2,663
20240820,18,2,656
20240821,18,2,654
20240822,18,2,653
20240823,18,2,651
20240824,18,2,651
20240825,18,2,648
20240826,18,2,647
20240827,18,2,645
20240828,18,2,640
20240829,18,2,637
20240830,18,2,632
20240831,18,2,630
20240901,18,2,918
20240902,18,2,913
20240903,18,2,911
20240904,18,2,905
20240905,18,2,900
20240906,18,2,891
20240907,18,2,883
20240908,18,2,874
20240909,18,2,869
20240910,18,2,866
20240911,18,2,859
20240912,18,2,851
20240913,18,2,849
20240914,18,2,839
20240915,18,2,834
20240916,18,2,825
20240917,18,2,825
20240918,18,2,822
20240919,18,2,818
20240920,18,2,810
20240921,18,2,808
20240922,18,2,800
20240923,18,2,791
20240924,18,2,789
20240925,18,2,778
20240926,18,2,770
20240927,18,2,764
20240928,18,2,763
20240929,18,2,757
20240930,18,2,754
20241001,18,2,966
20241002,18,2,957
20241003,18,2,956
20241004,18,2,950
20241005,18,2,949
20241006,18,2,946
20241007,18,2,935
20241008,18,2,933
20241009,18,2,932
20241010,18,2,921
20241011,18,2,921
20241012,18,2,910
20241013,18,2,901
20241014,18,2,897
20241015,18,2,890
20241016,18,2,883
20241017,18,2,876
20241018,18,2,874
20241019,18,2,864
20241020,18,2,859
20241021,18,2,852
20241022,18,2,844
20241023,18,2,836
20241024,18,2,831
20241025,18,2,826
20241026,18,2,820
20241027,18,2,814
20241028,18,2,805
20241029,18,2,796
20241030,18,2,789
20241031,18,2,785
20241101,18,2,1009
20241102,18,2,1006
20241103,18,2,1001
20241104,18,2,994
20241105,18,2,990
20241106,18,2,990
20241107,18,2,988
20241108,18,2,986
20241109,18,2,978
20241110,18,2,968
20241111,18,2,959
20241112,18,2,954
20241113,18,2,953
20241114,18,2,943
20241115,18,2,938
20241116,18,2,929
20241117,18,2,926
20241118,18,2,923
20241119,18,2,917
20241120,18,2,909
20241121,18,2,908
20241122,18,2,904
20241123,18,2,893
20241124,18,2,886
20241125,18,2,886
20241126,18,2,879
20241127,18,2,870
20241128,18,2,860
20241129,18,2,858
20241130,18,2,856
20241201,18,2,1111
20241202,18,2,1108
20241203,18,2,1107
20241204,18,2,1098
20241205,18,2,1089
20241206,18,2,1079
20241207,18,2,1071
20241208,18,2,1060
20241209,18,2,1051
20241210,18,2,1041
20241211,18,2,1032
20241212,18,2,1027
20241213,18,2,1026
20241214,18,2,1021
20241215,18,2,1018
20241216,18,2,1007
20241217,18,2,1003
20241218,18,2,993
20241219,18,2,989
20241220,18,2,984
20241221,18,2,976
20241222,18,2,972
20241223,18,2,964
20241224,18,2,963
20241225,18,2,956
20241226,18,2,952
20241227,18,2,950
20241228,18,2,945
20241229,18,2,944
20241230,18,2,935
20241231,18,2,925
20250101,18,2,1119
20250102,18,2,1116
20250103,18,2,1106
20250104,18,2,1106
20250105,18,2,1105
20250106,18,2,1105
20250107,18,2,1098
20250108,18,2,1089
20250109,18,2,1081
20250110,18,2,1080
20250111,18,2,1076
20250112,18,2,1065
20250113,18,2,1056
20250114,18,2,1056
20250115,18,2,1055
20250116,18,2,1046
20250117,18,2,1039
20250118,18,2,1038
20250119,18,2,1036
20250120,18,2,1029
20250121,18,2,1020
20250122,18,2,1011
20250123,18,2,1011
20250124,18,2,1009
20250125,18,2,1003
20250126,18,2,997
20250127,18,2,986
20250128,18,2,977
20250129,18,2,974
20250130,18,2,972
20250131,18,2,972
20250201,18,2,1199
20250202,18,2,1193
20250203,18,2,1186
20250204,18,2,1177
20250205,18,2,1171
20250206,18,2,1167
20250207,18,2,1157
20250208,18,2,1150
20250209,18,2,1143
20250210,18,2,1132
20250211,18,2,1121
20250212,18,2,1113
20250213,18,2,1112
20250214,18,2,1112
20250215,18,2,1106
20250216,18,2,1105
20250217,18,2,1095
20250218,18,2,1091
20250219,18,2,1088
20250220,18,2,1084
20250221,18,2,1076
20250222,18,2,1073
20250223,18,2,1072
20250224,18,2,1067
20250225,18,2,1062
20250226,18,2,1051
20250227,18,2,1051
20250228,18,2,1042
20250301,18,2,1235
20250302,18,2,1234
20250303,18,2,1229
20250304,18,2,1222
20250305,18,2,1214
20250306,18,2,1205
20250307,18,2,1204
20250308,18,2,1197
20250309,18,2,1197
20250310,18,2,1192
20250311,18,2,1181
20250312,18,2,1174
20250313,18,2,1165
20250314,18,2,1165
20250315,18,2,1155
20250316,18,2,1151
20250317,18,2,1142
20250318,18,2,1138
20250319,18,2,1130
20250320,18,2,1124
20250321,18,2,1115
20250322,18,2,1104
20250323,18,2,1098
20250324,18,2,1098
20250325,18,2,1095
20250326,18,2,1091
20250327,18,2,1090
20250328,18,2,1085
20250329,18,2,1078
20250330,18,2,1072
20250331,18,2,1070
20250401,18,2,1266
20250402,18,2,1265
20250403,18,2,1259
20250404,18,2,1250
20250405,18,2,1239
20250406,18,2,1233
20250407,18,2,1229
20250408,18,2,1222
20250409,18,2,1217
20250410,18,2,1208
20250411,18,2,1205
20250412,18,2,1202
20250413,18,2,1199
20250414,18,2,1190
20250415,18,2,1185
20250416,18,2,1177
20250417,18,2,1177
20250418,18,2,1168
20250419,18,2,1158
20250420,18,2,1157
20250421,18,2,1156
20250422,18,2,1150
20250423,18,2,1140
20250424,18,2,1130
20250425,18,2,1126
20250426,18,2,1115
20250427,18,2,1110
20250428,18,2,1103
20250429,18,2,1092
20250430,18,2,1090
20250501,18,2,1345
20250502,18,2,1342
20250503,18,2,1338
20250504,18,2,1335
20250505,18,2,1328
20250506,18,2,1327
20250507,18,2,1320
20250508,18,2,1313
20250509,18,2,1304
20250510,18,2,1297
20250511,18,2,1289
20250512,18,2,1279
20250513,18,2,1272
20250514,18,2,1269
20250515,18,2,1260
20250516,18,2,1260
20250517,18,2,1256
20250518,18,2,1254
20250519,18,2,1245
20250520,18,2,1234
20250521,18,2,1231
20250522,18,2,1220
20250523,18,2,1209
20250524,18,2,1205
20250525,18,2,1203
20250526,18,2,1198
20250527,18,2,1188
20250528,18,2,1178
20250529,18,2,1170
20250530,18,2,1165
20250531,18,2,1160
20250601,18,2,1447
20250602,18,2,1437
20250603,18,2,1428
20250604,18,2,1420
20250605,18,2,1410
20250606,18,2,1403
20250607,18,2,1398
20250608,18,2,1396
20250609,18,2,1396
20250610,18,2,1394
20250611,18,2,1383
20250612,18,2,1373
20250613,18,2,1368
20250614,18,2,1366
20250615,18,2,1365
20250616,18,2,1363
20250617,18,2,1361
20250618,18,2,1351
20250619,18,2,1343
20250620,18,2,1343
20250621,18,2,1343
20250622,18,2,1335
20250623,18,2,1334
20250624,18,2,1327
20250625,18,2,1322
20250626,18,2,1322
20250627,18,2,1315
20250628,18,2,1313
20250629,18,2,1311
20250630,18,2,1308
20250701,18,2,1596
20250702,18,2,1593
20250703,18,2,1591
20250704,18,2,1581
20250705,18,2,1571
20250706,18,2,1560
20250707,18,2,1549
20250708,18,2,1543
20250709,18,2,1541
20250710,18,2,1536
20250711,18,2,1530
20250712,18,2,1521
20250713,18,2,1516
20250714,18,2,1516
20250715,18,2,1512
20250716,18,2,1506
20250717,18,2,1495
20250718,18,2,1488
20250719,18,2,1488
20250720,18,2,1482
20250721,18,2,1471
20250722,18,2,1467
20250723,18,2,1464
20250724,18,2,1464
20250725,18,2,1458
20250726,18,2,1455
20250727,18,2,1444
20250728,18,2,1441
20250729,18,2,1434
20250730,18,2,1427
20250731,18,2,1418
20250801,18,2,1625
20250802,18,2,1623
20250803,18,2,1617
20250804,18,2,1614
20250805,18,2,1611
20250806,18,2,1610
20250807,18,2,1605
20250808,18,2,1599
20250809,18,2,1597
20250810,18,2,1589
20250811,18,2,1582
20250812,18,2,1578
20250813,18,2,1572
20250814,18,2,1563
20250815,18,2,1562
20250816,18,2,1559
20250817,18,2,1551
20250818,18,2,1543
20250819,18,2,1540
20250820,18,2,1533
20250821,18,2,1526
20250822,18,2,1520
20250823,18,2,1510
20250824,18,2,1508
20250825,18,2,1504
20250826,18,2,1499
20250827,18,2,1492
20250828,18,2,1484
20250829,18,2,1474
20250830,18,2,1473
20250831,18,2,1466
20250901,18,2,1630
20250902,18,2,1630
20250903,18,2,1630
20250904,18,2,1620
20250905,18,2,1616
20250906,18,2,1612
20250907,18,2,1604
20250908,18,2,1603
20250909,18,2,1598
20250910,18,2,1595
20250911,18,2,1592
20250912,18,2,1590
20250913,18,2,1586
20250914,18,2,1581
20250915,18,2,1573
20250916,18,2,1571
20250917,18,2,1562
20250918,18,2,1560
20250919,18,2,1553
20250920,18,2,1549
20250921,18,2,1539
20250922,18,2,1531
20250923,18,2,1525
20250924,18,2,1525
20250925,18,2,1516
20250926,18,2,1505
20250927,18,2,1504
20250928,18,2,1498
20250929,18,2,1487
20250930,18,2,1480
20251001,18,2,1752
20251002,18,2,1742
20251003,18,2,1739
20251004,18,2,1729
20251005,18,2,1728
20251006,18,2,1718
20251007,18,2,1712
20251008,18,2,1711
20251009,18,2,1703
20251010,18,2,1693
20251011,18,2,1683
20251012,18,2,1681
20251013,18,2,1671
20251014,18,2,1661
20251015,18,2,1650
20251016,18,2,1644
20251017,18,2,1634
20251018,18,2,1631
20251019,18,2,1625
20251020,18,2,1622
20251021,18,2,1618
20251022,18,2,1615
20251023,18,2,1608
20251024,18,2,1600
20251025,18,2,1591
20251026,18,2,1583
20251027,18,2,1582
20251028,18,2,1577
20251029,18,2,1570
20251030,18,2,1565
20251031,18,2,1563
20251101,18,2,1738
20251102,18,2,1734
20251103,18,2,1726
20251104,18,2,1719
20251105,18,2,1716
20251106,18,2,1709
20251107,18,2,1703
20251108,18,2,1702
20251109,18,2,1693
20251110,18,2,1685
20251111,18,2,1675
20251112,18,2,1664
20251113,18,2,1661
20251114,18,2,1652
20251115,18,2,1641
20251116,18,2,1641
20251117,18,2,1634
20251118,18,2,1625
20251119,18,2,1624
20251120,18,2,1624
20251121,18,2,1621
20251122,18,2,1620
20251123,18,2,1618
20251124,18,2,1616
20251125,18,2,1614
20251126,18,2,1609
20251127,18,2,1598
20251128,18,2,1588
20251129,18,2,1587
20251130,18,2,1578
20251201,18,2,1837
20251202,18,2,1833
20251203,18,2,1828
20251204,18,2,1818
20251205,18,2,1816
20251206,18,2,1810
20251207,18,2,1799
20251208,18,2,1791
20251209,18,2,1788
20251210,18,2,1779
20251211,18,2,1777
20251212,18,2,1775
20251213,18,2,1764
20251214,18,2,1755
20251215,18,2,1753
20251216,18,2,1744
20251217,18,2,1742
20251218,18,2,1739
20251219,18,2,1728
20251220,18,2,1724
20251221,18,2,1724
20251222,18,2,1713
20251223,18,2,1713
20251224,18,2,1702
20251225,18,2,1697
20251226,18,2,1694
20251227,18,2,1691
20251228,18,2,1690
20251229,18,2,1680
20251230,18,2,1669
20251231,18,2,1661
20260101,18,2,1838
20260102,18,2,1830
20260103,18,2,1830
20260104,18,2,1823
20260105,18,2,1820
20260106,18,2,1812
20260107,18,2,1802
20260108,18,2,1798
20260109,18,2,1796
20260110,18,2,1792
20260111,18,2,1792
20260112,18,2,1789
20260113,18,2,1787
20260114,18,2,1787
20260115,18,2,1778
20260116,18,2,1773
20260117,18,2,1763
20260118,18,2,1760
20260119,18,2,1757
20260120,18,2,1752
20260121,18,2,1750
20260122,18,2,1741
20260123,18,2,1731
20260124,18,2,1723
20260125,18,2,1721
20260126,18,2,1712
20260127,18,2,1708
20260128,18,2,1697
20260129,18,2,1693
20260130,18,2,1686
20260131,18,2,1682
20260201,18,2,1963
20260202,18,2,1952
20260203,18,2,1942
20260204,18,2,1942
20260205,18,2,1940
20260206,18,2,1937
20260207,18,2,1933
20260208,18,2,1926
20260209,18,2,1919
20260210,18,2,1917
20260211,18,2,1908
20260212,18,2,1908
20260213,18,2,1901
20260214,18,2,1893
20260215,18,2,1889
20260216,18,2,1885
20260217,18,2,1885
20260218,18,2,1884
20260219,18,2,1879
20260220,18,2,1878
20260221,18,2,1872
20260222,18,2,1862
20260223,18,2,1858
20260224,18,2,1850
20260225,18,2,1843
20260226,18,2,1835
20260227,18,2,1826
20260228,18,2,1818
20260301,18,2,1964
20260302,18,2,1955
20260303,18,2,1951
20260304,18,2,1944
20260305,18,2,1935
20260306,18,2,1932
20260307,18,2,1930
20260308,18,2,1922
20260309,18,2,1919
20260310,18,2,1911
20260311,18,2,1907
20260312,18,2,1898
20260313,18,2,1896
20260314,18,2,1892
20260315,18,2,1886
20260316,18,2,1880
20260317,18,2,1870
20260318,18,2,1865
20260319,18,2,1854
20260320,18,2,1850
20260321,18,2,1841
20260322,18,2,1840
20260323,18,2,1835
20260324,18,2,1824
20260325,18,2,1813
20260326,18,2,1812
20260327,18,2,1809
20260328,18,2,1802
20260329,18,2,1802
20260330,18,2,1798
20260331,18,2,1787
20240401,38,2,664
20240402,38,2,660
20240403,38,2,658
20240404,38,2,650
20240405,38,2,649
20240406,38,2,641
20240407,38,2,637
20240408,38,2,628
20240409,38,2,622
20240410,38,2,611
20240411,38,2,604
20240412,38,2,593
20240413,38,2,583
20240414,38,2,575
20240415,38,2,571
20240416,38,2,571
20240417,38,2,562
20240418,38,2,555
20240419,38,2,553
20240420,38,2,553
20240421,38,2,543
20240422,38,2,537
20240423,38,2,536
20240424,38,2,526
20240425,38,2,517
20240426,38,2,512
20240427,38,2,509
20240428,38,2,507
20240429,38,2,500
20240430,38,2,498
20240501,38,2,729
20240502,38,2,723
20240503,38,2,719
20240504,38,2,708
20240505,38,2,700
20240506,38,2,693
20240507,38,2,688
20240508,38,2,686
20240509,38,2,678
20240510,38,2,674
20240511,38,2,673
20240512,38,2,672
20240513,38,2,666
20240514,38,2,662
20240515,38,2,662
20240516,38,2,659
20240517,38,2,648
20240518,38,2,641
20240519,38,2,640
20240520,38,2,630
20240521,38,2,619
20240522,38,2,616
20240523,38,2,611
20240524,38,2,601
20240525,38,2,596
20240526,38,2,586
20240527,38,2,580
20240528,38,2,573
20240529,38,2,564
20240530,38,2,556
20240531,38,2,556
20240601,38,2,825
20240602,38,2,821
20240603,38,2,821
20240604,38,2,810
20240605,38,2,803
20240606,38,2,799
20240607,38,2,789
20240608,38,2,788
20240609,38,2,786
20240610,38,2,778
20240611,38,2,767
20240612,38,2,763
20240613,38,2,755
20240614,38,2,755
20240615,38,2,753
20240616,38,2,751
20240617,38,2,746
20240618,38,2,742
20240619,38,2,741
20240620,38,2,739
20240621,38,2,738
20240622,38,2,737
20240623,38,2,730
20240624,38,2,729
20240625,38,2,729
20240626,38,2,722
20240627,38,2,714
20240628,38,2,713
20240629,38,2,709
20240630,38,2,700
20240701,38,2,862
20240702,38,2,855
20240703,38,2,847
20240704,38,2,837
20240705,38,2,835
20240706,38,2,833
20240707,38,2,827
20240708,38,2,818
20240709,38,2,818
20240710,38,2,811
20240711,38,2,800
20240712,38,2,793
20240713,38,2,793
20240714,38,2,792
20240715,38,2,790
20240716,38,2,786
20240717,38,2,786
20240718,38,2,777
20240719,38,2,766
20240720,38,2,762
20240721,38,2,762
20240722,38,2,755
20240723,38,2,755
20240724,38,2,751
20240725,38,2,750
20240726,38,2,743
20240727,38,2,733
20240728,38,2,729
20240729,38,2,725
20240730,38,2,719
20240731,38,2,708
20240801,38,2,948
20240802,38,2,945
20240803,38,2,937
20240804,38,2,926
20240805,38,2,924
20240806,38,2,919
20240807,38,2,908
20240808,38,2,902
20240809,38,2,897
20240810,38,2,890
20240811,38,2,885
20240812,38,2,880
20240813,38,2,873
20240814,38,2,871
20240815,38,2,863
20240816,38,2,854
20240817,38,2,843
20240818,38,2,834
20240819,38,2,823
20240820,38,2,817
20240821,38,2,813
20240822,38,2,805
20240823,38,2,804
20240824,38,2,799
20240825,38,2,789
20240826,38,2,789
20240827,38,2,788
20240828,38,2,781
20240829,38,2,775
20240830,38,2,766
20240831,38,2,765
20240901,38,2,975
20240902,38,2,964
20240903,38,2,958
20240904,38,2,957
20240905,38,2,949
20240906,38,2,942
20240907,38,2,931
20240908,38,2,927
20240909,38,2,916
20240910,38,2,913
20240911,38,2,907
20240912,38,2,904
20240913,38,2,901
20240914,38,2,895
20240915,38,2,889
20240916,38,2,879
20240917,38,2,875
20240918,38,2,868
20240919,38,2,863
20240920,38,2,853
20240921,38,2,843
20240922,38,2,840
20240923,38,2,834
20240924,38,2,830
20240925,38,2,830
20240926,38,2,820
20240927,38,2,812
20240928,38,2,801
20240929,38,2,798
20240930,38,2,794
20241001,38,2,972
20241002,38,2,963
20241003,38,2,953
20241004,38,2,952
20241005,38,2,952
20241006,38,2,945
20241007,38,2,944
20241008,38,2,935
20241009,38,2,934
20241010,38,2,931
20241011,38,2,928
20241012,38,2,923
20241013,38,2,913
20241014,38,2,907
20241015,38,2,904
20241016,38,2,897
20241017,38,2,891
20241018,38,2,880
20241019,38,2,869
20241020,38,2,859
20241021,38,2,857
20241022,38,2,855
20241023,38,2,853
20241024,38,2,847
20241025,38,2,838
20241026,38,2,837
20241027,38,2,826
20241028,38,2,826
20241029,38,2,820
20241030,38,2,816
20241031,38,2,806
20241101,38,2,1001
20241102,38,2,995
20241103,38,2,995
20241104,38,2,988
20241105,38,2,987
20241106,38,2,983
20241107,38,2,976
20241108,38,2,966
20241109,38,2,958
20241110,38,2,948
20241111,38,2,939
20241112,38,2,931
20241113,38,2,927
20241114,38,2,923
20241115,38,2,913
20241116,38,2,911
20241117,38,2,901
20241118,38,2,900
20241119,38,2,891
20241120,38,2,888
20241121,38,2,880
20241122,38,2,869
20241123,38,2,858
20241124,38,2,853
20241125,38,2,852
20241126,38,2,848
20241127,38,2,841
20241128,38,2,836
20241129,38,2,827
20241130,38,2,820
20241201,38,2,963
20241202,38,2,960
20241203,38,2,959
20241204,38,2,957
20241205,38,2,948
20241206,38,2,939
20241207,38,2,934
20241208,38,2,928
20241209,38,2,925
20241210,38,2,914
20241211,38,2,908
20241212,38,2,907
20241213,38,2,901
20241214,38,2,901
20241215,38,2,900
20241216,38,2,898
20241217,38,2,897
20241218,38,2,887
20241219,38,2,880
20241220,38,2,874
20241221,38,2,866
20241222,38,2,859
20241223,38,2,852
20241224,38,2,846
20241225,38,2,842
20241226,38,2,842
20241227,38,2,836
20241228,38,2,827
20241229,38,2,817
20241230,38,2,815
20241231,38,2,804
20250101,38,2,959
20250102,38,2,949
20250103,38,2,948
20250104,38,2,943
20250105,38,2,936
20250106,38,2,936
20250107,38,2,934
20250108,38,2,930
20250109,38,2,921
20250110,38,2,912
20250111,38,2,909
20250112,38,2,905
20250113,38,2,904
20250114,38,2,899
20250115,38,2,890
20250116,38,2,889
20250117,38,2,887
20250118,38,2,884
20250119,38,2,884
20250120,38,2,874
20250121,38,2,865
20250122,38,2,862
20250123,38,2,861
20250124,38,2,855
20250125,38,2,850
20250126,38,2,849
20250127,38,2,845
20250128,38,2,834
20250129,38,2,833
20250130,38,2,823
20250131,38,2,823
20250201,38,2,1039
20250202,38,2,1031
20250203,38,2,1026
20250204,38,2,1019
20250205,38,2,1008
20250206,38,2,998
20250207,38,2,990
20250208,38,2,986
20250209,38,2,978
20250210,38,2,972
20250211,38,2,964
20250212,38,2,956
20250213,38,2,947
20250214,38,2,939
20250215,38,2,933
20250216,38,2,931
20250217,38,2,920
20250218,38,2,920
20250219,38,2,913
20250220,38,2,911
20250221,38,2,904
20250222,38,2,899
20250223,38,2,899
20250224,38,2,888
20250225,38,2,879
20250226,38,2,875
20250227,38,2,871
20250228,38,2,865
20250301,38,2,1120
20250302,38,2,1110
20250303,38,2,1110
20250304,38,2,1110
20250305,38,2,1108
20250306,38,2,1104
20250307,38,2,1104
20250308,38,2,1094
20250309,38,2,1087
20250310,38,2,1086
20250311,38,2,1076
20250312,38,2,1068
20250313,38,2,1065
20250314,38,2,1062
20250315,38,2,1054
20250316,38,2,1048
20250317,38,2,1037
20250318,38,2,1027
20250319,38,2,1016
20250320,38,2,1009
20250321,38,2,1000
20250322,38,2,995
20250323,38,2,986
20250324,38,2,978
20250325,38,2,972
20250326,38,2,970
20250327,38,2,959
20250328,38,2,959
20250329,38,2,958
20250330,38,2,951
20250331,38,2,947
20250401,38,2,1226
20250402,38,2,1218
20250403,38,2,1216
20250404,38,2,1210
20250405,38,2,1205
20250406,38,2,1204
20250407,38,2,1199
20250408,38,2,1198
20250409,38,2,1188
20250410,38,2,1185
20250411,38,2,1184
20250412,38,2,1173
20250413,38,2,1166
20250414,38,2,1161
20250415,38,2,1156
20250416,38,2,1147
20250417,38,2,1143
20250418,38,2,1143
20250419,38,2,1135
20250420,38,2,1130
20250421,38,2,1129
20250422,38,2,1127
20250423,38,2,1123
20250424,38,2,1112
20250425,38,2,1103
20250426,38,2,1101
20250427,38,2,1099
20250428,38,2,1099
20250429,38,2,1097
20250430,38,2,1096
20250501,38,2,1324
20250502,38,2,1318
20250503,38,2,1315
20250504,38,2,1307
20250505,38,2,1296
20250506,38,2,1285
20250507,38,2,1274
20250508,38,2,1268
20250509,38,2,1262
20250510,38,2,1255
20250511,38,2,1246
20250512,38,2,1243
20250513,38,2,1239
20250514,38,2,1235
20250515,38,2,1225
20250516,38,2,1223
20250517,38,2,1221
20250518,38,2,1217
20250519,38,2,1213
20250520,38,2,1205
20250521,38,2,1204
20250522,38,2,1202
20250523,38,2,1191
20250524,38,2,1184
20250525,38,2,1180
20250526,38,2,1169
20250527,38,2,1167
20250528,38,2,1160
20250529,38,2,1158
20250530,38,2,1150
20250531,38,2,1145
20250601,38,2,1310
20250602,38,2,1305
20250603,38,2,1297
20250604,38,2,1287
20250605,38,2,1278
20250606,38,2,1275
20250607,38,2,1267
20250608,38,2,1261
20250609,38,2,1256
20250610,38,2,1254
20250611,38,2,1248
20250612,38,2,1244
20250613,38,2,1233
20250614,38,2,1228
20250615,38,2,1223
20250616,38,2,1223
20250617,38,2,1220
20250618,38,2,1209
20250619,38,2,1202
20250620,38,2,1194
20250621,38,2,1186
20250622,38,2,1181
20250623,38,2,1170
20250624,38,2,1167
20250625,38,2,1163
20250626,38,2,1155
20250627,38,2,1149
20250628,38,2,1145
20250629,38,2,1138
20250630,38,2,1129
20250701,38,2,1380
20250702,38,2,1380
20250703,38,2,1371
20250704,38,2,1361
20250705,38,2,1353
20250706,38,2,1351
20250707,38,2,1341
20250708,38,2,1339
20250709,38,2,1329
20250710,38,2,1321
20250711,38,2,1315
20250712,38,2,1313
20250713,38,2,1308
20250714,38,2,1307
20250715,38,2,1299
20250716,38,2,1288
20250717,38,2,1279
20250718,38,2,1272
20250719,38,2,1261
20250720,38,2,1250
20250721,38,2,1239
20250722,38,2,1239
20250723,38,2,1228
20250724,38,2,1228
20250725,38,2,1224
20250726,38,2,1221
20250727,38,2,1211
20250728,38,2,1211
20250729,38,2,1200
20250730,38,2,1195
20250731,38,2,1195
20250801,38,2,1489
20250802,38,2,1485
20250803,38,2,1482
20250804,38,2,1474
20250805,38,2,1472
20250806,38,2,1465
20250807,38,2,1464
20250808,38,2,1464
20250809,38,2,1464
20250810,38,2,1462
20250811,38,2,1457
20250812,38,2,1450
20250813,38,2,1443
20250814,38,2,1442
20250815,38,2,1438
20250816,38,2,1433
20250817,38,2,1429
20250818,38,2,1421
20250819,38,2,1416
20250820,38,2,1412
20250821,38,2,1410
20250822,38,2,1407
20250823,38,2,1398
20250824,38,2,1390
20250825,38,2,1385
20250826,38,2,1380
20250827,38,2,1377
20250828,38,2,1371
20250829,38,2,1361
20250830,38,2,1359
20250831,38,2,1352
20250901,38,2,1620
20250902,38,2,1613
20250903,38,2,1606
20250904,38,2,1595
20250905,38,2,1591
20250906,38,2,1582
20250907,38,2,1582
20250908,38,2,1575
20250909,38,2,1572
20250910,38,2,1565
20250911,38,2,1558
20250912,38,2,1555
20250913,38,2,1545
20250914,38,2,1540
20250915,38,2,1537
20250916,38,2,1529
20250917,38,2,1523
20250918,38,2,1517
20250919,38,2,1516
20250920,38,2,1505
20250921,38,2,1501
20250922,38,2,1495
20250923,38,2,1494
20250924,38,2,1494
20250925,38,2,1486
20250926,38,2,1485
20250927,38,2,1477
20250928,38,2,1477
20250929,38,2,1474
20250930,38,2,1464
20251001,38,2,1693
20251002,38,2,1692
20251003,38,2,1682
20251004,38,2,1676
20251005,38,2,1671
20251006,38,2,1662
20251007,38,2,1651
20251008,38,2,1643
20251009,38,2,1638
20251010,38,2,1631
20251011,38,2,1621
20251012,38,2,1618
20251013,38,2,1610
20251014,38,2,1604
20251015,38,2,1601
20251016,38,2,1599
20251017,38,2,1593
20251018,38,2,1591
20251019,38,2,1588
20251020,38,2,1584
20251021,38,2,1582
20251022,38,2,1579
20251023,38,2,1576
20251024,38,2,1576
20251025,38,2,1573
20251026,38,2,1566
20251027,38,2,1561
20251028,38,2,1557
20251029,38,2,1550
20251030,38,2,1548
20251031,38,2,1537
20251101,38,2,1692
20251102,38,2,1683
20251103,38,2,1674
20251104,38,2,1669
20251105,38,2,1664
20251106,38,2,1654
20251107,38,2,1649
20251108,38,2,1649
20251109,38,2,1645
20251110,38,2,1645
20251111,38,2,1635
20251112,38,2,1633
20251113,38,2,1632
20251114,38,2,1625
20251115,38,2,1622
20251116,38,2,1614
20251117,38,2,1606
20251118,38,2,1600
20251119,38,2,1597
20251120,38,2,1594
20251121,38,2,1594
20251122,38,2,1584
20251123,38,2,1582
20251124,38,2,1577
20251125,38,2,1577
20251126,38,2,1571
20251127,38,2,1568
20251128,38,2,1562
20251129,38,2,1559
20251130,38,2,1550
20251201,38,2,1835
20251202,38,2,1826
20251203,38,2,1821
20251204,38,2,1820
20251205,38,2,1816
20251206,38,2,1815
20251207,38,2,1815
20251208,38,2,1804
20251209,38,2,1799
20251210,38,2,1791
20251211,38,2,1786
20251212,38,2,1779
20251213,38,2,1776
20251214,38,2,1769
20251215,38,2,1763
20251216,38,2,1762
20251217,38,2,1756
20251218,38,2,1753
20251219,38,2,1747
20251220,38,2,1742
20251221,38,2,1739
20251222,38,2,1734
20251223,38,2,1734
20251224,38,2,1723
20251225,38,2,1717
20251226,38,2,1717
20251227,38,2,1716
20251228,38,2,1716
20251229,38,2,1713
20251230,38,2,1703
20251231,38,2,1695
20260101,38,2,1971
20260102,38,2,1968
20260103,38,2,1964
20260104,38,2,1961
20260105,38,2,1951
20260106,38,2,1944
20260107,38,2,1935
20260108,38,2,1933
20260109,38,2,1923
20260110,38,2,1913
20260111,38,2,1906
20260112,38,2,1903
20260113,38,2,1896
20260114,38,2,1896
20260115,38,2,1894
20260116,38,2,1888
20260117,38,2,1877
20260118,38,2,1869
20260119,38,2,1867
20260120,38,2,1856
20260121,38,2,1851
20260122,38,2,1844
20260123,38,2,1835
20260124,38,2,1834
20260125,38,2,1832
20260126,38,2,1825
20260127,38,2,1820
20260128,38,2,1819
20260129,38,2,1818
20260130,38,2,1816
20260131,38,2,1811
20260201,38,2,1995
20260202,38,2,1995
20260203,38,2,1990
20260204,38,2,1986
20260205,38,2,1985
20260206,38,2,1976
20260207,38,2,1967
20260208,38,2,1967
20260209,38,2,1961
20260210,38,2,1956
20260211,38,2,1956
20260212,38,2,1954
20260213,38,2,1950
20260214,38,2,1944
20260215,38,2,1939
20260216,38,2,1934
20260217,38,2,1926
20260218,38,2,1925
20260219,38,2,1925
20260220,38,2,1915
20260221,38,2,1913
20260222,38,2,1907
20260223,38,2,1907
20260224,38,2,1896
20260225,38,2,1888
20260226,38,2,1877
20260227,38,2,1866
20260228,38,2,1863
20260301,38,2,2064
20260302,38,2,2058
20260303,38,2,2050
20260304,38,2,2045
20260305,38,2,2040
20260306,38,2,2036
20260307,38,2,2027
20260308,38,2,2022
20260309,38,2,2017
20260310,38,2,2011
20260311,38,2,2006
20260312,38,2,2004
20260313,38,2,2000
20260314,38,2,1993
20260315,38,2,1983
20260316,38,2,1979
20260317,38,2,1969
20260318,38,2,1958
20260319,38,2,1957
20260320,38,2,1955
20260321,38,2,1948
20260322,38,2,1945
20260323,38,2,1944
20260324,38,2,1935
20260325,38,2,1925
20260326,38,2,1923
20260327,38,2,1921
20260328,38,2,1912
20260329,38,2,1912
20260330,38,2,1912
20260331,38,2,1904
20240401,39,2,501
20240402,39,2,497
20240403,39,2,486
20240404,39,2,479
20240405,39,2,476
20240406,39,2,467
20240407,39,2,466
20240408,39,2,464
20240409,39,2,460
20240410,39,2,457
20240411,39,2,446
20240412,39,2,441
20240413,39,2,437
20240414,39,2,430
20240415,39,2,425
20240416,39,2,418
20240417,39,2,414
20240418,39,2,409
20240419,39,2,399
20240420,39,2,392
20240421,39,2,391
20240422,39,2,391
20240423,39,2,386
20240424,39,2,383
20240425,39,2,377
20240426,39,2,371
20240427,39,2,361
20240428,39,2,358
20240429,39,2,350
20240430,39,2,339
20240501,39,2,508
20240502,39,2,497
20240503,39,2,493
20240504,39,2,484
20240505,39,2,482
20240506,39,2,482
20240507,39,2,480
20240508,39,2,479
20240509,39,2,474
20240510,39,2,471
20240511,39,2,460
20240512,39,2,454
20240513,39,2,452
20240514,39,2,449
20240515,39,2,446
20240516,39,2,445
20240517,39,2,439
20240518,39,2,439
20240519,39,2,433
20240520,39,2,425
20240521,39,2,418
20240522,39,2,418
20240523,39,2,410
20240524,39,2,405
20240525,39,2,396
20240526,39,2,391
20240527,39,2,386
20240528,39,2,381
20240529,39,2,381
20240530,39,2,376
20240531,39,2,368
20240601,39,2,634
20240602,39,2,630
20240603,39,2,628
20240604,39,2,619
20240605,39,2,609
20240606,39,2,606
20240607,39,2,598
20240608,39,2,588
20240609,39,2,583
20240610,39,2,577
20240611,39,2,566
20240612,39,2,559
20240613,39,2,551
20240614,39,2,541
20240615,39,2,530
20240616,39,2,521
20240617,39,2,513
20240618,39,2,511
20240619,39,2,503
20240620,39,2,499
20240621,39,2,497
20240622,39,2,486
20240623,39,2,481
20240624,39,2,474
20240625,39,2,467
20240626,39,2,460
20240627,39,2,451
20240628,39,2,442
20240629,39,2,432
20240630,39,2,422
20240701,39,2,580
20240702,39,2,572
20240703,39,2,562
20240704,39,2,559
20240705,39,2,550
20240706,39,2,542
20240707,39,2,536
20240708,39,2,533
20240709,39,2,526
20240710,39,2,520
20240711,39,2,517
20240712,39,2,511
20240713,39,2,505
20240714,39,2,495
20240715,39,2,493
20240716,39,2,486
20240717,39,2,486
20240718,39,2,484
20240719,39,2,474
20240720,39,2,467
20240721,39,2,465
20240722,39,2,458
20240723,39,2,447
20240724,39,2,443
20240725,39,2,435
20240726,39,2,432
20240727,39,2,428
20240728,39,2,418
20240729,39,2,417
20240730,39,2,416
20240731,39,2,416
20240801,39,2,578
20240802,39,2,571
20240803,39,2,570
20240804,39,2,567
20240805,39,2,558
20240806,39,2,552
20240807,39,2,544
20240808,39,2,541
20240809,39,2,530
20240810,39,2,526
20240811,39,2,515
20240812,39,2,511
20240813,39,2,503
20240814,39,2,497
20240815,39,2,490
20240816,39,2,490
20240817,39,2,481
20240818,39,2,476
20240819,39,2,473
20240820,39,2,465
20240821,39,2,456
20240822,39,2,448
20240823,39,2,437
20240824,39,2,434
20240825,39,2,432
20240826,39,2,426
20240827,39,2,422
20240828,39,2,418
20240829,39,2,411
20240830,39,2,411
20240831,39,2,406
20240901,39,2,620
20240902,39,2,612
20240903,39,2,603
20240904,39,2,592
20240905,39,2,581
20240906,39,2,580
20240907,39,2,578
20240908,39,2,573
20240909,39,2,566
20240910,39,2,555
20240911,39,2,552
20240912,39,2,547
20240913,39,2,539
20240914,39,2,529
20240915,39,2,521
20240916,39,2,513
20240917,39,2,502
20240918,39,2,492
20240919,39,2,482
20240920,39,2,473
20240921,39,2,470
20240922,39,2,470
20240923,39,2,461
20240924,39,2,452
20240925,39,2,445
20240926,39,2,444
20240927,39,2,433
20240928,39,2,425
20240929,39,2,418
20240930,39,2,413
20241001,39,2,563
20241002,39,2,559
20241003,39,2,559
20241004,39,2,559
20241005,39,2,558
20241006,39,2,555
20241007,39,2,554
20241008,39,2,553
20241009,39,2,549
20241010,39,2,549
20241011,39,2,547
20241012,39,2,543
20241013,39,2,543
20241014,39,2,541
20241015,39,2,531
20241016,39,2,527
20241017,39,2,518
20241018,39,2,513
20241019,39,2,507
20241020,39,2,506
20241021,39,2,498
20241022,39,2,495
20241023,39,2,492
20241024,39,2,489
20241025,39,2,481
20241026,39,2,474
20241027,39,2,468
20241028,39,2,464
20241029,39,2,463
20241030,39,2,454
20241031,39,2,447
20241101,39,2,672
20241102,39,2,671
20241103,39,2,668
20241104,39,2,658
20241105,39,2,658
20241106,39,2,655
20241107,39,2,646
20241108,39,2,640
20241109,39,2,637
20241110,39,2,633
20241111,39,2,629
20241112,39,2,626
20241113,39,2,626
20241114,39,2,619
20241115,39,2,619
20241116,39,2,611
20241117,39,2,603
20241118,39,2,592
20241119,39,2,581
20241120,39,2,570
20241121,39,2,563
20241122,39,2,562
20241123,39,2,552
20241124,39,2,542
20241125,39,2,540
20241126,39,2,536
20241127,39,2,536
20241128,39,2,533
20241129,39,2,529
20241130,39,2,519
20241201,39,2,699
20241202,39,2,692
20241203,39,2,684
20241204,39,2,673
20241205,39,2,664
20241206,39,2,662
20241207,39,2,654
20241208,39,2,644
20241209,39,2,635
20241210,39,2,629
20241211,39,2,626
20241212,39,2,625
20241213,39,2,621
20241214,39,2,615
20241215,39,2,604
20241216,39,2,599
20241217,39,2,591
20241218,39,2,583
20241219,39,2,578
20241220,39,2,570
20241221,39,2,560
20241222,39,2,553
20241223,39,2,545
20241224,39,2,537
20241225,39,2,526
20241226,39,2,519
20241227,39,2,518
20241228,39,2,516
20241229,39,2,513
20241230,39,2,502
20241231,39,2,502
20250101,39,2,675
20250102,39,2,668
20250103,39,2,668
20250104,39,2,659
20250105,39,2,659
20250106,39,2,658
20250107,39,2,649
20250108,39,2,644
20250109,39,2,638
20250110,39,2,638
20250111,39,2,637
20250112,39,2,635
20250113,39,2,631
20250114,39,2,624
20250115,39,2,620
20250116,39,2,610
20250117,39,2,608
20250118,39,2,605
20250119,39,2,604
20250120,39,2,594
20250121,39,2,587
20250122,39,2,581
20250123,39,2,572
20250124,39,2,563
20250125,39,2,559
20250126,39,2,550
20250127,39,2,547
20250128,39,2,540
20250129,39,2,535
20250130,39,2,530
20250131,39,2,523
20250201,39,2,749
20250202,39,2,741
20250203,39,2,737
20250204,39,2,727
20250205,39,2,716
20250206,39,2,710
20250207,39,2,707
20250208,39,2,697
20250209,39,2,690
20250210,39,2,686
20250211,39,2,682
20250212,39,2,673
20250213,39,2,666
20250214,39,2,659
20250215,39,2,650
20250216,39,2,650
20250217,39,2,646
20250218,39,2,640
20250219,39,2,637
20250220,39,2,628
20250221,39,2,625
20250222,39,2,617
20250223,39,2,612
20250224,39,2,606
20250225,39,2,606
20250226,39,2,597
20250227,39,2,594
20250228,39,2,584
20250301,39,2,877
20250302,39,2,877
20250303,39,2,874
20250304,39,2,871
20250305,39,2,860
20250306,39,2,859
20250307,39,2,857
20250308,39,2,855
20250309,39,2,846
20250310,39,2,838
20250311,39,2,832
20250312,39,2,822
20250313,39,2,818
20250314,39,2,815
20250315,39,2,807
20250316,39,2,797
20250317,39,2,788
20250318,39,2,788
20250319,39,2,785
20250320,39,2,774
20250321,39,2,774
20250322,39,2,769
20250323,39,2,760
20250324,39,2,750
20250325,39,2,742
20250326,39,2,732
20250327,39,2,731
20250328,39,2,728
20250329,39,2,728
20250330,39,2,719
20250331,39,2,712
20250401,39,2,990
20250402,39,2,983
20250403,39,2,974
20250404,39,2,969
20250405,39,2,959
20250406,39,2,948
20250407,39,2,941
20250408,39,2,937
20250409,39,2,930
20250410,39,2,919
20250411,39,2,913
20250412,39,2,904
20250413,39,2,898
20250414,39,2,893
20250415,39,2,882
20250416,39,2,878
20250417,39,2,878
20250418,39,2,869
20250419,39,2,863
20250420,39,2,863
20250421,39,2,861
20250422,39,2,852
20250423,39,2,844
20250424,39,2,838
20250425,39,2,830
20250426,39,2,819
20250427,39,2,816
20250428,39,2,814
20250429,39,2,805
20250430,39,2,801
20250501,39,2,1041
20250502,39,2,1030
20250503,39,2,1030
20250504,39,2,1021
20250505,39,2,1010
20250506,39,2,1001
20250507,39,2,990
20250508,39,2,989
20250509,39,2,978
20250510,39,2,967
20250511,39,2,956
20250512,39,2,947
20250513,39,2,943
20250514,39,2,933
20250515,39,2,933
20250516,39,2,924
20250517,39,2,922
20250518,39,2,912
20250519,39,2,910
20250520,39,2,903
20250521,39,2,902
20250522,39,2,902
20250523,39,2,902
20250524,39,2,897
20250525,39,2,887
20250526,39,2,885
20250527,39,2,883
20250528,39,2,880
20250529,39,2,878
20250530,39,2,875
20250531,39,2,871
20250601,39,2,1108
20250602,39,2,1099
20250603,39,2,1095
20250604,39,2,1085
20250605,39,2,1077
20250606,39,2,1067
20250607,39,2,1059
20250608,39,2,1059
20250609,39,2,1057
20250610,39,2,1048
20250611,39,2,1047
20250612,39,2,1036
20250613,39,2,1033
20250614,39,2,1024
20250615,39,2,1021
20250616,39,2,1020
20250617,39,2,1017
20250618,39,2,1006
20250619,39,2,1000
20250620,39,2,994
20250621,39,2,988
20250622,39,2,982
20250623,39,2,974
20250624,39,2,971
20250625,39,2,971
20250626,39,2,961
20250627,39,2,957
20250628,39,2,947
20250629,39,2,940
20250630,39,2,931
20250701,39,2,1190
20250702,39,2,1188
20250703,39,2,1187
20250704,39,2,1185
20250705,39,2,1174
20250706,39,2,1174
20250707,39,2,1164
20250708,39,2,1160
20250709,39,2,1150
20250710,39,2,1140
20250711,39,2,1131
20250712,39,2,1128
20250713,39,2,1127
20250714,39,2,1121
20250715,39,2,1115
20250716,39,2,1112
20250717,39,2,1111
20250718,39,2,1106
20250719,39,2,1101
20250720,39,2,1099
20250721,39,2,1098
20250722,39,2,1093
20250723,39,2,1088
20250724,39,2,1082
20250725,39,2,1074
20250726,39,2,1067
20250727,39,2,1057
20250728,39,2,1047
20250729,39,2,1047
20250730,39,2,1043
20250731,39,2,1033
20250801,39,2,1320
20250802,39,2,1318
20250803,39,2,1307
20250804,39,2,1306
20250805,39,2,1301
20250806,39,2,1291
20250807,39,2,1291
20250808,39,2,1281
20250809,39,2,1272
20250810,39,2,1262
20250811,39,2,1262
20250812,39,2,1260
20250813,39,2,1253
20250814,39,2,1249
20250815,39,2,1240
20250816,39,2,1240
20250817,39,2,1235
20250818,39,2,1233
20250819,39,2,1225
20250820,39,2,1218
20250821,39,2,1212
20250822,39,2,1205
20250823,39,2,1205
20250824,39,2,1202
20250825,39,2,1194
20250826,39,2,1191
20250827,39,2,1180
20250828,39,2,1180
20250829,39,2,1176
20250830,39,2,1172
20250831,39,2,1171
20250901,39,2,1467
20250902,39,2,1457
20250903,39,2,1450
20250904,39,2,1444
20250905,39,2,1433
20250906,39,2,1433
20250907,39,2,1424
20250908,39,2,1414
20250909,39,2,1405
20250910,39,2,1399
20250911,39,2,1395
20250912,39,2,1394
20250913,39,2,1387
20250914,39,2,1382
20250915,39,2,1378
20250916,39,2,1367
20250917,39,2,1367
20250918,39,2,1365
20250919,39,2,1360
20250920,39,2,1349
20250921,39,2,1343
20250922,39,2,1338
20250923,39,2,1328
20250924,39,2,1320
20250925,39,2,1311
20250926,39,2,1304
20250927,39,2,1299
20250928,39,2,1293
20250929,39,2,1288
20250930,39,2,1283
20251001,39,2,1545
20251002,39,2,1542
20251003,39,2,1535
20251004,39,2,1531
20251005,39,2,1522
20251006,39,2,1512
20251007,39,2,1505
20251008,39,2,1496
20251009,39,2,1495
20251010,39,2,1484
20251011,39,2,1476
20251012,39,2,1466
20251013,39,2,1457
20251014,39,2,1448
20251015,39,2,1447
20251016,39,2,1444
20251017,39,2,1440
20251018,39,2,1434
20251019,39,2,1430
20251020,39,2,1425
20251021,39,2,1419
20251022,39,2,1415
20251023,39,2,1409
20251024,39,2,1400
20251025,39,2,1393
20251026,39,2,1389
20251027,39,2,1378
20251028,39,2,1377
20251029,39,2,1377
20251030,39,2,1373
20251031,39,2,1367
20251101,39,2,1631
20251102,39,2,1625
20251103,39,2,1622
20251104,39,2,1622
20251105,39,2,1618
20251106,39,2,1611
20251107,39,2,1602
20251108,39,2,1600
20251109,39,2,1597
20251110,39,2,1596
20251111,39,2,1588
20251112,39,2,1585
20251113,39,2,1575
20251114,39,2,1566
20251115,39,2,1555
20251116,39,2,1555
20251117,39,2,1545
20251118,39,2,1543
20251119,39,2,1536
20251120,39,2,1534
20251121,39,2,1527
20251122,39,2,1518
20251123,39,2,1513
20251124,39,2,1510
20251125,39,2,1505
20251126,39,2,1499
20251127,39,2,1491
20251128,39,2,1490
20251129,39,2,1490
20251130,39,2,1481
20251201,39,2,1644
20251202,39,2,1634
20251203,39,2,1629
20251204,39,2,1628
20251205,39,2,1625
20251206,39,2,1615
20251207,39,2,1608
20251208,39,2,1599
20251209,39,2,1596
20251210,39,2,1587
20251211,39,2,1587
20251212,39,2,1585
20251213,39,2,1579
20251214,39,2,1569
20251215,39,2,1558
20251216,39,2,1554
20251217,39,2,1545
20251218,39,2,1542
20251219,39,2,1531
20251220,39,2,1530
20251221,39,2,1525
20251222,39,2,1525
20251223,39,2,1519
20251224,39,2,1514
20251225,39,2,1505
20251226,39,2,1498
20251227,39,2,1494
20251228,39,2,1483
20251229,39,2,1482
20251230,39,2,1482
20251231,39,2,1480
20260101,39,2,1704
20260102,39,2,1703
20260103,39,2,1694
20260104,39,2,1685
20260105,39,2,1682
20260106,39,2,1681
20260107,39,2,1672
20260108,39,2,1663
20260109,39,2,1655
20260110,39,2,1646
20260111,39,2,1641
20260112,39,2,1637
20260113,39,2,1637
20260114,39,2,1631
20260115,39,2,1623
20260116,39,2,1621
20260117,39,2,1618
20260118,39,2,1612
20260119,39,2,1609
20260120,39,2,1599
20260121,39,2,1593
20260122,39,2,1588
20260123,39,2,1585
20260124,39,2,1575
20260125,39,2,1567
20260126,39,2,1561
20260127,39,2,1558
20260128,39,2,1557
20260129,39,2,1548
20260130,39,2,1548
20260131,39,2,1543
20260201,39,2,1773
20260202,39,2,1765
20260203,39,2,1765
20260204,39,2,1763
20260205,39,2,1763
20260206,39,2,1760
20260207,39,2,1758
20260208,39,2,1748
20260209,39,2,1744
20260210,39,2,1738
20260211,39,2,1736
20260212,39,2,1727
20260213,39,2,1721
20260214,39,2,1711
20260215,39,2,1704
20260216,39,2,1695
20260217,39,2,1686
20260218,39,2,1686
20260219,39,2,1680
20260220,39,2,1676
20260221,39,2,1672
20260222,39,2,1668
20260223,39,2,1657
20260224,39,2,1646
20260225,39,2,1641
20260226,39,2,1630
20260227,39,2,1627
20260228,39,2,1619
20260301,39,2,1779
20260302,39,2,1777
20260303,39,2,1771
20260304,39,2,1763
20260305,39,2,1763
20260306,39,2,1761
20260307,39,2,1751
20260308,39,2,1747
20260309,39,2,1739
20260310,39,2,1739
20260311,39,2,1734
20260312,39,2,1730
20260313,39,2,1721
20260314,39,2,1714
20260315,39,2,1714
20260316,39,2,1712
20260317,39,2,1706
20260318,39,2,1706
20260319,39,2,1705
20260320,39,2,1695
20260321,39,2,1695
20260322,39,2,1687
20260323,39,2,1681
20260324,39,2,1670
20260325,39,2,1663
20260326,39,2,1662
20260327,39,2,1655
20260328,39,2,1647
20260329,39,2,1644
20260330,39,2,1641
20260331,39,2,1637
20240401,30,2,530
20240402,30,2,520
20240403,30,2,518
20240404,30,2,510
20240405,30,2,505
20240406,30,2,504
20240407,30,2,501
20240408,30,2,490
20240409,30,2,489
20240410,30,2,489
20240411,30,2,481
20240412,30,2,475
20240413,30,2,472
20240414,30,2,464
20240415,30,2,458
20240416,30,2,456
20240417,30,2,448
20240418,30,2,438
20240419,30,2,433
20240420,30,2,424
20240421,30,2,423
20240422,30,2,423
20240423,30,2,423
20240424,30,2,419
20240425,30,2,415
20240426,30,2,405
20240427,30,2,394
20240428,30,2,387
20240429,30,2,376
20240430,30,2,365
20240501,30,2,579
20240502,30,2,575
20240503,30,2,575
20240504,30,2,568
20240505,30,2,558
20240506,30,2,549
20240507,30,2,546
20240508,30,2,540
20240509,30,2,530
20240510,30,2,522
20240511,30,2,522
20240512,30,2,522
20240513,30,2,512
20240514,30,2,502
20240515,30,2,493
20240516,30,2,487
20240517,30,2,476
20240518,30,2,471
20240519,30,2,464
20240520,30,2,462
20240521,30,2,458
20240522,30,2,457
20240523,30,2,451
20240524,30,2,447
20240525,30,2,439
20240526,30,2,428
20240527,30,2,418
20240528,30,2,412
20240529,30,2,403
20240530,30,2,399
20240531,30,2,392
20240601,30,2,561
20240602,30,2,561
20240603,30,2,558
20240604,30,2,551
20240605,30,2,546
20240606,30,2,535
20240607,30,2,535
20240608,30,2,530
20240609,30,2,526
20240610,30,2,524
20240611,30,2,518
20240612,30,2,514
20240613,30,2,512
20240614,30,2,506
20240615,30,2,504
20240616,30,2,495
20240617,30,2,491
20240618,30,2,486
20240619,30,2,484
20240620,30,2,473
20240621,30,2,471
20240622,30,2,464
20240623,30,2,457
20240624,30,2,456
20240625,30,2,455
20240626,30,2,454
20240627,30,2,443
20240628,30,2,437
20240629,30,2,436
20240630,30,2,427
20240701,30,2,710
20240702,30,2,704
20240703,30,2,695
20240704,30,2,690
20240705,30,2,690
20240706,30,2,682
20240707,30,2,679
20240708,30,2,672
20240709,30,2,672
20240710,30,2,668
20240711,30,2,664
20240712,30,2,661
20240713,30,2,655
20240714,30,2,650
20240715,30,2,639
20240716,30,2,631
20240717,30,2,626
20240718,30,2,623
20240719,30,2,619
20240720,30,2,616
20240721,30,2,608
20240722,30,2,597
20240723,30,2,589
20240724,30,2,578
20240725,30,2,576
20240726,30,2,575
20240727,30,2,567
20240728,30,2,556
20240729,30,2,550
20240730,30,2,545
20240731,30,2,539
20240801,30,2,701
20240802,30,2,701
20240803,30,2,692
20240804,30,2,687
20240805,30,2,678
20240806,30,2,670
20240807,30,2,661
20240808,30,2,653
20240809,30,2,646
20240810,30,2,640
20240811,30,2,640
20240812,30,2,631
20240813,30,2,627
20240814,30,2,623
20240815,30,2,614
20240816,30,2,614
20240817,30,2,612
20240818,30,2,601
20240819,30,2,590
20240820,30,2,579
20240821,30,2,579
20240822,30,2,575
20240823,30,2,569
20240824,30,2,566
20240825,30,2,565
20240826,30,2,565
20240827,30,2,556
20240828,30,2,547
20240829,30,2,540
20240830,30,2,539
20240831,30,2,535
20240901,30,2,753
20240902,30,2,751
20240903,30,2,746
20240904,30,2,743
20240905,30,2,739
20240906,30,2,737
20240907,30,2,735
20240908,30,2,724
20240909,30,2,722
20240910,30,2,715
20240911,30,2,705
20240912,30,2,702
20240913,30,2,699
20240914,30,2,693
20240915,30,2,692
20240916,30,2,685
20240917,30,2,684
20240918,30,2,675
20240919,30,2,668
20240920,30,2,664
20240921,30,2,660
20240922,30,2,658
20240923,30,2,658
20240924,30,2,647
20240925,30,2,647
20240926,30,2,645
20240927,30,2,645
20240928,30,2,640
20240929,30,2,632
20240930,30,2,629
20241001,30,2,899
20241002,30,2,889
20241003,30,2,885
20241004,30,2,879
20241005,30,2,877
20241006,30,2,873
20241007,30,2,863
20241008,30,2,860
20241009,30,2,856
20241010,30,2,848
20241011,30,2,845
20241012,30,2,836
20241013,30,2,833
20241014,30,2,822
20241015,30,2,814
20241016,30,2,803
20241017,30,2,797
20241018,30,2,789
20241019,30,2,781
20241020,30,2,779
20241021,30,2,779
20241022,30,2,768
20241023,30,2,761
20241024,30,2,760
20241025,30,2,753
20241026,30,2,750
20241027,30,2,746
20241028,30,2,737
20241029,30,2,731
20241030,30,2,725
20241031,30,2,719
20241101,30,2,896
20241102,30,2,890
20241103,30,2,886
20241104,30,2,877
20241105,30,2,870
20241106,30,2,867
20241107,30,2,858
20241108,30,2,852
20241109,30,2,851
20241110,30,2,848
20241111,30,2,840
20241112,30,2,836
20241113,30,2,828
20241114,30,2,826
20241115,30,2,815
20241116,30,2,807
20241117,30,2,805
20241118,30,2,802
20241119,30,2,799
20241120,30,2,793
20241121,30,2,789
20241122,30,2,780
20241123,30,2,778
20241124,30,2,777
20241125,30,2,777
20241126,30,2,770
20241127,30,2,760
20241128,30,2,757
20241129,30,2,748
20241130,30,2,743
20241201,30,2,927
20241202,30,2,927
20241203,30,2,916
20241204,30,2,905
20241205,30,2,895
20241206,30,2,885
20241207,30,2,875
20241208,30,2,870
20241209,30,2,870
20241210,30,2,864
20241211,30,2,859
20241212,30,2,850
20241213,30,2,841
20241214,30,2,832
20241215,30,2,823
20241216,30,2,813
20241217,30,2,808
20241218,30,2,801
20241219,30,2,798
20241220,30,2,791
20241221,30,2,785
20241222,30,2,785
20241223,30,2,777
20241224,30,2,769
20241225,30,2,761
20241226,30,2,759
20241227,30,2,756
20241228,30,2,756
20241229,30,2,756
20241230,30,2,748
20241231,30,2,738
20250101,30,2,942
20250102,30,2,938
20250103,30,2,929
20250104,30,2,919
20250105,30,2,909
20250106,30,2,908
20250107,30,2,897
20250108,30,2,897
20250109,30,2,893
20250110,30,2,890
20250111,30,2,883
20250112,30,2,880
20250113,30,2,873
20250114,30,2,863
20250115,30,2,862
20250116,30,2,852
20250117,30,2,847
20250118,30,2,840
20250119,30,2,835
20250120,30,2,833
20250121,30,2,831
20250122,30,2,831
20250123,30,2,827
20250124,30,2,826
20250125,30,2,821
20250126,30,2,816
20250127,30,2,807
20250128,30,2,799
20250129,30,2,789
20250130,30,2,789
20250131,30,2,781
20250201,30,2,963
20250202,30,2,953
20250203,30,2,952
20250204,30,2,946
20250205,30,2,940
20250206,30,2,937
20250207,30,2,934
20250208,30,2,933
20250209,30,2,928
20250210,30,2,920
20250211,30,2,912
20250212,30,2,903
20250213,30,2,892
20250214,30,2,885
20250215,30,2,881
20250216,30,2,878
20250217,30,2,872
20250218,30,2,867
20250219,30,2,866
20250220,30,2,862
20250221,30,2,854
20250222,30,2,852
20250223,30,2,850
20250224,30,2,847
20250225,30,2,842
20250226,30,2,833
20250227,30,2,830
20250228,30,2,829
20250301,30,2,979
20250302,30,2,971
20250303,30,2,970
20250304,30,2,963
20250305,30,2,953
20250306,30,2,944
20250307,30,2,933
20250308,30,2,922
20250309,30,2,913
20250310,30,2,909
20250311,30,2,901
20250312,30,2,892
20250313,30,2,883
20250314,30,2,880
20250315,30,2,875
20250316,30,2,870
20250317,30,2,861
20250318,30,2,851
20250319,30,2,840
20250320,30,2,830
20250321,30,2,829
20250322,30,2,825
20250323,30,2,821
20250324,30,2,812
20250325,30,2,812
20250326,30,2,803
20250327,30,2,793
20250328,30,2,791
20250329,30,2,787
20250330,30,2,780
20250331,30,2,773
20250401,30,2,994
20250402,30,2,994
20250403,30,2,992
20250404,30,2,986
20250405,30,2,984
20250406,30,2,973
20250407,30,2,971
20250408,30,2,962
20250409,30,2,959
20250410,30,2,957
20250411,30,2,955
20250412,30,2,953
20250413,30,2,942
20250414,30,2,939
20250415,30,2,936
20250416,30,2,936
20250417,30,2,933
20250418,30,2,933
20250419,30,2,931
20250420,30,2,923
20250421,30,2,916
20250422,30,2,910
20250423,30,2,908
20250424,30,2,900
20250425,30,2,899
20250426,30,2,891
20250427,30,2,883
20250428,30,2,883
20250429,30,2,876
20250430,30,2,865
20250501,30,2,1096
20250502,30,2,1086
20250503,30,2,1086
20250504,30,2,1076
20250505,30,2,1076
20250506,30,2,1074
20250507,30,2,1065
20250508,30,2,1060
20250509,30,2,1053
20250510,30,2,1050
20250511,30,2,1039
20250512,30,2,1038
20250513,30,2,1036
20250514,30,2,1026
20250515,30,2,1017
20250516,30,2,1014
20250517,30,2,1008
20250518,30,2,1008
20250519,30,2,1002
20250520,30,2,992
20250521,30,2,990
20250522,30,2,979
20250523,30,2,972
20250524,30,2,972
20250525,30,2,968
20250526,30,2,966
20250527,30,2,964
20250528,30,2,964
20250529,30,2,954
20250530,30,2,946
20250531,30,2,944
20250601,30,2,1103
20250602,30,2,1100
20250603,30,2,1099
20250604,30,2,1098
20250605,30,2,1090
20250606,30,2,1081
20250607,30,2,1078
20250608,30,2,1074
20250609,30,2,1063
20250610,30,2,1059
20250611,30,2,1051
20250612,30,2,1041
20250613,30,2,1031
20250614,30,2,1020
20250615,30,2,1018
20250616,30,2,1007
20250617,30,2,1000
20250618,30,2,998
20250619,30,2,988
20250620,30,2,984
20250621,30,2,973
20250622,30,2,968
20250623,30,2,961
20250624,30,2,956
20250625,30,2,945
20250626,30,2,940
20250627,30,2,939
20250628,30,2,929
20250629,30,2,929
20250630,30,2,920
20250701,30,2,1131
20250702,30,2,1128
20250703,30,2,1126
20250704,30,2,1115
20250705,30,2,1113
20250706,30,2,1113
20250707,30,2,1109
20250708,30,2,1106
20250709,30,2,1099
20250710,30,2,1095
20250711,30,2,1091
20250712,30,2,1083
20250713,30,2,1074
20250714,30,2,1074
20250715,30,2,1072
20250716,30,2,1062
20250717,30,2,1052
20250718,30,2,1041
20250719,30,2,1037
20250720,30,2,1032
20250721,30,2,1031
20250722,30,2,1030
20250723,30,2,1023
20250724,30,2,1023
20250725,30,2,1022
20250726,30,2,1019
20250727,30,2,1019
20250728,30,2,1018
20250729,30,2,1018
20250730,30,2,1012
20250731,30,2,1005
20250801,30,2,1212
20250802,30,2,1210
20250803,30,2,1200
20250804,30,2,1191
20250805,30,2,1186
20250806,30,2,1179
20250807,30,2,1168
20250808,30,2,1161
20250809,30,2,1155
20250810,30,2,1147
20250811,30,2,1138
20250812,30,2,1128
20250813,30,2,1126
20250814,30,2,1118
20250815,30,2,1108
20250816,30,2,1107
20250817,30,2,1096
20250818,30,2,1092
20250819,30,2,1082
20250820,30,2,1076
20250821,30,2,1071
20250822,30,2,1069
20250823,30,2,1060
20250824,30,2,1049
20250825,30,2,1038
20250826,30,2,1035
20250827,30,2,1028
20250828,30,2,1019
20250829,30,2,1008
20250830,30,2,997
20250831,30,2,990
20250901,30,2,1179
20250902,30,2,1174
20250903,30,2,1167
20250904,30,2,1165
20250905,30,2,1158
20250906,30,2,1149
20250907,30,2,1143
20250908,30,2,1134
20250909,30,2,1131
20250910,30,2,1121
20250911,30,2,1110
20250912,30,2,1110
20250913,30,2,1107
20250914,30,2,1099
20250915,30,2,1090
20250916,30,2,1084
20250917,30,2,1078
20250918,30,2,1073
20250919,30,2,1067
20250920,30,2,1057
20250921,30,2,1057
20250922,30,2,1047
20250923,30,2,1047
20250924,30,2,1039
20250925,30,2,1035
20250926,30,2,1033
20250927,30,2,1033
20250928,30,2,1030
20250929,30,2,1030
20250930,30,2,1029
20251001,30,2,1234
20251002,30,2,1229
20251003,30,2,1220
20251004,30,2,1220
20251005,30,2,1216
20251006,30,2,1212
20251007,30,2,1209
20251008,30,2,1203
20251009,30,2,1201
20251010,30,2,1199
20251011,30,2,1199
20251012,30,2,1191
20251013,30,2,1187
20251014,30,2,1178
20251015,30,2,1177
20251016,30,2,1175
20251017,30,2,1169
20251018,30,2,1159
20251019,30,2,1157
20251020,30,2,1154
20251021,30,2,1151
20251022,30,2,1151
20251023,30,2,1146
20251024,30,2,1138
20251025,30,2,1134
20251026,30,2,1126
20251027,30,2,1123
20251028,30,2,1117
20251029,30,2,1106
20251030,30,2,1105
20251031,30,2,1105
20251101,30,2,1263
20251102,30,2,1256
20251103,30,2,1245
20251104,30,2,1241
20251105,30,2,1230
20251106,30,2,1226
20251107,30,2,1216
20251108,30,2,1210
20251109,30,2,1201
20251110,30,2,1192
20251111,30,2,1190
20251112,30,2,1181
20251113,30,2,1179
20251114,30,2,1173
20251115,30,2,1166
20251116,30,2,1166
20251117,30,2,1160
20251118,30,2,1158
20251119,30,2,1150
20251120,30,2,1145
20251121,30,2,1144
20251122,30,2,1133
20251123,30,2,1130
20251124,30,2,1124
20251125,30,2,1116
20251126,30,2,1107
20251127,30,2,1100
20251128,30,2,1093
20251129,30,2,1089
20251130,30,2,1086
20251201,30,2,1247
20251202,30,2,1237
20251203,30,2,1235
20251204,30,2,1226
20251205,30,2,1218
20251206,30,2,1217
20251207,30,2,1215
20251208,30,2,1207
20251209,30,2,1196
20251210,30,2,1195
20251211,30,2,1184
20251212,30,2,1179
20251213,30,2,1169
20251214,30,2,1164
20251215,30,2,1161
20251216,30,2,1157
20251217,30,2,1151
20251218,30,2,1147
20251219,30,2,1144
20251220,30,2,1139
20251221,30,2,1136
20251222,30,2,1128
20251223,30,2,1125
20251224,30,2,1122
20251225,30,2,1113
20251226,30,2,1107
20251227,30,2,1098
20251228,30,2,1094
20251229,30,2,1085
20251230,30,2,1074
20251231,30,2,1074
20260101,30,2,1315
20260102,30,2,1305
20260103,30,2,1301
20260104,30,2,1296
20260105,30,2,1293
20260106,30,2,1290
20260107,30,2,1281
20260108,30,2,1281
20260109,30,2,1276
20260110,30,2,1267
20260111,30,2,1259
20260112,30,2,1251
20260113,30,2,1246
20260114,30,2,1237
20260115,30,2,1233
20260116,30,2,1225
20260117,30,2,1225
20260118,30,2,1225
20260119,30,2,1222
20260120,30,2,1217
20260121,30,2,1214
20260122,30,2,1211
20260123,30,2,1210
20260124,30,2,1205
20260125,30,2,1204
20260126,30,2,1196
20260127,30,2,1187
20260128,30,2,1181
20260129,30,2,1178
20260130,30,2,1171
20260131,30,2,1161
20260201,30,2,1340
20260202,30,2,1335
20260203,30,2,1330
20260204,30,2,1328
20260205,30,2,1325
20260206,30,2,1319
20260207,30,2,1308
20260208,30,2,1305
20260209,30,2,1304
20260210,30,2,1302
20260211,30,2,1295
20260212,30,2,1284
20260213,30,2,1274
20260214,30,2,1271
20260215,30,2,1268
20260216,30,2,1261
20260217,30,2,1259
20260218,30,2,1252
20260219,30,2,1242
20260220,30,2,1236
20260221,30,2,1228
20260222,30,2,1220
20260223,30,2,1218
20260224,30,2,1211
20260225,30,2,1209
20260226,30,2,1199
20260227,30,2,1191
20260228,30,2,1191
20260301,30,2,1383
20260302,30,2,1379
20260303,30,2,1373
20260304,30,2,1362
20260305,30,2,1358
20260306,30,2,1353
20260307,30,2,1351
20260308,30,2,1344
20260309,30,2,1340
20260310,30,2,1332
20260311,30,2,1325
20260312,30,2,1324
20260313,30,2,1314
20260314,30,2,1311
20260315,30,2,1309
20260316,30,2,1302
20260317,30,2,1299
20260318,30,2,1293
20260319,30,2,1292
20260320,30,2,1283
20260321,30,2,1272
20260322,30,2,1268
20260323,30,2,1268
20260324,30,2,1260
20260325,30,2,1259
20260326,30,2,1254
20260327,30,2,1250
20260328,30,2,1249
20260329,30,2,1247
20260330,30,2,1237
20260331,30,2,1229
20240401,25,2,442
20240402,25,2,436
20240403,25,2,428
20240404,25,2,426
20240405,25,2,418
20240406,25,2,411
20240407,25,2,411
20240408,25,2,410
20240409,25,2,409
20240410,25,2,407
20240411,25,2,407
20240412,25,2,398
20240413,25,2,388
20240414,25,2,378
20240415,25,2,368
20240416,25,2,364
20240417,25,2,360
20240418,25,2,353
20240419,25,2,342
20240420,25,2,334
20240421,25,2,327
20240422,25,2,318
20240423,25,2,308
20240424,25,2,302
20240425,25,2,293
20240426,25,2,287
20240427,25,2,279
20240428,25,2,270
20240429,25,2,262
20240430,25,2,256
20240501,25,2,533
20240502,25,2,529
20240503,25,2,526
20240504,25,2,523
20240505,25,2,513
20240506,25,2,502
20240507,25,2,497
20240508,25,2,494
20240509,25,2,488
20240510,25,2,484
20240511,25,2,477
20240512,25,2,477
20240513,25,2,471
20240514,25,2,469
20240515,25,2,464
20240516,25,2,457
20240517,25,2,452
20240518,25,2,441
20240519,25,2,440
20240520,25,2,436
20240521,25,2,427
20240522,25,2,423
20240523,25,2,423
20240524,25,2,416
20240525,25,2,405
20240526,25,2,394
20240527,25,2,383
20240528,25,2,379
20240529,25,2,369
20240530,25,2,369
20240531,25,2,369
20240601,25,2,632
20240602,25,2,625
20240603,25,2,618
20240604,25,2,616
20240605,25,2,615
20240606,25,2,613
20240607,25,2,602
20240608,25,2,600
20240609,25,2,593
20240610,25,2,583
20240611,25,2,573
20240612,25,2,570
20240613,25,2,559
20240614,25,2,555
20240615,25,2,544
20240616,25,2,541
20240617,25,2,540
20240618,25,2,534
20240619,25,2,523
20240620,25,2,515
20240621,25,2,515
20240622,25,2,506
20240623,25,2,497
20240624,25,2,486
20240625,25,2,478
20240626,25,2,474
20240627,25,2,472
20240628,25,2,461
20240629,25,2,457
20240630,25,2,451
20240701,25,2,684
20240702,25,2,679
20240703,25,2,669
20240704,25,2,661
20240705,25,2,659
20240706,25,2,658
20240707,25,2,651
20240708,25,2,647
20240709,25,2,647
20240710,25,2,639
20240711,25,2,628
20240712,25,2,628
20240713,25,2,617
20240714,25,2,610
20240715,25,2,599
20240716,25,2,593
20240717,25,2,589
20240718,25,2,578
20240719,25,2,571
20240720,25,2,560
20240721,25,2,557
20240722,25,2,549
20240723,25,2,542
20240724,25,2,536
20240725,25,2,527
20240726,25,2,521
20240727,25,2,512
20240728,25,2,507
20240729,25,2,505
20240730,25,2,496
20240731,25,2,489
20240801,25,2,689
20240802,25,2,687
20240803,25,2,682
20240804,25,2,677
20240805,25,2,669
20240806,25,2,666
20240807,25,2,666
20240808,25,2,657
20240809,25,2,653
20240810,25,2,650
20240811,25,2,641
20240812,25,2,637
20240813,25,2,632
20240814,25,2,629
20240815,25,2,619
20240816,25,2,613
20240817,25,2,610
20240818,25,2,607
20240819,25,2,602
20240820,25,2,595
20240821,25,2,593
20240822,25,2,584
20240823,25,2,580
20240824,25,2,572
20240825,25,2,561
20240826,25,2,558
20240827,25,2,552
20240828,25,2,546
20240829,25,2,538
20240830,25,2,534
20240831,25,2,526
20240901,25,2,770
20240902,25,2,760
20240903,25,2,760
20240904,25,2,750
20240905,25,2,746
20240906,25,2,736
20240907,25,2,734
20240908,25,2,730
20240909,25,2,729
20240910,25,2,720
20240911,25,2,712
20240912,25,2,708
20240913,25,2,701
20240914,25,2,700
20240915,25,2,693
20240916,25,2,686
20240917,25,2,676
20240918,25,2,669
20240919,25,2,666
20240920,25,2,657
20240921,25,2,648
20240922,25,2,638
20240923,25,2,631
20240924,25,2,621
20240925,25,2,614
20240926,25,2,606
20240927,25,2,595
20240928,25,2,588
20240929,25,2,581
20240930,25,2,581
20241001,25,2,764
20241002,25,2,761
20241003,25,2,760
20241004,25,2,753
20241005,25,2,750
20241006,25,2,748
20241007,25,2,738
20241008,25,2,733
20241009,25,2,725
20241010,25,2,725
20241011,25,2,718
20241012,25,2,708
20241013,25,2,707
20241014,25,2,705
20241015,25,2,698
20241016,25,2,691
20241017,25,2,683
20241018,25,2,680
20241019,25,2,677
20241020,25,2,677
20241021,25,2,675
20241022,25,2,668
20241023,25,2,660
20241024,25,2,654
20241025,25,2,653
20241026,25,2,643
20241027,25,2,637
20241028,25,2,637
20241029,25,2,626
20241030,25,2,619
20241031,25,2,619
20241101,25,2,827
20241102,25,2,827
20241103,25,2,821
20241104,25,2,821
20241105,25,2,821
20241106,25,2,816
20241107,25,2,808
20241108,25,2,804
20241109,25,2,804
20241110,25,2,796
20241111,25,2,794
20241112,25,2,792
20241113,25,2,786
20241114,25,2,784
20241115,25,2,775
20241116,25,2,766
20241117,25,2,762
20241118,25,2,754
20241119,25,2,754
20241120,25,2,745
20241121,25,2,741
20241122,25,2,730
20241123,25,2,730
20241124,25,2,728
20241125,25,2,726
20241126,25,2,719
20241127,25,2,714
20241128,25,2,714
20241129,25,2,704
20241130,25,2,700
20241201,25,2,980
20241202,25,2,972
20241203,25,2,961
20241204,25,2,951
20241205,25,2,943
20241206,25,2,937
20241207,25,2,928
20241208,25,2,917
20241209,25,2,912
20241210,25,2,902
20241211,25,2,902
20241212,25,2,895
20241213,25,2,884
20241214,25,2,882
20241215,25,2,873
20241216,25,2,864
20241217,25,2,863
20241218,25,2,853
20241219,25,2,846
20241220,25,2,841
20241221,25,2,838
20241222,25,2,834
20241223,25,2,829
20241224,25,2,825
20241225,25,2,820
20241226,25,2,811
20241227,25,2,809
20241228,25,2,798
20241229,25,2,794
20241230,25,2,790
20241231,25,2,785
20250101,25,2,944
20250102,25,2,944
20250103,25,2,935
20250104,25,2,926
20250105,25,2,923
20250106,25,2,920
20250107,25,2,917
20250108,25,2,908
20250109,25,2,897
20250110,25,2,896
20250111,25,2,895
20250112,25,2,895
20250113,25,2,890
20250114,25,2,887
20250115,25,2,883
20250116,25,2,880
20250117,25,2,874
20250118,25,2,863
20250119,25,2,852
20250120,25,2,850
20250121,25,2,840
20250122,25,2,832
20250123,25,2,822
20250124,25,2,811
20250125,25,2,810
20250126,25,2,801
20250127,25,2,792
20250128,25,2,781
20250129,25,2,772
20250130,25,2,770
20250131,25,2,766
20250201,25,2,1015
20250202,25,2,1009
20250203,25,2,1002
20250204,25,2,992
20250205,25,2,991
20250206,25,2,983
20250207,25,2,972
20250208,25,2,963
20250209,25,2,963
20250210,25,2,959
20250211,25,2,953
20250212,25,2,945
20250213,25,2,936
20250214,25,2,926
20250215,25,2,917
20250216,25,2,915
20250217,25,2,908
20250218,25,2,908
20250219,25,2,907
20250220,25,2,904
20250221,25,2,897
20250222,25,2,887
20250223,25,2,879
20250224,25,2,874
20250225,25,2,873
20250226,25,2,870
20250227,25,2,863
20250228,25,2,853
20250301,25,2,1020
20250302,25,2,1014
20250303,25,2,1005
20250304,25,2,1003
20250305,25,2,994
20250306,25,2,983
20250307,25,2,977
20250308,25,2,969
20250309,25,2,966
20250310,25,2,958
20250311,25,2,953
20250312,25,2,944
20250313,25,2,940
20250314,25,2,934
20250315,25,2,933
20250316,25,2,926
20250317,25,2,919
20250318,25,2,915
20250319,25,2,913
20250320,25,2,902
20250321,25,2,891
20250322,25,2,886
20250323,25,2,880
20250324,25,2,873
20250325,25,2,872
20250326,25,2,870
20250327,25,2,863
20250328,25,2,856
20250329,25,2,852
20250330,25,2,846
20250331,25,2,844
20250401,25,2,1100
20250402,25,2,1089
20250403,25,2,1086
20250404,25,2,1086
20250405,25,2,1080
20250406,25,2,1079
20250407,25,2,1076
20250408,25,2,1070
20250409,25,2,1070
20250410,25,2,1068
20250411,25,2,1059
20250412,25,2,1056
20250413,25,2,1053
20250414,25,2,1048
20250415,25,2,1045
20250416,25,2,1034
20250417,25,2,1029
20250418,25,2,1027
20250419,25,2,1018
20250420,25,2,1018
20250421,25,2,1011
20250422,25,2,1006
20250423,25,2,1005
20250424,25,2,1003
20250425,25,2,998
20250426,25,2,998
20250427,25,2,989
20250428,25,2,980
20250429,25,2,980
20250430,25,2,976
20250501,25,2,1131
20250502,25,2,1123
20250503,25,2,1120
20250504,25,2,1114
20250505,25,2,1111
20250506,25,2,1110
20250507,25,2,1100
20250508,25,2,1092
20250509,25,2,1082
20250510,25,2,1082
20250511,25,2,1080
20250512,25,2,1075
20250513,25,2,1064
20250514,25,2,1055
20250515,25,2,1049
20250516,25,2,1047
20250517,25,2,1036
20250518,25,2,1029
20250519,25,2,1020
20250520,25,2,1016
20250521,25,2,1007
20250522,25,2,997
20250523,25,2,992
20250524,25,2,985
20250525,25,2,976
20250526,25,2,972
20250527,25,2,965
20250528,25,2,960
20250529,25,2,954
20250530,25,2,948
20250531,25,2,946
20250601,25,2,1240
20250602,25,2,1232
20250603,25,2,1223
20250604,25,2,1215
20250605,25,2,1213
20250606,25,2,1202
20250607,25,2,1195
20250608,25,2,1194
20250609,25,2,1187
20250610,25,2,1182
20250611,25,2,1174
20250612,25,2,1163
20250613,25,2,1160
20250614,25,2,1150
20250615,25,2,1140
20250616,25,2,1138
20250617,25,2,1135
20250618,25,2,1130
20250619,25,2,1127
20250620,25,2,1125
20250621,25,2,1117
20250622,25,2,1109
20250623,25,2,1101
20250624,25,2,1094
20250625,25,2,1092
20250626,25,2,1086
20250627,25,2,1080
20250628,25,2,1070
20250629,25,2,1060
20250630,25,2,1059
20250701,25,2,1279
20250702,25,2,1271
20250703,25,2,1266
20250704,25,2,1258
20250705,25,2,1258
20250706,25,2,1253
20250707,25,2,1243
20250708,25,2,1238
20250709,25,2,1227
20250710,25,2,1218
20250711,25,2,1207
20250712,25,2,1206
20250713,25,2,1196
20250714,25,2,1194
20250715,25,2,1191
20250716,25,2,1190
20250717,25,2,1187
20250718,25,2,1180
20250719,25,2,1177
20250720,25,2,1177
20250721,25,2,1175
20250722,25,2,1174
20250723,25,2,1164
20250724,25,2,1155
20250725,25,2,1149
20250726,25,2,1139
20250727,25,2,1136
20250728,25,2,1126
20250729,25,2,1117
20250730,25,2,1114
20250731,25,2,1107
20250801,25,2,1396
20250802,25,2,1394
20250803,25,2,1384
20250804,25,2,1381
20250805,25,2,1375
20250806,25,2,1374
20250807,25,2,1367
20250808,25,2,1356
20250809,25,2,1356
20250810,25,2,1353
20250811,25,2,1346
20250812,25,2,1339
20250813,25,2,1335
20250814,25,2,1332
20250815,25,2,1324
20250816,25,2,1319
20250817,25,2,1319
20250818,25,2,1318
20250819,25,2,1314
20250820,25,2,1307
20250821,25,2,1307
20250822,25,2,1296
20250823,25,2,1285
20250824,25,2,1285
20250825,25,2,1280
20250826,25,2,1276
20250827,25,2,1275
20250828,25,2,1269
20250829,25,2,1261
20250830,25,2,1255
20250831,25,2,1245
20250901,25,2,1482
20250902,25,2,1472
20250903,25,2,1462
20250904,25,2,1456
20250905,25,2,1446
20250906,25,2,1442
20250907,25,2,1431
20250908,25,2,1424
20250909,25,2,1420
20250910,25,2,1420
20250911,25,2,1416
20250912,25,2,1411
20250913,25,2,1410
20250914,25,2,1404
20250915,25,2,1394
20250916,25,2,1391
20250917,25,2,1380
20250918,25,2,1376
20250919,25,2,1373
20250920,25,2,1363
20250921,25,2,1356
20250922,25,2,1349
20250923,25,2,1347
20250924,25,2,1340
20250925,25,2,1330
20250926,25,2,1328
20250927,25,2,1328
20250928,25,2,1319
20250929,25,2,1311
20250930,25,2,1309
20251001,25,2,1539
20251002,25,2,1536
20251003,25,2,1534
20251004,25,2,1523
20251005,25,2,1519
20251006,25,2,1514
20251007,25,2,1512
20251008,25,2,1506
20251009,25,2,1500
20251010,25,2,1500
20251011,25,2,1491
20251012,25,2,1487
20251013,25,2,1482
20251014,25,2,1481
20251015,25,2,1481
20251016,25,2,1475
20251017,25,2,1475
20251018,25,2,1469
20251019,25,2,1460
20251020,25,2,1458
20251021,25,2,1455
20251022,25,2,1444
20251023,25,2,1439
20251024,25,2,1436
20251025,25,2,1426
20251026,25,2,1419
20251027,25,2,1412
20251028,25,2,1401
20251029,25,2,1394
20251030,25,2,1385
20251031,25,2,1377
20251101,25,2,1630
20251102,25,2,1630
20251103,25,2,1628
20251104,25,2,1622
20251105,25,2,1614
20251106,25,2,1605
20251107,25,2,1596
20251108,25,2,1589
20251109,25,2,1589
20251110,25,2,1583
20251111,25,2,1575
20251112,25,2,1564
20251113,25,2,1557
20251114,25,2,1551
20251115,25,2,1550
20251116,25,2,1540
20251117,25,2,1536
20251118,25,2,1526
20251119,25,2,1524
20251120,25,2,1515
20251121,25,2,1512
20251122,25,2,1511
20251123,25,2,1501
20251124,25,2,1492
20251125,25,2,1482
20251126,25,2,1473
20251127,25,2,1466
20251128,25,2,1458
20251129,25,2,1458
20251130,25,2,1454
20251201,25,2,1650
20251202,25,2,1646
20251203,25,2,1639
20251204,25,2,1632
20251205,25,2,1624
20251206,25,2,1619
20251207,25,2,1608
20251208,25,2,1602
20251209,25,2,1598
20251210,25,2,1588
20251211,25,2,1585
20251212,25,2,1576
20251213,25,2,1568
20251214,25,2,1557
20251215,25,2,1546
20251216,25,2,1545
20251217,25,2,1542
20251218,25,2,1537
20251219,25,2,1534
20251220,25,2,1533
20251221,25,2,1523
20251222,25,2,1523
20251223,25,2,1520
20251224,25,2,1510
20251225,25,2,1506
20251226,25,2,1503
20251227,25,2,1492
20251228,25,2,1484
20251229,25,2,1475
20251230,25,2,1471
20251231,25,2,1469
20260101,25,2,1672
20260102,25,2,1665
20260103,25,2,1655
20260104,25,2,1644
20260105,25,2,1633
20260106,25,2,1622
20260107,25,2,1618
20260108,25,2,1607
20260109,25,2,1599
20260110,25,2,1589
20260111,25,2,1585
20260112,25,2,1585
20260113,25,2,1580
20260114,25,2,1577
20260115,25,2,1569
20260116,25,2,1562
20260117,25,2,1558
20260118,25,2,1550
20260119,25,2,1545
20260120,25,2,1537
20260121,25,2,1531
20260122,25,2,1528
20260123,25,2,1527
20260124,25,2,1526
20260125,25,2,1515
20260126,25,2,1506
20260127,25,2,1497
20260128,25,2,1490
20260129,25,2,1485
20260130,25,2,1476
20260131,25,2,1467
20260201,25,2,1644
20260202,25,2,1643
20260203,25,2,1637
20260204,25,2,1636
20260205,25,2,1628
20260206,25,2,1624
20260207,25,2,1623
20260208,25,2,1614
20260209,25,2,1603
20260210,25,2,1599
20260211,25,2,1598
20260212,25,2,1595
20260213,25,2,1586
20260214,25,2,1576
20260215,25,2,1571
20260216,25,2,1565
20260217,25,2,1558
20260218,25,2,1554
20260219,25,2,1547
20260220,25,2,1547
20260221,25,2,1543
20260222,25,2,1535
20260223,25,2,1524
20260224,25,2,1514
20260225,25,2,1511
20260226,25,2,1509
20260227,25,2,1507
20260228,25,2,1505
20260301,25,2,1789
20260302,25,2,1786
20260303,25,2,1779
20260304,25,2,1778
20260305,25,2,1774
20260306,25,2,1773
20260307,25,2,1770
20260308,25,2,1766
20260309,25,2,1758
20260310,25,2,1748
20260311,25,2,1737
20260312,25,2,1730
20260313,25,2,1722
20260314,25,2,1721
20260315,25,2,1714
20260316,25,2,1708
20260317,25,2,1697
20260318,25,2,1690
20260319,25,2,1681
20260320,25,2,1672
20260321,25,2,1671
20260322,25,2,1665
20260323,25,2,1655
20260324,25,2,1651
20260325,25,2,1642
20260326,25,2,1631
20260327,25,2,1620
20260328,25,2,1617
20260329,25,2,1614
20260330,25,2,1603
20260331,25,2,1599
20240401,13,2,498
20240402,13,2,498
20240403,13,2,497
20240404,13,2,490
20240405,13,2,480
20240406,13,2,473
20240407,13,2,468
20240408,13,2,457
20240409,13,2,447
20240410,13,2,443
20240411,13,2,434
20240412,13,2,424
20240413,13,2,422
20240414,13,2,415
20240415,13,2,415
20240416,13,2,409
20240417,13,2,398
20240418,13,2,388
20240419,13,2,382
20240420,13,2,375
20240421,13,2,365
20240422,13,2,365
20240423,13,2,357
20240424,13,2,354
20240425,13,2,345
20240426,13,2,344
20240427,13,2,339
20240428,13,2,330
20240429,13,2,322
20240430,13,2,314
20240501,13,2,597
20240502,13,2,589
20240503,13,2,580
20240504,13,2,569
20240505,13,2,567
20240506,13,2,565
20240507,13,2,560
20240508,13,2,551
20240509,13,2,541
20240510,13,2,535
20240511,13,2,527
20240512,13,2,527
20240513,13,2,518
20240514,13,2,511
20240515,13,2,508
20240516,13,2,501
20240517,13,2,490
20240518,13,2,479
20240519,13,2,472
20240520,13,2,465
20240521,13,2,458
20240522,13,2,457
20240523,13,2,453
20240524,13,2,442
20240525,13,2,442
20240526,13,2,439
20240527,13,2,429
20240528,13,2,421
20240529,13,2,417
20240530,13,2,410
20240531,13,2,401
20240601,13,2,593
20240602,13,2,589
20240603,13,2,579
20240604,13,2,572
20240605,13,2,572
20240606,13,2,562
20240607,13,2,561
20240608,13,2,550
20240609,13,2,550
20240610,13,2,539
20240611,13,2,534
20240612,13,2,533
20240613,13,2,531
20240614,13,2,529
20240615,13,2,523
20240616,13,2,521
20240617,13,2,512
20240618,13,2,501
20240619,13,2,498
20240620,13,2,497
20240621,13,2,497
20240622,13,2,489
20240623,13,2,480
20240624,13,2,469
20240625,13,2,468
20240626,13,2,462
20240627,13,2,460
20240628,13,2,460
20240629,13,2,455
20240630,13,2,455
20240701,13,2,620
20240702,13,2,618
20240703,13,2,614
20240704,13,2,603
20240705,13,2,597
20240706,13,2,596
20240707,13,2,596
20240708,13,2,592
20240709,13,2,582
20240710,13,2,582
20240711,13,2,572
20240712,13,2,567
20240713,13,2,560
20240714,13,2,554
20240715,13,2,549
20240716,13,2,546
20240717,13,2,542
20240718,13,2,534
20240719,13,2,532
20240720,13,2,523
20240721,13,2,512
20240722,13,2,506
20240723,13,2,501
20240724,13,2,492
20240725,13,2,491
20240726,13,2,482
20240727,13,2,473
20240728,13,2,469
20240729,13,2,458
20240730,13,2,453
20240731,13,2,450
20240801,13,2,630
20240802,13,2,619
20240803,13,2,608
20240804,13,2,598
20240805,13,2,597
20240806,13,2,589
20240807,13,2,580
20240808,13,2,578
20240809,13,2,573
20240810,13,2,573
20240811,13,2,565
20240812,13,2,558
20240813,13,2,556
20240814,13,2,554
20240815,13,2,552
20240816,13,2,545
20240817,13,2,539
20240818,13,2,533
20240819,13,2,530
20240820,13,2,521
20240821,13,2,514
20240822,13,2,511
20240823,13,2,510
20240824,13,2,500
20240825,13,2,491
20240826,13,2,488
20240827,13,2,485
20240828,13,2,474
20240829,13,2,466
20240830,13,2,465
20240831,13,2,464
20240901,13,2,684
20240902,13,2,684
20240903,13,2,684
20240904,13,2,677
20240905,13,2,675
20240906,13,2,669
20240907,13,2,665
20240908,13,2,655
20240909,13,2,646
20240910,13,2,645
20240911,13,2,645
20240912,13,2,640
20240913,13,2,632
20240914,13,2,627
20240915,13,2,625
20240916,13,2,625
20240917,13,2,614
20240918,13,2,604
20240919,13,2,601
20240920,13,2,596
20240921,13,2,595
20240922,13,2,591
20240923,13,2,583
20240924,13,2,576
20240925,13,2,573
20240926,13,2,569
20240927,13,2,563
20240928,13,2,557
20240929,13,2,548
20240930,13,2,543
20241001,13,2,809
20241002,13,2,807
20241003,13,2,796
20241004,13,2,794
20241005,13,2,785
20241006,13,2,782
20241007,13,2,781
20241008,13,2,777
20241009,13,2,776
20241010,13,2,768
20241011,13,2,757
20241012,13,2,751
20241013,13,2,740
20241014,13,2,730
20241015,13,2,719
20241016,13,2,711
20241017,13,2,707
20241018,13,2,700
20241019,13,2,697
20241020,13,2,691
20241021,13,2,682
20241022,13,2,678
20241023,13,2,673
20241024,13,2,669
20241025,13,2,669
20241026,13,2,667
20241027,13,2,666
20241028,13,2,663
20241029,13,2,663
20241030,13,2,653
20241031,13,2,644
20241101,13,2,912
20241102,13,2,912
20241103,13,2,911
20241104,13,2,909
20241105,13,2,901
20241106,13,2,892
20241107,13,2,884
20241108,13,2,877
20241109,13,2,873
20241110,13,2,873
20241111,13,2,871
20241112,13,2,862
20241113,13,2,855
20241114,13,2,846
20241115,13,2,836
20241116,13,2,833
20241117,13,2,826
20241118,13,2,818
20241119,13,2,809
20241120,13,2,799
20241121,13,2,788
20241122,13,2,781
20241123,13,2,771
20241124,13,2,763
20241125,13,2,760
20241126,13,2,760
20241127,13,2,750
20241128,13,2,744
20241129,13,2,738
20241130,13,2,729
20241201,13,2,893
20241202,13,2,885
20241203,13,2,881
20241204,13,2,873
20241205,13,2,867
20241206,13,2,863
20241207,13,2,855
20241208,13,2,850
20241209,13,2,841
20241210,13,2,841
20241211,13,2,832
20241212,13,2,823
20241213,13,2,815
20241214,13,2,812
20241215,13,2,801
20241216,13,2,794
20241217,13,2,788
20241218,13,2,786
20241219,13,2,781
20241220,13,2,776
20241221,13,2,773
20241222,13,2,770
20241223,13,2,769
20241224,13,2,761
20241225,13,2,759
20241226,13,2,754
20241227,13,2,751
20241228,13,2,740
20241229,13,2,734
20241230,13,2,731
20241231,13,2,720
20250101,13,2,984
20250102,13,2,983
20250103,13,2,973
20250104,13,2,971
20250105,13,2,969
20250106,13,2,965
20250107,13,2,965
20250108,13,2,965
20250109,13,2,965
20250110,13,2,962
20250111,13,2,956
20250112,13,2,955
20250113,13,2,954
20250114,13,2,948
20250115,13,2,946
20250116,13,2,941
20250117,13,2,939
20250118,13,2,931
20250119,13,2,923
20250120,13,2,912
20250121,13,2,901
20250122,13,2,893
20250123,13,2,892
20250124,13,2,886
20250125,13,2,885
20250126,13,2,877
20250127,13,2,874
20250128,13,2,869
20250129,13,2,862
20250130,13,2,858
20250131,13,2,854
20250201,13,2,1068
20250202,13,2,1066
20250203,13,2,1065
20250204,13,2,1065
20250205,13,2,1060
20250206,13,2,1053
20250207,13,2,1053
20250208,13,2,1048
20250209,13,2,1041
20250210,13,2,1031
20250211,13,2,1022
20250212,13,2,1016
20250213,13,2,1005
20250214,13,2,995
20250215,13,2,992
20250216,13,2,987
20250217,13,2,978
20250218,13,2,970
20250219,13,2,964
20250220,13,2,959
20250221,13,2,956
20250222,13,2,950
20250223,13,2,949
20250224,13,2,940
20250225,13,2,935
20250226,13,2,931
20250227,13,2,921
20250228,13,2,910
20250301,13,2,1192
20250302,13,2,1187
20250303,13,2,1178
20250304,13,2,1169
20250305,13,2,1162
20250306,13,2,1160
20250307,13,2,1158
20250308,13,2,1150
20250309,13,2,1150
20250310,13,2,1150
20250311,13,2,1142
20250312,13,2,1137
20250313,13,2,1127
20250314,13,2,1118
20250315,13,2,1115
20250316,13,2,1111
20250317,13,2,1108
20250318,13,2,1107
20250319,13,2,1104
20250320,13,2,1093
20250321,13,2,1082
20250322,13,2,1079
20250323,13,2,1073
20250324,13,2,1073
20250325,13,2,1071
20250326,13,2,1067
20250327,13,2,1062
20250328,13,2,1054
20250329,13,2,1050
20250330,13,2,1046
20250331,13,2,1037
20250401,13,2,1315
20250402,13,2,1313
20250403,13,2,1308
20250404,13,2,1302
20250405,13,2,1299
20250406,13,2,1298
20250407,13,2,1288
20250408,13,2,1287
20250409,13,2,1286
20250410,13,2,1284
20250411,13,2,1284
20250412,13,2,1282
20250413,13,2,1281
20250414,13,2,1274
20250415,13,2,1264
20250416,13,2,1254
20250417,13,2,1248
20250418,13,2,1238
20250419,13,2,1234
20250420,13,2,1227
20250421,13,2,1224
20250422,13,2,1220
20250423,13,2,1219
20250424,13,2,1216
20250425,13,2,1215
20250426,13,2,1212
20250427,13,2,1204
20250428,13,2,1199
20250429,13,2,1189
20250430,13,2,1182
20250501,13,2,1473
20250502,13,2,1465
20250503,13,2,1456
20250504,13,2,1454
20250505,13,2,1453
20250506,13,2,1448
20250507,13,2,1447
20250508,13,2,1436
20250509,13,2,1425
20250510,13,2,1423
20250511,13,2,1420
20250512,13,2,1418
20250513,13,2,1407
20250514,13,2,1398
20250515,13,2,1395
20250516,13,2,1387
20250517,13,2,1387
20250518,13,2,1386
20250519,13,2,1380
20250520,13,2,1377
20250521,13,2,1375
20250522,13,2,1369
20250523,13,2,1359
20250524,13,2,1353
20250525,13,2,1348
20250526,13,2,1347
20250527,13,2,1342
20250528,13,2,1332
20250529,13,2,1328
20250530,13,2,1318
20250531,13,2,1317
20250601,13,2,1554
20250602,13,2,1551
20250603,13,2,1550
20250604,13,2,1542
20250605,13,2,1535
20250606,13,2,1531
20250607,13,2,1527
20250608,13,2,1517
20250609,13,2,1507
20250610,13,2,1503
20250611,13,2,1497
20250612,13,2,1493
20250613,13,2,1483
20250614,13,2,1478
20250615,13,2,1478
20250616,13,2,1477
20250617,13,2,1469
20250618,13,2,1469
20250619,13,2,1463
20250620,13,2,1457
20250621,13,2,1455
20250622,13,2,1448
20250623,13,2,1447
20250624,13,2,1436
20250625,13,2,1428
20250626,13,2,1427
20250627,13,2,1423
20250628,13,2,1413
20250629,13,2,1413
20250630,13,2,1410
20250701,13,2,1658
20250702,13,2,1655
20250703,13,2,1654
20250704,13,2,1651
20250705,13,2,1646
20250706,13,2,1646
20250707,13,2,1639
20250708,13,2,1634
20250709,13,2,1631
20250710,13,2,1621
20250711,13,2,1611
20250712,13,2,1601
20250713,13,2,1590
20250714,13,2,1587
20250715,13,2,1583
20250716,13,2,1580
20250717,13,2,1578
20250718,13,2,1568
20250719,13,2,1564
20250720,13,2,1556
20250721,13,2,1545
20250722,13,2,1543
20250723,13,2,1540
20250724,13,2,1530
20250725,13,2,1526
20250726,13,2,1516
20250727,13,2,1510
20250728,13,2,1506
20250729,13,2,1501
20250730,13,2,1491
20250731,13,2,1491
20250801,13,2,1730
20250802,13,2,1720
20250803,13,2,1714
20250804,13,2,1710
20250805,13,2,1699
20250806,13,2,1695
20250807,13,2,1691
20250808,13,2,1685
20250809,13,2,1680
20250810,13,2,1677
20250811,13,2,1673
20250812,13,2,1667
20250813,13,2,1666
20250814,13,2,1660
20250815,13,2,1652
20250816,13,2,1650
20250817,13,2,1648
20250818,13,2,1638
20250819,13,2,1628
20250820,13,2,1627
20250821,13,2,1627
20250822,13,2,1617
20250823,13,2,1606
20250824,13,2,1600
20250825,13,2,1590
20250826,13,2,1585
20250827,13,2,1582
20250828,13,2,1572
20250829,13,2,1567
20250830,13,2,1562
20250831,13,2,1555
20250901,13,2,1747
20250902,13,2,1746
20250903,13,2,1745
20250904,13,2,1737
20250905,13,2,1732
20250906,13,2,1723
20250907,13,2,1717
20250908,13,2,1711
20250909,13,2,1700
20250910,13,2,1697
20250911,13,2,1687
20250912,13,2,1676
20250913,13,2,1670
20250914,13,2,1663
20250915,13,2,1653
20250916,13,2,1647
20250917,13,2,1642
20250918,13,2,1633
20250919,13,2,1623
20250920,13,2,1619
20250921,13,2,1614
20250922,13,2,1606
20250923,13,2,1598
20250924,13,2,1594
20250925,13,2,1586
20250926,13,2,1583
20250927,13,2,1582
20250928,13,2,1580
20250929,13,2,1569
20250930,13,2,1559
20251001,13,2,1719
20251002,13,2,1715
20251003,13,2,1713
20251004,13,2,1710
20251005,13,2,1710
20251006,13,2,1708
20251007,13,2,1707
20251008,13,2,1706
20251009,13,2,1703
20251010,13,2,1693
20251011,13,2,1686
20251012,13,2,1684
20251013,13,2,1677
20251014,13,2,1666
20251015,13,2,1665
20251016,13,2,1663
20251017,13,2,1658
20251018,13,2,1657
20251019,13,2,1651
20251020,13,2,1644
20251021,13,2,1641
20251022,13,2,1638
20251023,13,2,1630
20251024,13,2,1624
20251025,13,2,1617
20251026,13,2,1617
20251027,13,2,1609
20251028,13,2,1603
20251029,13,2,1595
20251030,13,2,1592
20251031,13,2,1582
20251101,13,2,1725
20251102,13,2,1725
20251103,13,2,1716
20251104,13,2,1707
20251105,13,2,1701
20251106,13,2,1695
20251107,13,2,1693
20251108,13,2,1693
20251109,13,2,1692
20251110,13,2,1690
20251111,13,2,1685
20251112,13,2,1683
20251113,13,2,1674
20251114,13,2,1666
20251115,13,2,1659
20251116,13,2,1652
20251117,13,2,1652
20251118,13,2,1649
20251119,13,2,1647
20251120,13,2,1647
20251121,13,2,1642
20251122,13,2,1638
20251123,13,2,1634
20251124,13,2,1626
20251125,13,2,1618
20251126,13,2,1615
20251127,13,2,1613
20251128,13,2,1609
20251129,13,2,1605
20251130,13,2,1604
20251201,13,2,1830
20251202,13,2,1819
20251203,13,2,1818
20251204,13,2,1807
20251205,13,2,1803
20251206,13,2,1799
20251207,13,2,1796
20251208,13,2,1792
20251209,13,2,1792
20251210,13,2,1781
20251211,13,2,1777
20251212,13,2,1767
20251213,13,2,1758
20251214,13,2,1750
20251215,13,2,1746
20251216,13,2,1739
20251217,13,2,1735
20251218,13,2,1727
20251219,13,2,1718
20251220,13,2,1710
20251221,13,2,1706
20251222,13,2,1696
20251223,13,2,1696
20251224,13,2,1688
20251225,13,2,1678
20251226,13,2,1671
20251227,13,2,1666
20251228,13,2,1655
20251229,13,2,1655
20251230,13,2,1644
20251231,13,2,1641
20260101,13,2,1850
20260102,13,2,1839
20260103,13,2,1835
20260104,13,2,1831
20260105,13,2,1824
20260106,13,2,1822
20260107,13,2,1818
20260108,13,2,1816
20260109,13,2,1808
20260110,13,2,1807
20260111,13,2,1800
20260112,13,2,1796
20260113,13,2,1795
20260114,13,2,1784
20260115,13,2,1780
20260116,13,2,1777
20260117,13,2,1777
20260118,13,2,1766
20260119,13,2,1756
20260120,13,2,1755
20260121,13,2,1752
20260122,13,2,1751
20260123,13,2,1743
20260124,13,2,1742
20260125,13,2,1738
20260126,13,2,1732
20260127,13,2,1721
20260128,13,2,1710
20260129,13,2,1705
20260130,13,2,1703
20260131,13,2,1697
20260201,13,2,1892
20260202,13,2,1882
20260203,13,2,1877
20260204,13,2,1871
20260205,13,2,1865
20260206,13,2,1861
20260207,13,2,1851
20260208,13,2,1846
20260209,13,2,1839
20260210,13,2,1831
20260211,13,2,1822
20260212,13,2,1818
20260213,13,2,1818
20260214,13,2,1811
20260215,13,2,1810
20260216,13,2,1801
20260217,13,2,1790
20260218,13,2,1790
20260219,13,2,1790
20260220,13,2,1782
20260221,13,2,1774
20260222,13,2,1763
20260223,13,2,1762
20260224,13,2,1762
20260225,13,2,1758
20260226,13,2,1758
20260227,13,2,1748
20260228,13,2,1741
20260301,13,2,1983
20260302,13,2,1977
20260303,13,2,1972
20260304,13,2,1970
20260305,13,2,1959
20260306,13,2,1953
20260307,13,2,1952
20260308,13,2,1950
20260309,13,2,1949
20260310,13,2,1939
20260311,13,2,1939
20260312,13,2,1928
20260313,13,2,1919
20260314,13,2,1918
20260315,13,2,1917
20260316,13,2,1906
20260317,13,2,1899
20260318,13,2,1888
20260319,13,2,1877
20260320,13,2,1877
20260321,13,2,1877
20260322,13,2,1868
20260323,13,2,1867
20260324,13,2,1858
20260325,13,2,1848
20260326,13,2,1843
20260327,13,2,1840
20260328,13,2,1829
20260329,13,2,1824
20260330,13,2,1822
20260331,13,2,1816
20240401,17,2,547
20240402,17,2,545
20240403,17,2,543
20240404,17,2,533
20240405,17,2,523
20240406,17,2,514
20240407,17,2,513
20240408,17,2,512
20240409,17,2,509
20240410,17,2,508
20240411,17,2,503
20240412,17,2,495
20240413,17,2,487
20240414,17,2,482
20240415,17,2,478
20240416,17,2,473
20240417,17,2,465
20240418,17,2,463
20240419,17,2,463
20240420,17,2,455
20240421,17,2,448
20240422,17,2,447
20240423,17,2,440
20240424,17,2,436
20240425,17,2,426
20240426,17,2,418
20240427,17,2,413
20240428,17,2,402
20240429,17,2,394
20240430,17,2,392
20240501,17,2,628
20240502,17,2,619
20240503,17,2,619
20240504,17,2,609
20240505,17,2,606
20240506,17,2,600
20240507,17,2,599
20240508,17,2,598
20240509,17,2,589
20240510,17,2,581
20240511,17,2,576
20240512,17,2,576
20240513,17,2,566
20240514,17,2,564
20240515,17,2,564
20240516,17,2,562
20240517,17,2,554
20240518,17,2,551
20240519,17,2,545
20240520,17,2,544
20240521,17,2,536
20240522,17,2,525
20240523,17,2,514
20240524,17,2,504
20240525,17,2,493
20240526,17,2,483
20240527,17,2,474
20240528,17,2,465
20240529,17,2,463
20240530,17,2,461
20240531,17,2,452
20240601,17,2,633
20240602,17,2,625
20240603,17,2,621
20240604,17,2,615
20240605,17,2,611
20240606,17,2,609
20240607,17,2,604
20240608,17,2,597
20240609,17,2,589
20240610,17,2,585
20240611,17,2,583
20240612,17,2,582
20240613,17,2,581
20240614,17,2,575
20240615,17,2,572
20240616,17,2,565
20240617,17,2,558
20240618,17,2,549
20240619,17,2,549
20240620,17,2,539
20240621,17,2,528
20240622,17,2,523
20240623,17,2,517
20240624,17,2,506
20240625,17,2,505
20240626,17,2,494
20240627,17,2,486
20240628,17,2,478
20240629,17,2,475
20240630,17,2,464
20240701,17,2,717
20240702,17,2,707
20240703,17,2,699
20240704,17,2,693
20240705,17,2,689
20240706,17,2,687
20240707,17,2,687
20240708,17,2,682
20240709,17,2,675
20240710,17,2,669
20240711,17,2,664
20240712,17,2,660
20240713,17,2,656
20240714,17,2,647
20240715,17,2,636
20240716,17,2,633
20240717,17,2,626
20240718,17,2,616
20240719,17,2,612
20240720,17,2,607
20240721,17,2,601
20240722,17,2,594
20240723,17,2,583
20240724,17,2,583
20240725,17,2,574
20240726,17,2,572
20240727,17,2,568
20240728,17,2,563
20240729,17,2,557
20240730,17,2,549
20240731,17,2,547
20240801,17,2,832
20240802,17,2,832
20240803,17,2,826
20240804,17,2,815
20240805,17,2,815
20240806,17,2,812
20240807,17,2,807
20240808,17,2,796
20240809,17,2,790
20240810,17,2,790
20240811,17,2,783
20240812,17,2,777
20240813,17,2,770
20240814,17,2,761
20240815,17,2,760
20240816,17,2,756
20240817,17,2,755
20240818,17,2,744
20240819,17,2,733
20240820,17,2,722
20240821,17,2,719
20240822,17,2,716
20240823,17,2,711
20240824,17,2,711
20240825,17,2,701
20240826,17,2,699
20240827,17,2,691
20240828,17,2,691
20240829,17,2,690
20240830,17,2,682
20240831,17,2,682
20240901,17,2,851
20240902,17,2,846
20240903,17,2,844
20240904,17,2,842
20240905,17,2,840
20240906,17,2,830
20240907,17,2,821
20240908,17,2,818
20240909,17,2,811
20240910,17,2,803
20240911,17,2,801
20240912,17,2,794
20240913,17,2,794
20240914,17,2,790
20240915,17,2,783
20240916,17,2,774
20240917,17,2,770
20240918,17,2,769
20240919,17,2,761
20240920,17,2,753
20240921,17,2,752
20240922,17,2,750
20240923,17,2,747
20240924,17,2,747
20240925,17,2,738
20240926,17,2,727
20240927,17,2,717
20240928,17,2,715
20240929,17,2,712
20240930,17,2,709
20241001,17,2,928
20241002,17,2,926
20241003,17,2,918
20241004,17,2,911
20241005,17,2,902
20241006,17,2,897
20241007,17,2,897
20241008,17,2,886
20241009,17,2,880
20241010,17,2,870
20241011,17,2,860
20241012,17,2,859
20241013,17,2,850
20241014,17,2,843
20241015,17,2,834
20241016,17,2,826
20241017,17,2,826
20241018,17,2,825
20241019,17,2,822
20241020,17,2,820
20241021,17,2,814
20241022,17,2,803
20241023,17,2,797
20241024,17,2,793
20241025,17,2,784
20241026,17,2,779
20241027,17,2,768
20241028,17,2,763
20241029,17,2,755
20241030,17,2,755
20241031,17,2,750
20241101,17,2,957
20241102,17,2,948
20241103,17,2,948
20241104,17,2,945
20241105,17,2,940
20241106,17,2,933
20241107,17,2,932
20241108,17,2,924
20241109,17,2,916
20241110,17,2,910
20241111,17,2,901
20241112,17,2,895
20241113,17,2,884
20241114,17,2,884
20241115,17,2,879
20241116,17,2,871
20241117,17,2,870
20241118,17,2,862
20241119,17,2,861
20241120,17,2,854
20241121,17,2,844
20241122,17,2,842
20241123,17,2,840
20241124,17,2,833
20241125,17,2,829
20241126,17,2,820
20241127,17,2,819
20241128,17,2,810
20241129,17,2,801
20241130,17,2,793
20241201,17,2,980
20241202,17,2,976
20241203,17,2,971
20241204,17,2,963
20241205,17,2,952
20241206,17,2,945
20241207,17,2,934
20241208,17,2,927
20241209,17,2,917
20241210,17,2,917
20241211,17,2,915
20241212,17,2,913
20241213,17,2,910
20241214,17,2,907
20241215,17,2,899
20241216,17,2,888
20241217,17,2,886
20241218,17,2,884
20241219,17,2,873
20241220,17,2,869
20241221,17,2,861
20241222,17,2,859
20241223,17,2,849
20241224,17,2,844
20241225,17,2,834
20241226,17,2,834
20241227,17,2,828
20241228,17,2,819
20241229,17,2,818
20241230,17,2,808
20241231,17,2,799
20250101,17,2,1012
20250102,17,2,1002
20250103,17,2,1000
20250104,17,2,1000
20250105,17,2,998
20250106,17,2,993
20250107,17,2,985
20250108,17,2,983
20250109,17,2,980
20250110,17,2,976
20250111,17,2,970
20250112,17,2,965
20250113,17,2,960
20250114,17,2,952
20250115,17,2,944
20250116,17,2,935
20250117,17,2,924
20250118,17,2,913
20250119,17,2,903
20250120,17,2,900
20250121,17,2,892
20250122,17,2,884
20250123,17,2,876
20250124,17,2,866
20250125,17,2,857
20250126,17,2,853
20250127,17,2,851
20250128,17,2,845
20250129,17,2,838
20250130,17,2,830
20250131,17,2,830
20250201,17,2,983
20250202,17,2,976
20250203,17,2,968
20250204,17,2,962
20250205,17,2,953
20250206,17,2,950
20250207,17,2,944
20250208,17,2,933
20250209,17,2,922
20250210,17,2,922
20250211,17,2,921
20250212,17,2,910
20250213,17,2,904
20250214,17,2,897
20250215,17,2,897
20250216,17,2,897
20250217,17,2,889
20250218,17,2,887
20250219,17,2,878
20250220,17,2,869
20250221,17,2,858
20250222,17,2,856
20250223,17,2,852
20250224,17,2,852
20250225,17,2,846
20250226,17,2,840
20250227,17,2,839
20250228,17,2,828
20250301,17,2,1060
20250302,17,2,1051
20250303,17,2,1046
20250304,17,2,1038
20250305,17,2,1029
20250306,17,2,1020
20250307,17,2,1013
20250308,17,2,1010
20250309,17,2,1007
20250310,17,2,996
20250311,17,2,990
20250312,17,2,984
20250313,17,2,979
20250314,17,2,973
20250315,17,2,973
20250316,17,2,966
20250317,17,2,965
20250318,17,2,959
20250319,17,2,952
20250320,17,2,941
20250321,17,2,940
20250322,17,2,930
20250323,17,2,921
20250324,17,2,912
20250325,17,2,907
20250326,17,2,897
20250327,17,2,896
20250328,17,2,891
20250329,17,2,880
20250330,17,2,873
20250331,17,2,863
20250401,17,2,1091
20250402,17,2,1083
20250403,17,2,1075
20250404,17,2,1070
20250405,17,2,1063
20250406,17,2,1059
20250407,17,2,1059
20250408,17,2,1058
20250409,17,2,1051
20250410,17,2,1044
20250411,17,2,1042
20250412,17,2,1037
20250413,17,2,1026
20250414,17,2,1017
20250415,17,2,1013
20250416,17,2,1007
20250417,17,2,999
20250418,17,2,991
20250419,17,2,990
20250420,17,2,987
20250421,17,2,982
20250422,17,2,972
20250423,17,2,971
20250424,17,2,963
20250425,17,2,959
20250426,17,2,955
20250427,17,2,949
20250428,17,2,947
20250429,17,2,940
20250430,17,2,935
20250501,17,2,1143
20250502,17,2,1142
20250503,17,2,1140
20250504,17,2,1133
20250505,17,2,1129
20250506,17,2,1129
20250507,17,2,1119
20250508,17,2,1110
20250509,17,2,1102
20250510,17,2,1094
20250511,17,2,1087
20250512,17,2,1078
20250513,17,2,1067
20250514,17,2,1056
20250515,17,2,1053
20250516,17,2,1050
20250517,17,2,1048
20250518,17,2,1042
20250519,17,2,1038
20250520,17,2,1031
20250521,17,2,1024
20250522,17,2,1017
20250523,17,2,1017
20250524,17,2,1010
20250525,17,2,1009
20250526,17,2,998
20250527,17,2,998
20250528,17,2,993
20250529,17,2,989
20250530,17,2,979
20250531,17,2,979
20250601,17,2,1214
20250602,17,2,1205
20250603,17,2,1202
20250604,17,2,1199
20250605,17,2,1197
20250606,17,2,1194
20250607,17,2,1189
20250608,17,2,1178
20250609,17,2,1168
20250610,17,2,1159
20250611,17,2,1155
20250612,17,2,1149
20250613,17,2,1143
20250614,17,2,1138
20250615,17,2,1136
20250616,17,2,1133
20250617,17,2,1127
20250618,17,2,1125
20250619,17,2,1125
20250620,17,2,1123
20250621,17,2,1113
20250622,17,2,1102
20250623,17,2,1102
20250624,17,2,1099
20250625,17,2,1090
20250626,17,2,1085
20250627,17,2,1083
20250628,17,2,1075
20250629,17,2,1068
20250630,17,2,1061
20250701,17,2,1259
20250702,17,2,1257
20250703,17,2,1253
20250704,17,2,1243
20250705,17,2,1240
20250706,17,2,1239
20250707,17,2,1233
20250708,17,2,1225
20250709,17,2,1218
20250710,17,2,1215
20250711,17,2,1204
20250712,17,2,1196
20250713,17,2,1189
20250714,17,2,1181
20250715,17,2,1172
20250716,17,2,1166
20250717,17,2,1155
20250718,17,2,1152
20250719,17,2,1152
20250720,17,2,1145
20250721,17,2,1142
20250722,17,2,1133
20250723,17,2,1133
20250724,17,2,1124
20250725,17,2,1114
20250726,17,2,1103
20250727,17,2,1099
20250728,17,2,1090
20250729,17,2,1084
20250730,17,2,1084
20250731,17,2,1079
20250801,17,2,1327
20250802,17,2,1323
20250803,17,2,1319
20250804,17,2,1312
20250805,17,2,1312
20250806,17,2,1302
20250807,17,2,1298
20250808,17,2,1291
20250809,17,2,1286
20250810,17,2,1282
20250811,17,2,1278
20250812,17,2,1269
20250813,17,2,1266
20250814,17,2,1255
20250815,17,2,1254
20250816,17,2,1249
20250817,17,2,1249
20250818,17,2,1245
20250819,17,2,1235
20250820,17,2,1229
20250821,17,2,1229
20250822,17,2,1221
20250823,17,2,1217
20250824,17,2,1216
20250825,17,2,1216
20250826,17,2,1211
20250827,17,2,1210
20250828,17,2,1203
20250829,17,2,1196
20250830,17,2,1186
20250831,17,2,1175
20250901,17,2,1460
20250902,17,2,1457
20250903,17,2,1449
20250904,17,2,1444
20250905,17,2,1435
20250906,17,2,1426
20250907,17,2,1419
20250908,17,2,1414
20250909,17,2,1404
20250910,17,2,1398
20250911,17,2,1396
20250912,17,2,1395
20250913,17,2,1395
20250914,17,2,1394
20250915,17,2,1389
20250916,17,2,1382
20250917,17,2,1376
20250918,17,2,1372
20250919,17,2,1368
20250920,17,2,1362
20250921,17,2,1351
20250922,17,2,1343
20250923,17,2,1342
20250924,17,2,1339
20250925,17,2,1328
20250926,17,2,1318
20250927,17,2,1313
20250928,17,2,1310
20250929,17,2,1301
20250930,17,2,1292
20251001,17,2,1497
20251002,17,2,1491
20251003,17,2,1484
20251004,17,2,1476
20251005,17,2,1466
20251006,17,2,1461
20251007,17,2,1451
20251008,17,2,1441
20251009,17,2,1441
20251010,17,2,1435
20251011,17,2,1434
20251012,17,2,1434
20251013,17,2,1434
20251014,17,2,1425
20251015,17,2,1415
20251016,17,2,1410
20251017,17,2,1399
20251018,17,2,1391
20251019,17,2,1391
20251020,17,2,1388
20251021,17,2,1381
20251022,17,2,1373
20251023,17,2,1365
20251024,17,2,1357
20251025,17,2,1350
20251026,17,2,1339
20251027,17,2,1332
20251028,17,2,1328
20251029,17,2,1326
20251030,17,2,1324
20251031,17,2,1319
20251101,17,2,1540
20251102,17,2,1532
20251103,17,2,1528
20251104,17,2,1523
20251105,17,2,1515
20251106,17,2,1505
20251107,17,2,1499
20251108,17,2,1488
20251109,17,2,1480
20251110,17,2,1469
20251111,17,2,1465
20251112,17,2,1464
20251113,17,2,1462
20251114,17,2,1460
20251115,17,2,1456
20251116,17,2,1453
20251117,17,2,1447
20251118,17,2,1436
20251119,17,2,1435
20251120,17,2,1426
20251121,17,2,1420
20251122,17,2,1419
20251123,17,2,1410
20251124,17,2,1405
20251125,17,2,1398
20251126,17,2,1387
20251127,17,2,1386
20251128,17,2,1384
20251129,17,2,1382
20251130,17,2,1376
20251201,17,2,1664
20251202,17,2,1657
20251203,17,2,1657
20251204,17,2,1653
20251205,17,2,1648
20251206,17,2,1643
20251207,17,2,1632
20251208,17,2,1628
20251209,17,2,1628
20251210,17,2,1623
20251211,17,2,1616
20251212,17,2,1612
20251213,17,2,1602
20251214,17,2,1593
20251215,17,2,1588
20251216,17,2,1578
20251217,17,2,1575
20251218,17,2,1564
20251219,17,2,1556
20251220,17,2,1555
20251221,17,2,1551
20251222,17,2,1544
20251223,17,2,1540
20251224,17,2,1531
20251225,17,2,1528
20251226,17,2,1518
20251227,17,2,1507
20251228,17,2,1506
20251229,17,2,1498
20251230,17,2,1490
20251231,17,2,1489
20260101,17,2,1734
20260102,17,2,1725
20260103,17,2,1715
20260104,17,2,1715
20260105,17,2,1706
20260106,17,2,1695
20260107,17,2,1691
20260108,17,2,1680
20260109,17,2,1672
20260110,17,2,1666
20260111,17,2,1665
20260112,17,2,1660
20260113,17,2,1659
20260114,17,2,1656
20260115,17,2,1646
20260116,17,2,1645
20260117,17,2,1639
20260118,17,2,1628
20260119,17,2,1627
20260120,17,2,1625
20260121,17,2,1620
20260122,17,2,1615
20260123,17,2,1610
20260124,17,2,1608
20260125,17,2,1597
20260126,17,2,1596
20260127,17,2,1596
20260128,17,2,1594
20260129,17,2,1586
20260130,17,2,1585
20260131,17,2,1576
20260201,17,2,1776
20260202,17,2,1774
20260203,17,2,1765
20260204,17,2,1765
20260205,17,2,1757
20260206,17,2,1757
20260207,17,2,1752
20260208,17,2,1744
20260209,17,2,1744
20260210,17,2,1733
20260211,17,2,1722
20260212,17,2,1714
20260213,17,2,1712
20260214,17,2,1704
20260215,17,2,1701
20260216,17,2,1694
20260217,17,2,1693
20260218,17,2,1686
20260219,17,2,1683
20260220,17,2,1676
20260221,17,2,1673
20260222,17,2,1670
20260223,17,2,1666
20260224,17,2,1656
20260225,17,2,1652
20260226,17,2,1644
20260227,17,2,1636
20260228,17,2,1629
20260301,17,2,1924
20260302,17,2,1918
20260303,17,2,1907
20260304,17,2,1896
20260305,17,2,1891
20260306,17,2,1891
20260307,17,2,1887
20260308,17,2,1883
20260309,17,2,1879
20260310,17,2,1879
20260311,17,2,1868
20260312,17,2,1861
20260313,17,2,1857
20260314,17,2,1846
20260315,17,2,1836
20260316,17,2,1834
20260317,17,2,1832
20260318,17,2,1824
20260319,17,2,1814
20260320,17,2,1805
20260321,17,2,1796
20260322,17,2,1795
20260323,17,2,1793
20260324,17,2,1788
20260325,17,2,1781
20260326,17,2,1780
20260327,17,2,1780
20260328,17,2,1776
20260329,17,2,1768
20260330,17,2,1759
20260331,17,2,1750
20240401,30,3,469
20240402,30,3,468
20240403,30,3,459
20240404,30,3,459
20240405,30,3,456
20240406,30,3,454
20240407,30,3,449
20240408,30,3,448
20240409,30,3,441
20240410,30,3,436
20240411,30,3,429
20240412,30,3,421
20240413,30,3,415
20240414,30,3,409
20240415,30,3,405
20240416,30,3,398
20240417,30,3,387
20240418,30,3,386
20240419,30,3,385
20240420,30,3,376
20240421,30,3,369
20240422,30,3,363
20240423,30,3,363
20240424,30,3,358
20240425,30,3,352
20240426,30,3,343
20240427,30,3,341
20240428,30,3,334
20240429,30,3,333
20240430,30,3,324
20240501,30,3,475
20240502,30,3,464
20240503,30,3,460
20240504,30,3,459
20240505,30,3,452
20240506,30,3,448
20240507,30,3,441
20240508,30,3,436
20240509,30,3,432
20240510,30,3,432
20240511,30,3,428
20240512,30,3,417
20240513,30,3,406
20240514,30,3,406
20240515,30,3,404
20240516,30,3,394
20240517,30,3,385
20240518,30,3,385
20240519,30,3,380
20240520,30,3,376
20240521,30,3,365
20240522,30,3,356
20240523,30,3,347
20240524,30,3,347
20240525,30,3,339
20240526,30,3,330
20240527,30,3,326
20240528,30,3,321
20240529,30,3,318
20240530,30,3,313
20240531,30,3,309
20240601,30,3,475
20240602,30,3,473
20240603,30,3,471
20240604,30,3,462
20240605,30,3,461
20240606,30,3,461
20240607,30,3,454
20240608,30,3,451
20240609,30,3,443
20240610,30,3,440
20240611,30,3,439
20240612,30,3,436
20240613,30,3,432
20240614,30,3,429
20240615,30,3,422
20240616,30,3,421
20240617,30,3,414
20240618,30,3,412
20240619,30,3,405
20240620,30,3,399
20240621,30,3,398
20240622,30,3,392
20240623,30,3,381
20240624,30,3,370
20240625,30,3,361
20240626,30,3,355
20240627,30,3,346
20240628,30,3,341
20240629,30,3,338
20240630,30,3,337
20240701,30,3,551
20240702,30,3,541
20240703,30,3,536
20240704,30,3,528
20240705,30,3,519
20240706,30,3,517
20240707,30,3,515
20240708,30,3,509
20240709,30,3,502
20240710,30,3,502
20240711,30,3,494
20240712,30,3,489
20240713,30,3,485
20240714,30,3,480
20240715,30,3,475
20240716,30,3,467
20240717,30,3,467
20240718,30,3,457
20240719,30,3,454
20240720,30,3,444
20240721,30,3,443
20240722,30,3,439
20240723,30,3,435
20240724,30,3,433
20240725,30,3,432
20240726,30,3,432
20240727,30,3,423
20240728,30,3,422
20240729,30,3,414
20240730,30,3,414
20240731,30,3,404
20240801,30,3,580
20240802,30,3,575
20240803,30,3,569
20240804,30,3,564
20240805,30,3,556
20240806,30,3,554
20240807,30,3,549
20240808,30,3,547
20240809,30,3,538
20240810,30,3,528
20240811,30,3,522
20240812,30,3,515
20240813,30,3,507
20240814,30,3,503
20240815,30,3,500
20240816,30,3,489
20240817,30,3,481
20240818,30,3,481
20240819,30,3,475
20240820,30,3,470
20240821,30,3,468
20240822,30,3,459
20240823,30,3,451
20240824,30,3,446
20240825,30,3,442
20240826,30,3,440
20240827,30,3,433
20240828,30,3,423
20240829,30,3,416
20240830,30,3,416
20240831,30,3,408
20240901,30,3,615
20240902,30,3,611
20240903,30,3,606
20240904,30,3,601
20240905,30,3,594
20240906,30,3,584
20240907,30,3,574
20240908,30,3,572
20240909,30,3,572
20240910,30,3,563
20240911,30,3,554
20240912,30,3,551
20240913,30,3,550
20240914,30,3,549
20240915,30,3,544
20240916,30,3,541
20240917,30,3,540
20240918,30,3,531
20240919,30,3,522
20240920,30,3,516
20240921,30,3,516
20240922,30,3,515
20240923,30,3,507
20240924,30,3,503
20240925,30,3,499
20240926,30,3,490
20240927,30,3,487
20240928,30,3,476
20240929,30,3,465
20240930,30,3,458
20241001,30,3,640
20241002,30,3,638
20241003,30,3,628
20241004,30,3,623
20241005,30,3,613
20241006,30,3,610
20241007,30,3,602
20241008,30,3,594
20241009,30,3,590
20241010,30,3,590
20241011,30,3,587
20241012,30,3,579
20241013,30,3,570
20241014,30,3,565
20241015,30,3,555
20241016,30,3,546
20241017,30,3,545
20241018,30,3,541
20241019,30,3,535
20241020,30,3,535
20241021,30,3,532
20241022,30,3,523
20241023,30,3,513
20241024,30,3,512
20241025,30,3,505
20241026,30,3,500
20241027,30,3,490
20241028,30,3,481
20241029,30,3,470
20241030,30,3,459
20241031,30,3,451
20241101,30,3,635
20241102,30,3,625
20241103,30,3,617
20241104,30,3,608
20241105,30,3,605
20241106,30,3,594
20241107,30,3,592
20241108,30,3,583
20241109,30,3,579
20241110,30,3,578
20241111,30,3,569
20241112,30,3,558
20241113,30,3,547
20241114,30,3,547
20241115,30,3,542
20241116,30,3,538
20241117,30,3,534
20241118,30,3,530
20241119,30,3,530
20241120,30,3,525
20241121,30,3,525
20241122,30,3,523
20241123,30,3,515
20241124,30,3,514
20241125,30,3,506
20241126,30,3,496
20241127,30,3,485
20241128,30,3,478
20241129,30,3,468
20241130,30,3,463
20241201,30,3,739
20241202,30,3,728
20241203,30,3,718
20241204,30,3,710
20241205,30,3,708
20241206,30,3,708
20241207,30,3,705
20241208,30,3,702
20241209,30,3,691
20241210,30,3,691
20241211,30,3,685
20241212,30,3,674
20241213,30,3,671
20241214,30,3,665
20241215,30,3,664
20241216,30,3,659
20241217,30,3,648
20241218,30,3,640
20241219,30,3,634
20241220,30,3,623
20241221,30,3,613
20241222,30,3,610
20241223,30,3,603
20241224,30,3,596
20241225,30,3,591
20241226,30,3,589
20241227,30,3,579
20241228,30,3,578
20241229,30,3,574
20241230,30,3,572
20241231,30,3,563
20250101,30,3,722
20250102,30,3,712
20250103,30,3,702
20250104,30,3,700
20250105,30,3,694
20250106,30,3,689
20250107,30,3,686
20250108,30,3,677
20250109,30,3,669
20250110,30,3,669
20250111,30,3,659
20250112,30,3,655
20250113,30,3,645
20250114,30,3,636
20250115,30,3,631
20250116,30,3,623
20250117,30,3,618
20250118,30,3,609
20250119,30,3,608
20250120,30,3,601
20250121,30,3,601
20250122,30,3,593
20250123,30,3,582
20250124,30,3,573
20250125,30,3,565
20250126,30,3,556
20250127,30,3,550
20250128,30,3,543
20250129,30,3,536
20250130,30,3,531
20250131,30,3,531
20250201,30,3,688
20250202,30,3,685
20250203,30,3,674
20250204,30,3,663
20250205,30,3,658
20250206,30,3,650
20250207,30,3,644
20250208,30,3,642
20250209,30,3,638
20250210,30,3,634
20250211,30,3,633
20250212,30,3,633
20250213,30,3,630
20250214,30,3,620
20250215,30,3,619
20250216,30,3,613
20250217,30,3,607
20250218,30,3,600
20250219,30,3,589
20250220,30,3,585
20250221,30,3,581
20250222,30,3,575
20250223,30,3,565
20250224,30,3,558
20250225,30,3,558
20250226,30,3,553
20250227,30,3,547
20250228,30,3,537
20250301,30,3,777
20250302,30,3,774
20250303,30,3,766
20250304,30,3,765
20250305,30,3,763
20250306,30,3,761
20250307,30,3,756
20250308,30,3,756
20250309,30,3,750
20250310,30,3,740
20250311,30,3,736
20250312,30,3,736
20250313,30,3,733
20250314,30,3,733
20250315,30,3,726
20250316,30,3,717
20250317,30,3,714
20250318,30,3,711
20250319,30,3,708
20250320,30,3,704
20250321,30,3,696
20250322,30,3,693
20250323,30,3,689
20250324,30,3,679
20250325,30,3,670
20250326,30,3,659
20250327,30,3,655
20250328,30,3,644
20250329,30,3,641
20250330,30,3,638
20250331,30,3,627
20250401,30,3,798
20250402,30,3,789
20250403,30,3,778
20250404,30,3,768
20250405,30,3,759
20250406,30,3,755
20250407,30,3,749
20250408,30,3,743
20250409,30,3,740
20250410,30,3,736
20250411,30,3,726
20250412,30,3,726
20250413,30,3,726
20250414,30,3,722
20250415,30,3,713
20250416,30,3,703
20250417,30,3,695
20250418,30,3,685
20250419,30,3,684
20250420,30,3,683
20250421,30,3,677
20250422,30,3,674
20250423,30,3,664
20250424,30,3,664
20250425,30,3,660
20250426,30,3,657
20250427,30,3,650
20250428,30,3,647
20250429,30,3,636
20250430,30,3,636
20250501,30,3,786
20250502,30,3,780
20250503,30,3,770
20250504,30,3,765
20250505,30,3,754
20250506,30,3,749
20250507,30,3,741
20250508,30,3,730
20250509,30,3,721
20250510,30,3,718
20250511,30,3,709
20250512,30,3,705
20250513,30,3,697
20250514,30,3,690
20250515,30,3,688
20250516,30,3,685
20250517,30,3,683
20250518,30,3,683
20250519,30,3,677
20250520,30,3,675
20250521,30,3,667
20250522,30,3,665
20250523,30,3,665
20250524,30,3,664
20250525,30,3,658
20250526,30,3,657
20250527,30,3,647
20250528,30,3,639
20250529,30,3,638
20250530,30,3,628
20250531,30,3,625
20250601,30,3,898
20250602,30,3,895
20250603,30,3,892
20250604,30,3,891
20250605,30,3,891
20250606,30,3,885
20250607,30,3,877
20250608,30,3,871
20250609,30,3,860
20250610,30,3,859
20250611,30,3,857
20250612,30,3,847
20250613,30,3,845
20250614,30,3,841
20250615,30,3,836
20250616,30,3,834
20250617,30,3,828
20250618,30,3,819
20250619,30,3,810
20250620,30,3,805
20250621,30,3,794
20250622,30,3,791
20250623,30,3,782
20250624,30,3,772
20250625,30,3,769
20250626,30,3,769
20250627,30,3,760
20250628,30,3,759
20250629,30,3,752
20250630,30,3,747
20250701,30,3,962
20250702,30,3,955
20250703,30,3,948
20250704,30,3,943
20250705,30,3,935
20250706,30,3,928
20250707,30,3,922
20250708,30,3,914
20250709,30,3,913
20250710,30,3,913
20250711,30,3,913
20250712,30,3,906
20250713,30,3,897
20250714,30,3,896
20250715,30,3,896
20250716,30,3,892
20250717,30,3,883
20250718,30,3,878
20250719,30,3,870
20250720,30,3,859
20250721,30,3,853
20250722,30,3,850
20250723,30,3,850
20250724,30,3,841
20250725,30,3,833
20250726,30,3,829
20250727,30,3,822
20250728,30,3,820
20250729,30,3,812
20250730,30,3,807
20250731,30,3,805
20250801,30,3,968
20250802,30,3,959
20250803,30,3,959
20250804,30,3,954
20250805,30,3,953
20250806,30,3,945
20250807,30,3,941
20250808,30,3,932
20250809,30,3,931
20250810,30,3,927
20250811,30,3,923
20250812,30,3,918
20250813,30,3,915
20250814,30,3,912
20250815,30,3,901
20250816,30,3,893
20250817,30,3,888
20250818,30,3,879
20250819,30,3,879
20250820,30,3,873
20250821,30,3,865
20250822,30,3,865
20250823,30,3,857
20250824,30,3,849
20250825,30,3,843
20250826,30,3,835
20250827,30,3,824
20250828,30,3,820
20250829,30,3,818
20250830,30,3,814
20250831,30,3,803
20250901,30,3,1016
20250902,30,3,1007
20250903,30,3,1006
20250904,30,3,998
20250905,30,3,988
20250906,30,3,982
20250907,30,3,979
20250908,30,3,970
20250909,30,3,970
20250910,30,3,960
20250911,30,3,960
20250912,30,3,960
20250913,30,3,954
20250914,30,3,954
20250915,30,3,946
20250916,30,3,941
20250917,30,3,933
20250918,30,3,924
20250919,30,3,915
20250920,30,3,914
20250921,30,3,904
20250922,30,3,894
20250923,30,3,888
20250924,30,3,887
20250925,30,3,879
20250926,30,3,871
20250927,30,3,870
20250928,30,3,861
20250929,30,3,853
20250930,30,3,853
20251001,30,3,1084
20251002,30,3,1073
20251003,30,3,1063
20251004,30,3,1053
20251005,30,3,1052
20251006,30,3,1052
20251007,30,3,1050
20251008,30,3,1040
20251009,30,3,1030
20251010,30,3,1030
20251011,30,3,1019
20251012,30,3,1017
20251013,30,3,1012
20251014,30,3,1005
20251015,30,3,1004
20251016,30,3,1000
20251017,30,3,997
20251018,30,3,993
20251019,30,3,989
20251020,30,3,984
20251021,30,3,977
20251022,30,3,976
20251023,30,3,968
20251024,30,3,967
20251025,30,3,960
20251026,30,3,958
20251027,30,3,948
20251028,30,3,945
20251029,30,3,945
20251030,30,3,944
20251031,30,3,940
20251101,30,3,1230
20251102,30,3,1225
20251103,30,3,1216
20251104,30,3,1214
20251105,30,3,1206
20251106,30,3,1202
20251107,30,3,1192
20251108,30,3,1184
20251109,30,3,1181
20251110,30,3,1176
20251111,30,3,1166
20251112,30,3,1162
20251113,30,3,1156
20251114,30,3,1146
20251115,30,3,1145
20251116,30,3,1135
20251117,30,3,1126
20251118,30,3,1120
20251119,30,3,1118
20251120,30,3,1117
20251121,30,3,1108
20251122,30,3,1104
20251123,30,3,1098
20251124,30,3,1097
20251125,30,3,1091
20251126,30,3,1091
20251127,30,3,1085
20251128,30,3,1075
20251129,30,3,1064
20251130,30,3,1054
20251201,30,3,1283
20251202,30,3,1283
20251203,30,3,1275
20251204,30,3,1264
20251205,30,3,1263
20251206,30,3,1260
20251207,30,3,1249
20251208,30,3,1244
20251209,30,3,1236
20251210,30,3,1227
20251211,30,3,1216
20251212,30,3,1215
20251213,30,3,1211
20251214,30,3,1209
20251215,30,3,1200
20251216,30,3,1190
20251217,30,3,1180
20251218,30,3,1179
20251219,30,3,1171
20251220,30,3,1165
20251221,30,3,1157
20251222,30,3,1155
20251223,30,3,1154
20251224,30,3,1150
20251225,30,3,1146
20251226,30,3,1137
20251227,30,3,1135
20251228,30,3,1124
20251229,30,3,1124
20251230,30,3,1118
20251231,30,3,1112
20260101,30,3,1315
20260102,30,3,1315
20260103,30,3,1312
20260104,30,3,1308
20260105,30,3,1306
20260106,30,3,1297
20260107,30,3,1286
20260108,30,3,1277
20260109,30,3,1268
20260110,30,3,1264
20260111,30,3,1254
20260112,30,3,1252
20260113,30,3,1245
20260114,30,3,1239
20260115,30,3,1234
20260116,30,3,1225
20260117,30,3,1221
20260118,30,3,1215
20260119,30,3,1210
20260120,30,3,1204
20260121,30,3,1200
20260122,30,3,1192
20260123,30,3,1185
20260124,30,3,1184
20260125,30,3,1179
20260126,30,3,1172
20260127,30,3,1171
20260128,30,3,1171
20260129,30,3,1165
20260130,30,3,1164
20260131,30,3,1158
20260201,30,3,1305
20260202,30,3,1298
20260203,30,3,1291
20260204,30,3,1280
20260205,30,3,1273
20260206,30,3,1272
20260207,30,3,1262
20260208,30,3,1257
20260209,30,3,1249
20260210,30,3,1239
20260211,30,3,1234
20260212,30,3,1224
20260213,30,3,1213
20260214,30,3,1208
20260215,30,3,1208
20260216,30,3,1200
20260217,30,3,1191
20260218,30,3,1191
20260219,30,3,1180
20260220,30,3,1171
20260221,30,3,1169
20260222,30,3,1161
20260223,30,3,1153
20260224,30,3,1147
20260225,30,3,1141
20260226,30,3,1140
20260227,30,3,1129
20260228,30,3,1126
20260301,30,3,1317
20260302,30,3,1315
20260303,30,3,1315
20260304,30,3,1306
20260305,30,3,1296
20260306,30,3,1296
20260307,30,3,1294
20260308,30,3,1289
20260309,30,3,1287
20260310,30,3,1285
20260311,30,3,1277
20260312,30,3,1267
20260313,30,3,1264
20260314,30,3,1258
20260315,30,3,1254
20260316,30,3,1250
20260317,30,3,1250
20260318,30,3,1242
20260319,30,3,1231
20260320,30,3,1222
20260321,30,3,1211
20260322,30,3,1202
20260323,30,3,1198
20260324,30,3,1189
20260325,30,3,1187
20260326,30,3,1183
20260327,30,3,1175
20260328,30,3,1172
20260329,30,3,1163
20260330,30,3,1161
20260331,30,3,1160
20240401,17,3,637
20240402,17,3,635
20240403,17,3,627
20240404,17,3,625
20240405,17,3,620
20240406,17,3,615
20240407,17,3,605
20240408,17,3,601
20240409,17,3,597
20240410,17,3,592
20240411,17,3,581
20240412,17,3,577
20240413,17,3,571
20240414,17,3,571
20240415,17,3,564
20240416,17,3,564
20240417,17,3,564
20240418,17,3,561
20240419,17,3,559
20240420,17,3,553
20240421,17,3,551
20240422,17,3,549
20240423,17,3,539
20240424,17,3,532
20240425,17,3,532
20240426,17,3,523
20240427,17,3,515
20240428,17,3,505
20240429,17,3,499
20240430,17,3,488
20240501,17,3,775
20240502,17,3,775
20240503,17,3,764
20240504,17,3,757
20240505,17,3,747
20240506,17,3,747
20240507,17,3,744
20240508,17,3,744
20240509,17,3,740
20240510,17,3,731
20240511,17,3,729
20240512,17,3,725
20240513,17,3,715
20240514,17,3,712
20240515,17,3,706
20240516,17,3,701
20240517,17,3,699
20240518,17,3,688
20240519,17,3,679
20240520,17,3,675
20240521,17,3,665
20240522,17,3,660
20240523,17,3,653
20240524,17,3,650
20240525,17,3,646
20240526,17,3,635
20240527,17,3,633
20240528,17,3,629
20240529,17,3,620
20240530,17,3,617
20240531,17,3,608
20240601,17,3,810
20240602,17,3,799
20240603,17,3,791
20240604,17,3,780
20240605,17,3,778
20240606,17,3,768
20240607,17,3,762
20240608,17,3,753
20240609,17,3,750
20240610,17,3,742
20240611,17,3,731
20240612,17,3,726
20240613,17,3,721
20240614,17,3,715
20240615,17,3,713
20240616,17,3,707
20240617,17,3,705
20240618,17,3,697
20240619,17,3,686
20240620,17,3,677
20240621,17,3,666
20240622,17,3,661
20240623,17,3,652
20240624,17,3,646
20240625,17,3,641
20240626,17,3,634
20240627,17,3,627
20240628,17,3,627
20240629,17,3,619
20240630,17,3,613
20240701,17,3,780
20240702,17,3,779
20240703,17,3,770
20240704,17,3,766
20240705,17,3,761
20240706,17,3,757
20240707,17,3,749
20240708,17,3,744
20240709,17,3,733
20240710,17,3,730
20240711,17,3,719
20240712,17,3,712
20240713,17,3,705
20240714,17,3,696
20240715,17,3,686
20240716,17,3,676
20240717,17,3,666
20240718,17,3,662
20240719,17,3,653
20240720,17,3,650
20240721,17,3,645
20240722,17,3,644
20240723,17,3,639
20240724,17,3,633
20240725,17,3,623
20240726,17,3,623
20240727,17,3,616
20240728,17,3,606
20240729,17,3,597
20240730,17,3,592
20240731,17,3,588
20240801,17,3,821
20240802,17,3,817
20240803,17,3,811
20240804,17,3,811
20240805,17,3,808
20240806,17,3,799
20240807,17,3,795
20240808,17,3,790
20240809,17,3,779
20240810,17,3,775
20240811,17,3,770
20240812,17,3,761
20240813,17,3,751
20240814,17,3,747
20240815,17,3,745
20240816,17,3,738
20240817,17,3,737
20240818,17,3,729
20240819,17,3,724
20240820,17,3,713
20240821,17,3,710
20240822,17,3,701
20240823,17,3,701
20240824,17,3,701
20240825,17,3,696
20240826,17,3,689
20240827,17,3,687
20240828,17,3,680
20240829,17,3,673
20240830,17,3,672
20240831,17,3,662
20240901,17,3,921
20240902,17,3,917
20240903,17,3,914
20240904,17,3,907
20240905,17,3,899
20240906,17,3,896
20240907,17,3,890
20240908,17,3,888
20240909,17,3,884
20240910,17,3,880
20240911,17,3,876
20240912,17,3,874
20240913,17,3,874
20240914,17,3,863
20240915,17,3,859
20240916,17,3,851
20240917,17,3,841
20240918,17,3,841
20240919,17,3,837
20240920,17,3,833
20240921,17,3,826
20240922,17,3,816
20240923,17,3,808
20240924,17,3,801
20240925,17,3,799
20240926,17,3,794
20240927,17,3,786
20240928,17,3,780
20240929,17,3,773
20240930,17,3,770
20241001,17,3,986
20241002,17,3,981
20241003,17,3,979
20241004,17,3,972
20241005,17,3,964
20241006,17,3,955
20241007,17,3,953
20241008,17,3,948
20241009,17,3,943
20241010,17,3,933
20241011,17,3,922
20241012,17,3,917
20241013,17,3,913
20241014,17,3,913
20241015,17,3,909
20241016,17,3,909
20241017,17,3,904
20241018,17,3,900
20241019,17,3,898
20241020,17,3,887
20241021,17,3,879
20241022,17,3,872
20241023,17,3,864
20241024,17,3,860
20241025,17,3,857
20241026,17,3,847
20241027,17,3,842
20241028,17,3,834
20241029,17,3,828
20241030,17,3,828
20241031,17,3,818
20241101,17,3,966
20241102,17,3,957
20241103,17,3,951
20241104,17,3,942
20241105,17,3,931
20241106,17,3,923
20241107,17,3,920
20241108,17,3,920
20241109,17,3,912
20241110,17,3,909
20241111,17,3,902
20241112,17,3,896
20241113,17,3,895
20241114,17,3,891
20241115,17,3,880
20241116,17,3,877
20241117,17,3,868
20241118,17,3,860
20241119,17,3,855
20241120,17,3,846
20241121,17,3,840
20241122,17,3,833
20241123,17,3,829
20241124,17,3,818
20241125,17,3,815
20241126,17,3,809
20241127,17,3,799
20241128,17,3,791
20241129,17,3,784
20241130,17,3,784
20241201,17,3,984
20241202,17,3,974
20241203,17,3,964
20241204,17,3,959
20241205,17,3,955
20241206,17,3,953
20241207,17,3,948
20241208,17,3,947
20241209,17,3,946
20241210,17,3,935
20241211,17,3,929
20241212,17,3,925
20241213,17,3,920
20241214,17,3,916
20241215,17,3,906
20241216,17,3,900
20241217,17,3,893
20241218,17,3,887
20241219,17,3,881
20241220,17,3,876
20241221,17,3,867
20241222,17,3,856
20241223,17,3,852
20241224,17,3,849
20241225,17,3,840
20241226,17,3,839
20241227,17,3,834
20241228,17,3,823
20241229,17,3,815
20241230,17,3,813
20241231,17,3,809
20250101,17,3,1094
20250102,17,3,1084
20250103,17,3,1075
20250104,17,3,1066
20250105,17,3,1059
20250106,17,3,1058
20250107,17,3,1055
20250108,17,3,1055
20250109,17,3,1050
20250110,17,3,1048
20250111,17,3,1041
20250112,17,3,1037
20250113,17,3,1026
20250114,17,3,1017
20250115,17,3,1015
20250116,17,3,1011
20250117,17,3,1006
20250118,17,3,1006
20250119,17,3,998
20250120,17,3,998
20250121,17,3,989
20250122,17,3,984
20250123,17,3,979
20250124,17,3,979
20250125,17,3,972
20250126,17,3,963
20250127,17,3,959
20250128,17,3,957
20250129,17,3,946
20250130,17,3,941
20250131,17,3,934
20250201,17,3,1195
20250202,17,3,1189
20250203,17,3,1181
20250204,17,3,1171
20250205,17,3,1163
20250206,17,3,1153
20250207,17,3,1150
20250208,17,3,1148
20250209,17,3,1147
20250210,17,3,1147
20250211,17,3,1142
20250212,17,3,1132
20250213,17,3,1132
20250214,17,3,1125
20250215,17,3,1116
20250216,17,3,1105
20250217,17,3,1096
20250218,17,3,1096
20250219,17,3,1095
20250220,17,3,1084
20250221,17,3,1083
20250222,17,3,1072
20250223,17,3,1061
20250224,17,3,1058
20250225,17,3,1049
20250226,17,3,1049
20250227,17,3,1048
20250228,17,3,1044
20250301,17,3,1223
20250302,17,3,1220
20250303,17,3,1217
20250304,17,3,1213
20250305,17,3,1213
20250306,17,3,1205
20250307,17,3,1195
20250308,17,3,1191
20250309,17,3,1189
20250310,17,3,1179
20250311,17,3,1169
20250312,17,3,1164
20250313,17,3,1161
20250314,17,3,1153
20250315,17,3,1143
20250316,17,3,1143
20250317,17,3,1140
20250318,17,3,1130
20250319,17,3,1129
20250320,17,3,1127
20250321,17,3,1118
20250322,17,3,1109
20250323,17,3,1106
20250324,17,3,1096
20250325,17,3,1093
20250326,17,3,1091
20250327,17,3,1087
20250328,17,3,1080
20250329,17,3,1073
20250330,17,3,1070
20250331,17,3,1063
20250401,17,3,1215
20250402,17,3,1213
20250403,17,3,1202
20250404,17,3,1194
20250405,17,3,1194
20250406,17,3,1194
20250407,17,3,1184
20250408,17,3,1178
20250409,17,3,1170
20250410,17,3,1167
20250411,17,3,1164
20250412,17,3,1163
20250413,17,3,1156
20250414,17,3,1150
20250415,17,3,1144
20250416,17,3,1133
20250417,17,3,1125
20250418,17,3,1114
20250419,17,3,1106
20250420,17,3,1105
20250421,17,3,1099
20250422,17,3,1088
20250423,17,3,1080
20250424,17,3,1079
20250425,17,3,1077
20250426,17,3,1077
20250427,17,3,1069
20250428,17,3,1064
20250429,17,3,1059
20250430,17,3,1048
20250501,17,3,1338
20250502,17,3,1328
20250503,17,3,1317
20250504,17,3,1317
20250505,17,3,1307
20250506,17,3,1298
20250507,17,3,1295
20250508,17,3,1288
20250509,17,3,1288
20250510,17,3,1280
20250511,17,3,1276
20250512,17,3,1273
20250513,17,3,1264
20250514,17,3,1255
20250515,17,3,1251
20250516,17,3,1250
20250517,17,3,1242
20250518,17,3,1232
20250519,17,3,1222
20250520,17,3,1217
20250521,17,3,1211
20250522,17,3,1210
20250523,17,3,1207
20250524,17,3,1199
20250525,17,3,1190
20250526,17,3,1186
20250527,17,3,1175
20250528,17,3,1172
20250529,17,3,1164
20250530,17,3,1156
20250531,17,3,1149
20250601,17,3,1341
20250602,17,3,1339
20250603,17,3,1330
20250604,17,3,1323
20250605,17,3,1319
20250606,17,3,1315
20250607,17,3,1314
20250608,17,3,1314
20250609,17,3,1311
20250610,17,3,1309
20250611,17,3,1301
20250612,17,3,1296
20250613,17,3,1295
20250614,17,3,1289
20250615,17,3,1282
20250616,17,3,1277
20250617,17,3,1270
20250618,17,3,1259
20250619,17,3,1252
20250620,17,3,1248
20250621,17,3,1241
20250622,17,3,1231
20250623,17,3,1224
20250624,17,3,1219
20250625,17,3,1218
20250626,17,3,1210
20250627,17,3,1201
20250628,17,3,1195
20250629,17,3,1188
20250630,17,3,1187
20250701,17,3,1477
20250702,17,3,1467
20250703,17,3,1459
20250704,17,3,1451
20250705,17,3,1448
20250706,17,3,1445
20250707,17,3,1442
20250708,17,3,1439
20250709,17,3,1431
20250710,17,3,1430
20250711,17,3,1422
20250712,17,3,1421
20250713,17,3,1415
20250714,17,3,1412
20250715,17,3,1404
20250716,17,3,1401
20250717,17,3,1391
20250718,17,3,1381
20250719,17,3,1375
20250720,17,3,1375
20250721,17,3,1367
20250722,17,3,1359
20250723,17,3,1359
20250724,17,3,1353
20250725,17,3,1353
20250726,17,3,1351
20250727,17,3,1344
20250728,17,3,1339
20250729,17,3,1332
20250730,17,3,1328
20250731,17,3,1325
20250801,17,3,1478
20250802,17,3,1472
20250803,17,3,1471
20250804,17,3,1470
20250805,17,3,1461
20250806,17,3,1452
20250807,17,3,1448
20250808,17,3,1437
20250809,17,3,1431
20250810,17,3,1425
20250811,17,3,1414
20250812,17,3,1407
20250813,17,3,1401
20250814,17,3,1400
20250815,17,3,1394
20250816,17,3,1391
20250817,17,3,1390
20250818,17,3,1384
20250819,17,3,1384
20250820,17,3,1373
20250821,17,3,1362
20250822,17,3,1354
20250823,17,3,1344
20250824,17,3,1335
20250825,17,3,1326
20250826,17,3,1325
20250827,17,3,1314
20250828,17,3,1312
20250829,17,3,1311
20250830,17,3,1301
20250831,17,3,1292
20250901,17,3,1530
20250902,17,3,1527
20250903,17,3,1520
20250904,17,3,1512
20250905,17,3,1504
20250906,17,3,1502
20250907,17,3,1494
20250908,17,3,1493
20250909,17,3,1490
20250910,17,3,1490
20250911,17,3,1480
20250912,17,3,1476
20250913,17,3,1470
20250914,17,3,1470
20250915,17,3,1460
20250916,17,3,1456
20250917,17,3,1451
20250918,17,3,1447
20250919,17,3,1443
20250920,17,3,1440
20250921,17,3,1430
20250922,17,3,1430
20250923,17,3,1421
20250924,17,3,1418
20250925,17,3,1417
20250926,17,3,1407
20250927,17,3,1402
20250928,17,3,1392
20250929,17,3,1392
20250930,17,3,1392
20251001,17,3,1669
20251002,17,3,1664
20251003,17,3,1663
20251004,17,3,1660
20251005,17,3,1654
20251006,17,3,1654
20251007,17,3,1645
20251008,17,3,1642
20251009,17,3,1632
20251010,17,3,1628
20251011,17,3,1620
20251012,17,3,1609
20251013,17,3,1602
20251014,17,3,1591
20251015,17,3,1583
20251016,17,3,1578
20251017,17,3,1567
20251018,17,3,1557
20251019,17,3,1546
20251020,17,3,1537
20251021,17,3,1536
20251022,17,3,1527
20251023,17,3,1525
20251024,17,3,1522
20251025,17,3,1513
20251026,17,3,1505
20251027,17,3,1505
20251028,17,3,1494
20251029,17,3,1486
20251030,17,3,1476
20251031,17,3,1466
20251101,17,3,1694
20251102,17,3,1694
20251103,17,3,1686
20251104,17,3,1682
20251105,17,3,1677
20251106,17,3,1670
20251107,17,3,1666
20251108,17,3,1665
20251109,17,3,1655
20251110,17,3,1651
20251111,17,3,1643
20251112,17,3,1635
20251113,17,3,1633
20251114,17,3,1623
20251115,17,3,1612
20251116,17,3,1604
20251117,17,3,1594
20251118,17,3,1587
20251119,17,3,1584
20251120,17,3,1582
20251121,17,3,1571
20251122,17,3,1563
20251123,17,3,1558
20251124,17,3,1548
20251125,17,3,1542
20251126,17,3,1537
20251127,17,3,1537
20251128,17,3,1527
20251129,17,3,1527
20251130,17,3,1523
20251201,17,3,1756
20251202,17,3,1749
20251203,17,3,1739
20251204,17,3,1733
20251205,17,3,1723
20251206,17,3,1717
20251207,17,3,1712
20251208,17,3,1708
20251209,17,3,1703
20251210,17,3,1698
20251211,17,3,1687
20251212,17,3,1686
20251213,17,3,1681
20251214,17,3,1680
20251215,17,3,1680
20251216,17,3,1675
20251217,17,3,1670
20251218,17,3,1667
20251219,17,3,1660
20251220,17,3,1660
20251221,17,3,1652
20251222,17,3,1648
20251223,17,3,1648
20251224,17,3,1637
20251225,17,3,1631
20251226,17,3,1626
20251227,17,3,1619
20251228,17,3,1613
20251229,17,3,1605
20251230,17,3,1597
20251231,17,3,1594
20260101,17,3,1831
20260102,17,3,1830
20260103,17,3,1821
20260104,17,3,1817
20260105,17,3,1816
20260106,17,3,1808
20260107,17,3,1799
20260108,17,3,1793
20260109,17,3,1786
20260110,17,3,1781
20260111,17,3,1776
20260112,17,3,1773
20260113,17,3,1764
20260114,17,3,1759
20260115,17,3,1758
20260116,17,3,1756
20260117,17,3,1752
20260118,17,3,1744
20260119,17,3,1734
20260120,17,3,1733
20260121,17,3,1732
20260122,17,3,1726
20260123,17,3,1715
20260124,17,3,1712
20260125,17,3,1705
20260126,17,3,1697
20260127,17,3,1697
20260128,17,3,1693
20260129,17,3,1692
20260130,17,3,1681
20260131,17,3,1681
20260201,17,3,1841
20260202,17,3,1840
20260203,17,3,1837
20260204,17,3,1831
20260205,17,3,1825
20260206,17,3,1814
20260207,17,3,1804
20260208,17,3,1794
20260209,17,3,1784
20260210,17,3,1778
20260211,17,3,1768
20260212,17,3,1760
20260213,17,3,1754
20260214,17,3,1743
20260215,17,3,1742
20260216,17,3,1738
20260217,17,3,1734
20260218,17,3,1728
20260219,17,3,1724
20260220,17,3,1719
20260221,17,3,1708
20260222,17,3,1699
20260223,17,3,1690
20260224,17,3,1686
20260225,17,3,1683
20260226,17,3,1677
20260227,17,3,1673
20260228,17,3,1666
20260301,17,3,1855
20260302,17,3,1851
20260303,17,3,1842
20260304,17,3,1842
20260305,17,3,1841
20260306,17,3,1831
20260307,17,3,1827
20260308,17,3,1821
20260309,17,3,1812
20260310,17,3,1805
20260311,17,3,1794
20260312,17,3,1792
20260313,17,3,1783
20260314,17,3,1778
20260315,17,3,1777
20260316,17,3,1772
20260317,17,3,1766
20260318,17,3,1765
20260319,17,3,1760
20260320,17,3,1760
20260321,17,3,1753
20260322,17,3,1746
20260323,17,3,1745
20260324,17,3,1739
20260325,17,3,1736
20260326,17,3,1729
20260327,17,3,1727
20260328,17,3,1717
20260329,17,3,1711
20260330,17,3,1700
20260331,17,3,1700
20240401,10,3,609
20240402,10,3,607
20240403,10,3,604
20240404,10,3,594
20240405,10,3,585
20240406,10,3,585
20240407,10,3,575
20240408,10,3,573
20240409,10,3,563
20240410,10,3,561
20240411,10,3,553
20240412,10,3,546
20240413,10,3,536
20240414,10,3,529
20240415,10,3,528
20240416,10,3,517
20240417,10,3,513
20240418,10,3,502
20240419,10,3,501
20240420,10,3,491
20240421,10,3,488
20240422,10,3,477
20240423,10,3,468
20240424,10,3,457
20240425,10,3,455
20240426,10,3,447
20240427,10,3,439
20240428,10,3,429
20240429,10,3,420
20240430,10,3,419
20240501,10,3,697
20240502,10,3,686
20240503,10,3,677
20240504,10,3,669
20240505,10,3,662
20240506,10,3,654
20240507,10,3,648
20240508,10,3,639
20240509,10,3,628
20240510,10,3,626
20240511,10,3,617
20240512,10,3,609
20240513,10,3,602
20240514,10,3,592
20240515,10,3,581
20240516,10,3,576
20240517,10,3,576
20240518,10,3,576
20240519,10,3,569
20240520,10,3,565
20240521,10,3,563
20240522,10,3,562
20240523,10,3,559
20240524,10,3,552
20240525,10,3,543
20240526,10,3,533
20240527,10,3,526
20240528,10,3,525
20240529,10,3,517
20240530,10,3,512
20240531,10,3,511
20240601,10,3,750
20240602,10,3,740
20240603,10,3,731
20240604,10,3,729
20240605,10,3,724
20240606,10,3,718
20240607,10,3,714
20240608,10,3,714
20240609,10,3,708
20240610,10,3,704
20240611,10,3,700
20240612,10,3,696
20240613,10,3,688
20240614,10,3,686
20240615,10,3,680
20240616,10,3,679
20240617,10,3,668
20240618,10,3,664
20240619,10,3,654
20240620,10,3,654
20240621,10,3,646
20240622,10,3,636
20240623,10,3,635
20240624,10,3,624
20240625,10,3,613
20240626,10,3,603
20240627,10,3,595
20240628,10,3,595
20240629,10,3,594
20240630,10,3,590
20240701,10,3,852
20240702,10,3,852
20240703,10,3,849
20240704,10,3,839
20240705,10,3,830
20240706,10,3,821
20240707,10,3,813
20240708,10,3,811
20240709,10,3,809
20240710,10,3,798
20240711,10,3,797
20240712,10,3,788
20240713,10,3,781
20240714,10,3,781
20240715,10,3,771
20240716,10,3,761
20240717,10,3,754
20240718,10,3,743
20240719,10,3,741
20240720,10,3,730
20240721,10,3,724
20240722,10,3,717
20240723,10,3,711
20240724,10,3,701
20240725,10,3,692
20240726,10,3,683
20240727,10,3,678
20240728,10,3,667
20240729,10,3,659
20240730,10,3,655
20240731,10,3,652
20240801,10,3,921
20240802,10,3,911
20240803,10,3,902
20240804,10,3,896
20240805,10,3,885
20240806,10,3,882
20240807,10,3,871
20240808,10,3,870
20240809,10,3,861
20240810,10,3,859
20240811,10,3,851
20240812,10,3,847
20240813,10,3,843
20240814,10,3,840
20240815,10,3,829
20240816,10,3,823
20240817,10,3,818
20240818,10,3,815
20240819,10,3,807
20240820,10,3,805
20240821,10,3,799
20240822,10,3,795
20240823,10,3,785
20240824,10,3,782
20240825,10,3,774
20240826,10,3,772
20240827,10,3,769
20240828,10,3,763
20240829,10,3,753
20240830,10,3,749
20240831,10,3,747
20240901,10,3,1028
20240902,10,3,1026
20240903,10,3,1022
20240904,10,3,1013
20240905,10,3,1009
20240906,10,3,998
20240907,10,3,989
20240908,10,3,980
20240909,10,3,975
20240910,10,3,966
20240911,10,3,956
20240912,10,3,952
20240913,10,3,949
20240914,10,3,948
20240915,10,3,944
20240916,10,3,939
20240917,10,3,930
20240918,10,3,924
20240919,10,3,922
20240920,10,3,919
20240921,10,3,918
20240922,10,3,916
20240923,10,3,915
20240924,10,3,906
20240925,10,3,904
20240926,10,3,904
20240927,10,3,897
20240928,10,3,891
20240929,10,3,891
20240930,10,3,883
20241001,10,3,1121
20241002,10,3,1112
20241003,10,3,1103
20241004,10,3,1095
20241005,10,3,1088
20241006,10,3,1081
20241007,10,3,1074
20241008,10,3,1069
20241009,10,3,1068
20241010,10,3,1057
20241011,10,3,1046
20241012,10,3,1045
20241013,10,3,1036
20241014,10,3,1027
20241015,10,3,1025
20241016,10,3,1021
20241017,10,3,1012
20241018,10,3,1003
20241019,10,3,999
20241020,10,3,992
20241021,10,3,987
20241022,10,3,986
20241023,10,3,985
20241024,10,3,975
20241025,10,3,975
20241026,10,3,975
20241027,10,3,972
20241028,10,3,963
20241029,10,3,955
20241030,10,3,949
20241031,10,3,942
20241101,10,3,1113
20241102,10,3,1106
20241103,10,3,1102
20241104,10,3,1096
20241105,10,3,1089
20241106,10,3,1086
20241107,10,3,1076
20241108,10,3,1067
20241109,10,3,1066
20241110,10,3,1065
20241111,10,3,1063
20241112,10,3,1062
20241113,10,3,1056
20241114,10,3,1054
20241115,10,3,1047
20241116,10,3,1037
20241117,10,3,1036
20241118,10,3,1035
20241119,10,3,1033
20241120,10,3,1024
20241121,10,3,1013
20241122,10,3,1004
20241123,10,3,996
20241124,10,3,989
20241125,10,3,987
20241126,10,3,982
20241127,10,3,972
20241128,10,3,968
20241129,10,3,968
20241130,10,3,966
20241201,10,3,1183
20241202,10,3,1178
20241203,10,3,1173
20241204,10,3,1165
20241205,10,3,1162
20241206,10,3,1153
20241207,10,3,1150
20241208,10,3,1149
20241209,10,3,1148
20241210,10,3,1144
20241211,10,3,1144
20241212,10,3,1142
20241213,10,3,1137
20241214,10,3,1126
20241215,10,3,1115
20241216,10,3,1106
20241217,10,3,1095
20241218,10,3,1088
20241219,10,3,1087
20241220,10,3,1080
20241221,10,3,1074
20241222,10,3,1064
20241223,10,3,1060
20241224,10,3,1051
20241225,10,3,1044
20241226,10,3,1036
20241227,10,3,1036
20241228,10,3,1025
20241229,10,3,1019
20241230,10,3,1012
20241231,10,3,1007
20250101,10,3,1171
20250102,10,3,1163
20250103,10,3,1162
20250104,10,3,1158
20250105,10,3,1151
20250106,10,3,1148
20250107,10,3,1145
20250108,10,3,1144
20250109,10,3,1138
20250110,10,3,1137
20250111,10,3,1127
20250112,10,3,1125
20250113,10,3,1124
20250114,10,3,1113
20250115,10,3,1109
20250116,10,3,1107
20250117,10,3,1101
20250118,10,3,1100
20250119,10,3,1096
20250120,10,3,1089
20250121,10,3,1084
20250122,10,3,1073
20250123,10,3,1065
20250124,10,3,1058
20250125,10,3,1050
20250126,10,3,1042
20250127,10,3,1037
20250128,10,3,1036
20250129,10,3,1033
20250130,10,3,1030
20250131,10,3,1027
20250201,10,3,1210
20250202,10,3,1199
20250203,10,3,1194
20250204,10,3,1189
20250205,10,3,1186
20250206,10,3,1179
20250207,10,3,1171
20250208,10,3,1171
20250209,10,3,1165
20250210,10,3,1160
20250211,10,3,1155
20250212,10,3,1149
20250213,10,3,1148
20250214,10,3,1139
20250215,10,3,1129
20250216,10,3,1128
20250217,10,3,1119
20250218,10,3,1113
20250219,10,3,1103
20250220,10,3,1101
20250221,10,3,1099
20250222,10,3,1099
20250223,10,3,1093
20250224,10,3,1089
20250225,10,3,1078
20250226,10,3,1072
20250227,10,3,1061
20250228,10,3,1058
20250301,10,3,1204
20250302,10,3,1204
20250303,10,3,1194
20250304,10,3,1188
20250305,10,3,1182
20250306,10,3,1180
20250307,10,3,1177
20250308,10,3,1175
20250309,10,3,1167
20250310,10,3,1162
20250311,10,3,1161
20250312,10,3,1161
20250313,10,3,1153
20250314,10,3,1145
20250315,10,3,1142
20250316,10,3,1138
20250317,10,3,1129
20250318,10,3,1129
20250319,10,3,1118
20250320,10,3,1108
20250321,10,3,1107
20250322,10,3,1101
20250323,10,3,1095
20250324,10,3,1085
20250325,10,3,1078
20250326,10,3,1078
20250327,10,3,1075
20250328,10,3,1068
20250329,10,3,1064
20250330,10,3,1059
20250331,10,3,1048
20250401,10,3,1335
20250402,10,3,1333
20250403,10,3,1322
20250404,10,3,1316
20250405,10,3,1309
20250406,10,3,1307
20250407,10,3,1300
20250408,10,3,1290
20250409,10,3,1289
20250410,10,3,1285
20250411,10,3,1281
20250412,10,3,1276
20250413,10,3,1274
20250414,10,3,1266
20250415,10,3,1264
20250416,10,3,1261
20250417,10,3,1255
20250418,10,3,1254
20250419,10,3,1244
20250420,10,3,1239
20250421,10,3,1228
20250422,10,3,1224
20250423,10,3,1224
20250424,10,3,1220
20250425,10,3,1213
20250426,10,3,1213
20250427,10,3,1208
20250428,10,3,1199
20250429,10,3,1189
20250430,10,3,1181
20250501,10,3,1360
20250502,10,3,1351
20250503,10,3,1347
20250504,10,3,1340
20250505,10,3,1335
20250506,10,3,1331
20250507,10,3,1324
20250508,10,3,1313
20250509,10,3,1302
20250510,10,3,1302
20250511,10,3,1299
20250512,10,3,1290
20250513,10,3,1282
20250514,10,3,1274
20250515,10,3,1267
20250516,10,3,1262
20250517,10,3,1255
20250518,10,3,1246
20250519,10,3,1245
20250520,10,3,1245
20250521,10,3,1236
20250522,10,3,1236
20250523,10,3,1232
20250524,10,3,1231
20250525,10,3,1228
20250526,10,3,1226
20250527,10,3,1221
20250528,10,3,1221
20250529,10,3,1211
20250530,10,3,1203
20250531,10,3,1196
20250601,10,3,1462
20250602,10,3,1456
20250603,10,3,1454
20250604,10,3,1444
20250605,10,3,1436
20250606,10,3,1436
20250607,10,3,1426
20250608,10,3,1419
20250609,10,3,1413
20250610,10,3,1412
20250611,10,3,1405
20250612,10,3,1401
20250613,10,3,1398
20250614,10,3,1396
20250615,10,3,1395
20250616,10,3,1385
20250617,10,3,1380
20250618,10,3,1377
20250619,10,3,1371
20250620,10,3,1367
20250621,10,3,1361
20250622,10,3,1361
20250623,10,3,1359
20250624,10,3,1352
20250625,10,3,1352
20250626,10,3,1341
20250627,10,3,1337
20250628,10,3,1331
20250629,10,3,1322
20250630,10,3,1317
20250701,10,3,1497
20250702,10,3,1489
20250703,10,3,1481
20250704,10,3,1478
20250705,10,3,1477
20250706,10,3,1475
20250707,10,3,1467
20250708,10,3,1465
20250709,10,3,1456
20250710,10,3,1451
20250711,10,3,1448
20250712,10,3,1445
20250713,10,3,1445
20250714,10,3,1441
20250715,10,3,1430
20250716,10,3,1424
20250717,10,3,1415
20250718,10,3,1406
20250719,10,3,1398
20250720,10,3,1389
20250721,10,3,1384
20250722,10,3,1379
20250723,10,3,1374
20250724,10,3,1371
20250725,10,3,1371
20250726,10,3,1364
20250727,10,3,1357
20250728,10,3,1352
20250729,10,3,1345
20250730,10,3,1336
20250731,10,3,1326
20250801,10,3,1600
20250802,10,3,1597
20250803,10,3,1592
20250804,10,3,1588
20250805,10,3,1580
20250806,10,3,1580
20250807,10,3,1577
20250808,10,3,1572
20250809,10,3,1571
20250810,10,3,1566
20250811,10,3,1565
20250812,10,3,1554
20250813,10,3,1553
20250814,10,3,1549
20250815,10,3,1546
20250816,10,3,1541
20250817,10,3,1533
20250818,10,3,1530
20250819,10,3,1522
20250820,10,3,1521
20250821,10,3,1510
20250822,10,3,1503
20250823,10,3,1493
20250824,10,3,1491
20250825,10,3,1483
20250826,10,3,1477
20250827,10,3,1474
20250828,10,3,1465
20250829,10,3,1460
20250830,10,3,1452
20250831,10,3,1452
20250901,10,3,1609
20250902,10,3,1604
20250903,10,3,1602
20250904,10,3,1593
20250905,10,3,1592
20250906,10,3,1592
20250907,10,3,1586
20250908,10,3,1585
20250909,10,3,1577
20250910,10,3,1572
20250911,10,3,1562
20250912,10,3,1556
20250913,10,3,1554
20250914,10,3,1548
20250915,10,3,1541
20250916,10,3,1531
20250917,10,3,1530
20250918,10,3,1522
20250919,10,3,1515
20250920,10,3,1504
20250921,10,3,1497
20250922,10,3,1486
20250923,10,3,1480
20250924,10,3,1480
20250925,10,3,1479
20250926,10,3,1478
20250927,10,3,1472
20250928,10,3,1463
20250929,10,3,1457
20250930,10,3,1446
20251001,10,3,1663
20251002,10,3,1661
20251003,10,3,1661
20251004,10,3,1653
20251005,10,3,1652
20251006,10,3,1641
20251007,10,3,1630
20251008,10,3,1628
20251009,10,3,1627
20251010,10,3,1617
20251011,10,3,1607
20251012,10,3,1601
20251013,10,3,1597
20251014,10,3,1592
20251015,10,3,1581
20251016,10,3,1575
20251017,10,3,1573
20251018,10,3,1565
20251019,10,3,1554
20251020,10,3,1554
20251021,10,3,1548
20251022,10,3,1542
20251023,10,3,1533
20251024,10,3,1527
20251025,10,3,1525
20251026,10,3,1518
20251027,10,3,1517
20251028,10,3,1511
20251029,10,3,1509
20251030,10,3,1498
20251031,10,3,1490
20251101,10,3,1751
20251102,10,3,1746
20251103,10,3,1738
20251104,10,3,1733
20251105,10,3,1732
20251106,10,3,1726
20251107,10,3,1719
20251108,10,3,1711
20251109,10,3,1708
20251110,10,3,1702
20251111,10,3,1692
20251112,10,3,1681
20251113,10,3,1678
20251114,10,3,1670
20251115,10,3,1660
20251116,10,3,1660
20251117,10,3,1654
20251118,10,3,1645
20251119,10,3,1643
20251120,10,3,1640
20251121,10,3,1630
20251122,10,3,1628
20251123,10,3,1625
20251124,10,3,1616
20251125,10,3,1609
20251126,10,3,1602
20251127,10,3,1596
20251128,10,3,1592
20251129,10,3,1583
20251130,10,3,1580
20251201,10,3,1763
20251202,10,3,1762
20251203,10,3,1755
20251204,10,3,1745
20251205,10,3,1737
20251206,10,3,1734
20251207,10,3,1733
20251208,10,3,1726
20251209,10,3,1720
20251210,10,3,1710
20251211,10,3,1705
20251212,10,3,1705
20251213,10,3,1695
20251214,10,3,1692
20251215,10,3,1683
20251216,10,3,1682
20251217,10,3,1671
20251218,10,3,1660
20251219,10,3,1660
20251220,10,3,1649
20251221,10,3,1640
20251222,10,3,1630
20251223,10,3,1628
20251224,10,3,1624
20251225,10,3,1618
20251226,10,3,1613
20251227,10,3,1605
20251228,10,3,1595
20251229,10,3,1585
20251230,10,3,1575
20251231,10,3,1572
20260101,10,3,1721
20260102,10,3,1719
20260103,10,3,1710
20260104,10,3,1706
20260105,10,3,1702
20260106,10,3,1693
20260107,10,3,1693
20260108,10,3,1689
20260109,10,3,1685
20260110,10,3,1683
20260111,10,3,1680
20260112,10,3,1671
20260113,10,3,1663
20260114,10,3,1659
20260115,10,3,1649
20260116,10,3,1648
20260117,10,3,1638
20260118,10,3,1631
20260119,10,3,1629
20260120,10,3,1619
20260121,10,3,1618
20260122,10,3,1612
20260123,10,3,1605
20260124,10,3,1594
20260125,10,3,1592
20260126,10,3,1582
20260127,10,3,1581
20260128,10,3,1579
20260129,10,3,1579
20260130,10,3,1576
20260131,10,3,1568
20260201,10,3,1747
20260202,10,3,1741
20260203,10,3,1741
20260204,10,3,1734
20260205,10,3,1725
20260206,10,3,1717
20260207,10,3,1716
20260208,10,3,1710
20260209,10,3,1707
20260210,10,3,1706
20260211,10,3,1705
20260212,10,3,1702
20260213,10,3,1693
20260214,10,3,1688
20260215,10,3,1687
20260216,10,3,1684
20260217,10,3,1682
20260218,10,3,1682
20260219,10,3,1672
20260220,10,3,1662
20260221,10,3,1662
20260222,10,3,1656
20260223,10,3,1646
20260224,10,3,1639
20260225,10,3,1635
20260226,10,3,1634
20260227,10,3,1633
20260228,10,3,1623
20260301,10,3,1859
20260302,10,3,1848
20260303,10,3,1844
20260304,10,3,1836
20260305,10,3,1834
20260306,10,3,1826
20260307,10,3,1817
20260308,10,3,1811
20260309,10,3,1805
20260310,10,3,1800
20260311,10,3,1791
20260312,10,3,1785
20260313,10,3,1780
20260314,10,3,1776
20260315,10,3,1766
20260316,10,3,1765
20260317,10,3,1757
20260318,10,3,1752
20260319,10,3,1748
20260320,10,3,1743
20260321,10,3,1734
20260322,10,3,1730
20260323,10,3,1727
20260324,10,3,1716
20260325,10,3,1711
20260326,10,3,1702
20260327,10,3,1698
20260328,10,3,1687
20260329,10,3,1682
20260330,10,3,1678
20260331,10,3,1670
20240401,28,3,619
20240402,28,3,616
20240403,28,3,606
20240404,28,3,600
20240405,28,3,594
20240406,28,3,591
20240407,28,3,590
20240408,28,3,589
20240409,28,3,588
20240410,28,3,580
20240411,28,3,573
20240412,28,3,566
20240413,28,3,555
20240414,28,3,544
20240415,28,3,539
20240416,28,3,531
20240417,28,3,531
20240418,28,3,525
20240419,28,3,520
20240420,28,3,517
20240421,28,3,513
20240422,28,3,511
20240423,28,3,505
20240424,28,3,499
20240425,28,3,498
20240426,28,3,493
20240427,28,3,490
20240428,28,3,486
20240429,28,3,476
20240430,28,3,471
20240501,28,3,717
20240502,28,3,706
20240503,28,3,701
20240504,28,3,698
20240505,28,3,698
20240506,28,3,688
20240507,28,3,682
20240508,28,3,681
20240509,28,3,675
20240510,28,3,672
20240511,28,3,664
20240512,28,3,662
20240513,28,3,654
20240514,28,3,652
20240515,28,3,644
20240516,28,3,641
20240517,28,3,632
20240518,28,3,626
20240519,28,3,625
20240520,28,3,615
20240521,28,3,605
20240522,28,3,602
20240523,28,3,598
20240524,28,3,598
20240525,28,3,590
20240526,28,3,585
20240527,28,3,584
20240528,28,3,577
20240529,28,3,575
20240530,28,3,573
20240531,28,3,562
20240601,28,3,823
20240602,28,3,817
20240603,28,3,812
20240604,28,3,811
20240605,28,3,810
20240606,28,3,800
20240607,28,3,799
20240608,28,3,792
20240609,28,3,781
20240610,28,3,777
20240611,28,3,770
20240612,28,3,765
20240613,28,3,758
20240614,28,3,755
20240615,28,3,752
20240616,28,3,746
20240617,28,3,745
20240618,28,3,739
20240619,28,3,732
20240620,28,3,721
20240621,28,3,719
20240622,28,3,718
20240623,28,3,715
20240624,28,3,706
20240625,28,3,701
20240626,28,3,700
20240627,28,3,698
20240628,28,3,689
20240629,28,3,678
20240630,28,3,677
20240701,28,3,902
20240702,28,3,902
20240703,28,3,901
20240704,28,3,896
20240705,28,3,896
20240706,28,3,890
20240707,28,3,882
20240708,28,3,878
20240709,28,3,867
20240710,28,3,857
20240711,28,3,849
20240712,28,3,843
20240713,28,3,842
20240714,28,3,840
20240715,28,3,829
20240716,28,3,823
20240717,28,3,818
20240718,28,3,810
20240719,28,3,808
20240720,28,3,805
20240721,28,3,801
20240722,28,3,791
20240723,28,3,786
20240724,28,3,786
20240725,28,3,781
20240726,28,3,778
20240727,28,3,773
20240728,28,3,762
20240729,28,3,759
20240730,28,3,756
20240731,28,3,751
20240801,28,3,910
20240802,28,3,910
20240803,28,3,900
20240804,28,3,891
20240805,28,3,890
20240806,28,3,886
20240807,28,3,885
20240808,28,3,876
20240809,28,3,875
20240810,28,3,868
20240811,28,3,862
20240812,28,3,853
20240813,28,3,843
20240814,28,3,832
20240815,28,3,829
20240816,28,3,820
20240817,28,3,818
20240818,28,3,817
20240819,28,3,807
20240820,28,3,797
20240821,28,3,789
20240822,28,3,785
20240823,28,3,781
20240824,28,3,772
20240825,28,3,770
20240826,28,3,764
20240827,28,3,760
20240828,28,3,758
20240829,28,3,752
20240830,28,3,744
20240831,28,3,742
20240901,28,3,981
20240902,28,3,971
20240903,28,3,961
20240904,28,3,957
20240905,28,3,949
20240906,28,3,941
20240907,28,3,930
20240908,28,3,924
20240909,28,3,914
20240910,28,3,908
20240911,28,3,899
20240912,28,3,895
20240913,28,3,895
20240914,28,3,891
20240915,28,3,887
20240916,28,3,878
20240917,28,3,870
20240918,28,3,863
20240919,28,3,861
20240920,28,3,853
20240921,28,3,845
20240922,28,3,834
20240923,28,3,831
20240924,28,3,823
20240925,28,3,823
20240926,28,3,815
20240927,28,3,806
20240928,28,3,797
20240929,28,3,792
20240930,28,3,787
20241001,28,3,937
20241002,28,3,929
20241003,28,3,918
20241004,28,3,917
20241005,28,3,911
20241006,28,3,909
20241007,28,3,905
20241008,28,3,896
20241009,28,3,896
20241010,28,3,896
20241011,28,3,894
20241012,28,3,891
20241013,28,3,882
20241014,28,3,879
20241015,28,3,868
20241016,28,3,857
20241017,28,3,848
20241018,28,3,843
20241019,28,3,834
20241020,28,3,833
20241021,28,3,823
20241022,28,3,819
20241023,28,3,814
20241024,28,3,804
20241025,28,3,803
20241026,28,3,802
20241027,28,3,795
20241028,28,3,784
20241029,28,3,774
20241030,28,3,763
20241031,28,3,758
20241101,28,3,991
20241102,28,3,989
20241103,28,3,979
20241104,28,3,969
20241105,28,3,969
20241106,28,3,964
20241107,28,3,959
20241108,28,3,950
20241109,28,3,945
20241110,28,3,934
20241111,28,3,929
20241112,28,3,924
20241113,28,3,921
20241114,28,3,911
20241115,28,3,906
20241116,28,3,901
20241117,28,3,893
20241118,28,3,884
20241119,28,3,876
20241120,28,3,875
20241121,28,3,864
20241122,28,3,855
20241123,28,3,847
20241124,28,3,841
20241125,28,3,832
20241126,28,3,824
20241127,28,3,821
20241128,28,3,816
20241129,28,3,816
20241130,28,3,816
20241201,28,3,1033
20241202,28,3,1024
20241203,28,3,1015
20241204,28,3,1011
20241205,28,3,1005
20241206,28,3,996
20241207,28,3,996
20241208,28,3,989
20241209,28,3,985
20241210,28,3,982
20241211,28,3,976
20241212,28,3,972
20241213,28,3,965
20241214,28,3,957
20241215,28,3,951
20241216,28,3,945
20241217,28,3,941
20241218,28,3,941
20241219,28,3,937
20241220,28,3,931
20241221,28,3,927
20241222,28,3,927
20241223,28,3,921
20241224,28,3,915
20241225,28,3,905
20241226,28,3,894
20241227,28,3,888
20241228,28,3,887
20241229,28,3,878
20241230,28,3,873
20241231,28,3,866
20250101,28,3,1125
20250102,28,3,1120
20250103,28,3,1110
20250104,28,3,1106
20250105,28,3,1099
20250106,28,3,1093
20250107,28,3,1084
20250108,28,3,1074
20250109,28,3,1072
20250110,28,3,1062
20250111,28,3,1055
20250112,28,3,1052
20250113,28,3,1045
20250114,28,3,1034
20250115,28,3,1027
20250116,28,3,1026
20250117,28,3,1021
20250118,28,3,1019
20250119,28,3,1016
20250120,28,3,1008
20250121,28,3,1007
20250122,28,3,997
20250123,28,3,987
20250124,28,3,985
20250125,28,3,982
20250126,28,3,979
20250127,28,3,979
20250128,28,3,979
20250129,28,3,971
20250130,28,3,966
20250131,28,3,964
20250201,28,3,1189
20250202,28,3,1182
20250203,28,3,1180
20250204,28,3,1178
20250205,28,3,1168
20250206,28,3,1165
20250207,28,3,1162
20250208,28,3,1153
20250209,28,3,1149
20250210,28,3,1148
20250211,28,3,1139
20250212,28,3,1139
20250213,28,3,1134
20250214,28,3,1130
20250215,28,3,1123
20250216,28,3,1117
20250217,28,3,1111
20250218,28,3,1101
20250219,28,3,1094
20250220,28,3,1094
20250221,28,3,1094
20250222,28,3,1090
20250223,28,3,1090
20250224,28,3,1080
20250225,28,3,1071
20250226,28,3,1063
20250227,28,3,1055
20250228,28,3,1048
20250301,28,3,1250
20250302,28,3,1249
20250303,28,3,1244
20250304,28,3,1241
20250305,28,3,1230
20250306,28,3,1221
20250307,28,3,1213
20250308,28,3,1209
20250309,28,3,1200
20250310,28,3,1196
20250311,28,3,1190
20250312,28,3,1182
20250313,28,3,1178
20250314,28,3,1172
20250315,28,3,1169
20250316,28,3,1167
20250317,28,3,1158
20250318,28,3,1147
20250319,28,3,1142
20250320,28,3,1142
20250321,28,3,1139
20250322,28,3,1129
20250323,28,3,1122
20250324,28,3,1119
20250325,28,3,1108
20250326,28,3,1107
20250327,28,3,1102
20250328,28,3,1097
20250329,28,3,1096
20250330,28,3,1094
20250331,28,3,1087
20250401,28,3,1240
20250402,28,3,1232
20250403,28,3,1225
20250404,28,3,1221
20250405,28,3,1210
20250406,28,3,1205
20250407,28,3,1200
20250408,28,3,1193
20250409,28,3,1190
20250410,28,3,1186
20250411,28,3,1175
20250412,28,3,1173
20250413,28,3,1165
20250414,28,3,1156
20250415,28,3,1153
20250416,28,3,1150
20250417,28,3,1147
20250418,28,3,1142
20250419,28,3,1135
20250420,28,3,1126
20250421,28,3,1122
20250422,28,3,1117
20250423,28,3,1108
20250424,28,3,1108
20250425,28,3,1106
20250426,28,3,1105
20250427,28,3,1103
20250428,28,3,1093
20250429,28,3,1091
20250430,28,3,1080
20250501,28,3,1357
20250502,28,3,1356
20250503,28,3,1354
20250504,28,3,1347
20250505,28,3,1342
20250506,28,3,1332
20250507,28,3,1328
20250508,28,3,1326
20250509,28,3,1318
20250510,28,3,1307
20250511,28,3,1301
20250512,28,3,1293
20250513,28,3,1286
20250514,28,3,1284
20250515,28,3,1278
20250516,28,3,1267
20250517,28,3,1256
20250518,28,3,1247
20250519,28,3,1241
20250520,28,3,1241
20250521,28,3,1236
20250522,28,3,1227
20250523,28,3,1216
20250524,28,3,1210
20250525,28,3,1210
20250526,28,3,1200
20250527,28,3,1190
20250528,28,3,1183
20250529,28,3,1179
20250530,28,3,1170
20250531,28,3,1167
20250601,28,3,1438
20250602,28,3,1429
20250603,28,3,1421
20250604,28,3,1421
20250605,28,3,1421
20250606,28,3,1414
20250607,28,3,1409
20250608,28,3,1399
20250609,28,3,1390
20250610,28,3,1379
20250611,28,3,1377
20250612,28,3,1368
20250613,28,3,1363
20250614,28,3,1360
20250615,28,3,1356
20250616,28,3,1346
20250617,28,3,1340
20250618,28,3,1340
20250619,28,3,1335
20250620,28,3,1326
20250621,28,3,1317
20250622,28,3,1312
20250623,28,3,1303
20250624,28,3,1293
20250625,28,3,1293
20250626,28,3,1287
20250627,28,3,1277
20250628,28,3,1272
20250629,28,3,1261
20250630,28,3,1251
20250701,28,3,1426
20250702,28,3,1422
20250703,28,3,1417
20250704,28,3,1409
20250705,28,3,1399
20250706,28,3,1393
20250707,28,3,1393
20250708,28,3,1383
20250709,28,3,1379
20250710,28,3,1375
20250711,28,3,1366
20250712,28,3,1357
20250713,28,3,1347
20250714,28,3,1337
20250715,28,3,1336
20250716,28,3,1334
20250717,28,3,1329
20250718,28,3,1318
20250719,28,3,1314
20250720,28,3,1310
20250721,28,3,1299
20250722,28,3,1288
20250723,28,3,1282
20250724,28,3,1275
20250725,28,3,1271
20250726,28,3,1262
20250727,28,3,1252
20250728,28,3,1249
20250729,28,3,1241
20250730,28,3,1235
20250731,28,3,1227
20250801,28,3,1433
20250802,28,3,1426
20250803,28,3,1421
20250804,28,3,1419
20250805,28,3,1418
20250806,28,3,1407
20250807,28,3,1400
20250808,28,3,1395
20250809,28,3,1391
20250810,28,3,1387
20250811,28,3,1382
20250812,28,3,1377
20250813,28,3,1366
20250814,28,3,1361
20250815,28,3,1353
20250816,28,3,1348
20250817,28,3,1339
20250818,28,3,1339
20250819,28,3,1330
20250820,28,3,1328
20250821,28,3,1323
20250822,28,3,1316
20250823,28,3,1310
20250824,28,3,1310
20250825,28,3,1304
20250826,28,3,1303
20250827,28,3,1301
20250828,28,3,1296
20250829,28,3,1289
20250830,28,3,1283
20250831,28,3,1279
20250901,28,3,1442
20250902,28,3,1437
20250903,28,3,1426
20250904,28,3,1417
20250905,28,3,1413
20250906,28,3,1411
20250907,28,3,1407
20250908,28,3,1402
20250909,28,3,1395
20250910,28,3,1389
20250911,28,3,1384
20250912,28,3,1377
20250913,28,3,1366
20250914,28,3,1362
20250915,28,3,1362
20250916,28,3,1352
20250917,28,3,1343
20250918,28,3,1336
20250919,28,3,1336
20250920,28,3,1326
20250921,28,3,1324
20250922,28,3,1313
20250923,28,3,1311
20250924,28,3,1311
20250925,28,3,1307
20250926,28,3,1302
20250927,28,3,1292
20250928,28,3,1292
20250929,28,3,1290
20250930,28,3,1283
20251001,28,3,1500
20251002,28,3,1495
20251003,28,3,1488
20251004,28,3,1486
20251005,28,3,1482
20251006,28,3,1477
20251007,28,3,1470
20251008,28,3,1460
20251009,28,3,1457
20251010,28,3,1449
20251011,28,3,1447
20251012,28,3,1443
20251013,28,3,1443
20251014,28,3,1440
20251015,28,3,1431
20251016,28,3,1425
20251017,28,3,1415
20251018,28,3,1413
20251019,28,3,1408
20251020,28,3,1407
20251021,28,3,1404
20251022,28,3,1404
20251023,28,3,1402
20251024,28,3,1402
20251025,28,3,1394
20251026,28,3,1383
20251027,28,3,1383
20251028,28,3,1379
20251029,28,3,1369
20251030,28,3,1369
20251031,28,3,1361
20251101,28,3,1589
20251102,28,3,1584
20251103,28,3,1584
20251104,28,3,1578
20251105,28,3,1567
20251106,28,3,1561
20251107,28,3,1561
20251108,28,3,1560
20251109,28,3,1555
20251110,28,3,1547
20251111,28,3,1545
20251112,28,3,1541
20251113,28,3,1530
20251114,28,3,1519
20251115,28,3,1509
20251116,28,3,1502
20251117,28,3,1492
20251118,28,3,1487
20251119,28,3,1476
20251120,28,3,1472
20251121,28,3,1462
20251122,28,3,1456
20251123,28,3,1445
20251124,28,3,1440
20251125,28,3,1430
20251126,28,3,1424
20251127,28,3,1415
20251128,28,3,1404
20251129,28,3,1404
20251130,28,3,1400
20251201,28,3,1547
20251202,28,3,1547
20251203,28,3,1542
20251204,28,3,1538
20251205,28,3,1538
20251206,28,3,1534
20251207,28,3,1529
20251208,28,3,1529
20251209,28,3,1518
20251210,28,3,1515
20251211,28,3,1513
20251212,28,3,1513
20251213,28,3,1512
20251214,28,3,1504
20251215,28,3,1504
20251216,28,3,1503
20251217,28,3,1496
20251218,28,3,1492
20251219,28,3,1483
20251220,28,3,1475
20251221,28,3,1467
20251222,28,3,1467
20251223,28,3,1460
20251224,28,3,1450
20251225,28,3,1441
20251226,28,3,1430
20251227,28,3,1420
20251228,28,3,1409
20251229,28,3,1405
20251230,28,3,1402
20251231,28,3,1396
20260101,28,3,1567
20260102,28,3,1556
20260103,28,3,1552
20260104,28,3,1548
20260105,28,3,1541
20260106,28,3,1534
20260107,28,3,1527
20260108,28,3,1523
20260109,28,3,1523
20260110,28,3,1521
20260111,28,3,1520
20260112,28,3,1519
20260113,28,3,1511
20260114,28,3,1510
20260115,28,3,1510
20260116,28,3,1508
20260117,28,3,1502
20260118,28,3,1502
20260119,28,3,1502
20260120,28,3,1492
20260121,28,3,1483
20260122,28,3,1481
20260123,28,3,1475
20260124,28,3,1466
20260125,28,3,1464
20260126,28,3,1458
20260127,28,3,1448
20260128,28,3,1448
20260129,28,3,1447
20260130,28,3,1437
20260131,28,3,1427
20260201,28,3,1666
20260202,28,3,1658
20260203,28,3,1651
20260204,28,3,1651
20260205,28,3,1641
20260206,28,3,1638
20260207,28,3,1629
20260208,28,3,1629
20260209,28,3,1624
20260210,28,3,1617
20260211,28,3,1616
20260212,28,3,1612
20260213,28,3,1612
20260214,28,3,1607
20260215,28,3,1606
20260216,28,3,1604
20260217,28,3,1598
20260218,28,3,1593
20260219,28,3,1593
20260220,28,3,1584
20260221,28,3,1579
20260222,28,3,1576
20260223,28,3,1573
20260224,28,3,1572
20260225,28,3,1562
20260226,28,3,1553
20260227,28,3,1552
20260228,28,3,1542
20260301,28,3,1786
20260302,28,3,1786
20260303,28,3,1783
20260304,28,3,1777
20260305,28,3,1769
20260306,28,3,1765
20260307,28,3,1756
20260308,28,3,1750
20260309,28,3,1740
20260310,28,3,1740
20260311,28,3,1737
20260312,28,3,1731
20260313,28,3,1722
20260314,28,3,1716
20260315,28,3,1713
20260316,28,3,1703
20260317,28,3,1703
20260318,28,3,1703
20260319,28,3,1699
20260320,28,3,1698
20260321,28,3,1695
20260322,28,3,1684
20260323,28,3,1679
20260324,28,3,1674
20260325,28,3,1670
20260326,28,3,1662
20260327,28,3,1658
20260328,28,3,1655
20260329,28,3,1655
20260330,28,3,1648
20260331,28,3,1639
20240401,5,3,514
20240402,5,3,503
20240403,5,3,498
20240404,5,3,496
20240405,5,3,488
20240406,5,3,481
20240407,5,3,478
20240408,5,3,469
20240409,5,3,467
20240410,5,3,467
20240411,5,3,465
20240412,5,3,457
20240413,5,3,451
20240414,5,3,443
20240415,5,3,438
20240416,5,3,437
20240417,5,3,429
20240418,5,3,421
20240419,5,3,411
20240420,5,3,410
20240421,5,3,410
20240422,5,3,407
20240423,5,3,398
20240424,5,3,397
20240425,5,3,387
20240426,5,3,376
20240427,5,3,368
20240428,5,3,357
20240429,5,3,349
20240430,5,3,348
20240501,5,3,629
20240502,5,3,619
20240503,5,3,618
20240504,5,3,614
20240505,5,3,612
20240506,5,3,605
20240507,5,3,598
20240508,5,3,592
20240509,5,3,591
20240510,5,3,590
20240511,5,3,579
20240512,5,3,577
20240513,5,3,566
20240514,5,3,560
20240515,5,3,560
20240516,5,3,555
20240517,5,3,545
20240518,5,3,539
20240519,5,3,528
20240520,5,3,519
20240521,5,3,509
20240522,5,3,500
20240523,5,3,492
20240524,5,3,489
20240525,5,3,482
20240526,5,3,479
20240527,5,3,472
20240528,5,3,465
20240529,5,3,456
20240530,5,3,452
20240531,5,3,449
20240601,5,3,739
20240602,5,3,732
20240603,5,3,722
20240604,5,3,719
20240605,5,3,715
20240606,5,3,714
20240607,5,3,712
20240608,5,3,704
20240609,5,3,703
20240610,5,3,700
20240611,5,3,699
20240612,5,3,697
20240613,5,3,688
20240614,5,3,685
20240615,5,3,680
20240616,5,3,672
20240617,5,3,661
20240618,5,3,654
20240619,5,3,650
20240620,5,3,649
20240621,5,3,644
20240622,5,3,637
20240623,5,3,637
20240624,5,3,630
20240625,5,3,630
20240626,5,3,621
20240627,5,3,610
20240628,5,3,609
20240629,5,3,598
20240630,5,3,595
20240701,5,3,747
20240702,5,3,744
20240703,5,3,739
20240704,5,3,728
20240705,5,3,718
20240706,5,3,712
20240707,5,3,704
20240708,5,3,701
20240709,5,3,701
20240710,5,3,693
20240711,5,3,688
20240712,5,3,677
20240713,5,3,674
20240714,5,3,672
20240715,5,3,663
20240716,5,3,657
20240717,5,3,656
20240718,5,3,649
20240719,5,3,639
20240720,5,3,632
20240721,5,3,624
20240722,5,3,623
20240723,5,3,616
20240724,5,3,608
20240725,5,3,602
20240726,5,3,591
20240727,5,3,580
20240728,5,3,574
20240729,5,3,564
20240730,5,3,564
20240731,5,3,553
20240801,5,3,716
20240802,5,3,711
20240803,5,3,707
20240804,5,3,697
20240805,5,3,695
20240806,5,3,689
20240807,5,3,686
20240808,5,3,683
20240809,5,3,672
20240810,5,3,671
20240811,5,3,660
20240812,5,3,660
20240813,5,3,658
20240814,5,3,654
20240815,5,3,652
20240816,5,3,649
20240817,5,3,642
20240818,5,3,642
20240819,5,3,636
20240820,5,3,632
20240821,5,3,626
20240822,5,3,622
20240823,5,3,612
20240824,5,3,609
20240825,5,3,603
20240826,5,3,598
20240827,5,3,592
20240828,5,3,588
20240829,5,3,581
20240830,5,3,579
20240831,5,3,573
20240901,5,3,844
20240902,5,3,842
20240903,5,3,834
20240904,5,3,831
20240905,5,3,821
20240906,5,3,812
20240907,5,3,801
20240908,5,3,791
20240909,5,3,783
20240910,5,3,776
20240911,5,3,773
20240912,5,3,769
20240913,5,3,759
20240914,5,3,752
20240915,5,3,744
20240916,5,3,742
20240917,5,3,738
20240918,5,3,735
20240919,5,3,728
20240920,5,3,722
20240921,5,3,717
20240922,5,3,708
20240923,5,3,698
20240924,5,3,687
20240925,5,3,683
20240926,5,3,678
20240927,5,3,673
20240928,5,3,662
20240929,5,3,653
20240930,5,3,642
20241001,5,3,816
20241002,5,3,810
20241003,5,3,805
20241004,5,3,800
20241005,5,3,790
20241006,5,3,786
20241007,5,3,781
20241008,5,3,780
20241009,5,3,773
20241010,5,3,773
20241011,5,3,765
20241012,5,3,758
20241013,5,3,747
20241014,5,3,741
20241015,5,3,733
20241016,5,3,722
20241017,5,3,720
20241018,5,3,717
20241019,5,3,711
20241020,5,3,711
20241021,5,3,709
20241022,5,3,704
20241023,5,3,702
20241024,5,3,702
20241025,5,3,694
20241026,5,3,691
20241027,5,3,691
20241028,5,3,683
20241029,5,3,681
20241030,5,3,676
20241031,5,3,667
20241101,5,3,859
20241102,5,3,850
20241103,5,3,842
20241104,5,3,838
20241105,5,3,834
20241106,5,3,833
20241107,5,3,832
20241108,5,3,829
20241109,5,3,818
20241110,5,3,807
20241111,5,3,797
20241112,5,3,794
20241113,5,3,787
20241114,5,3,783
20241115,5,3,780
20241116,5,3,778
20241117,5,3,767
20241118,5,3,760
20241119,5,3,752
20241120,5,3,749
20241121,5,3,738
20241122,5,3,736
20241123,5,3,734
20241124,5,3,727
20241125,5,3,716
20241126,5,3,707
20241127,5,3,696
20241128,5,3,689
20241129,5,3,687
20241130,5,3,682
20241201,5,3,895
20241202,5,3,892
20241203,5,3,889
20241204,5,3,885
20241205,5,3,880
20241206,5,3,873
20241207,5,3,871
20241208,5,3,862
20241209,5,3,856
20241210,5,3,851
20241211,5,3,846
20241212,5,3,835
20241213,5,3,826
20241214,5,3,820
20241215,5,3,815
20241216,5,3,813
20241217,5,3,812
20241218,5,3,801
20241219,5,3,790
20241220,5,3,787
20241221,5,3,784
20241222,5,3,774
20241223,5,3,772
20241224,5,3,764
20241225,5,3,754
20241226,5,3,743
20241227,5,3,736
20241228,5,3,735
20241229,5,3,725
20241230,5,3,723
20241231,5,3,720
20250101,5,3,896
20250102,5,3,894
20250103,5,3,889
20250104,5,3,889
20250105,5,3,887
20250106,5,3,886
20250107,5,3,878
20250108,5,3,870
20250109,5,3,868
20250110,5,3,858
20250111,5,3,858
20250112,5,3,857
20250113,5,3,852
20250114,5,3,842
20250115,5,3,839
20250116,5,3,828
20250117,5,3,825
20250118,5,3,818
20250119,5,3,815
20250120,5,3,808
20250121,5,3,805
20250122,5,3,803
20250123,5,3,798
20250124,5,3,795
20250125,5,3,789
20250126,5,3,784
20250127,5,3,778
20250128,5,3,777
20250129,5,3,770
20250130,5,3,762
20250131,5,3,761
20250201,5,3,941
20250202,5,3,939
20250203,5,3,928
20250204,5,3,927
20250205,5,3,925
20250206,5,3,924
20250207,5,3,915
20250208,5,3,909
20250209,5,3,909
20250210,5,3,907
20250211,5,3,899
20250212,5,3,890
20250213,5,3,883
20250214,5,3,877
20250215,5,3,872
20250216,5,3,862
20250217,5,3,858
20250218,5,3,847
20250219,5,3,837
20250220,5,3,826
20250221,5,3,818
20250222,5,3,814
20250223,5,3,807
20250224,5,3,802
20250225,5,3,791
20250226,5,3,781
20250227,5,3,781
20250228,5,3,772
20250301,5,3,1027
20250302,5,3,1016
20250303,5,3,1016
20250304,5,3,1005
20250305,5,3,1005
20250306,5,3,1003
20250307,5,3,996
20250308,5,3,987
20250309,5,3,977
20250310,5,3,977
20250311,5,3,968
20250312,5,3,960
20250313,5,3,956
20250314,5,3,949
20250315,5,3,945
20250316,5,3,940
20250317,5,3,938
20250318,5,3,934
20250319,5,3,927
20250320,5,3,925
20250321,5,3,916
20250322,5,3,912
20250323,5,3,901
20250324,5,3,900
20250325,5,3,896
20250326,5,3,893
20250327,5,3,887
20250328,5,3,881
20250329,5,3,881
20250330,5,3,875
20250331,5,3,869
20250401,5,3,1099
20250402,5,3,1091
20250403,5,3,1083
20250404,5,3,1082
20250405,5,3,1075
20250406,5,3,1065
20250407,5,3,1060
20250408,5,3,1056
20250409,5,3,1050
20250410,5,3,1048
20250411,5,3,1043
20250412,5,3,1041
20250413,5,3,1037
20250414,5,3,1028
20250415,5,3,1017
20250416,5,3,1012
20250417,5,3,1001
20250418,5,3,998
20250419,5,3,995
20250420,5,3,984
20250421,5,3,977
20250422,5,3,970
20250423,5,3,966
20250424,5,3,959
20250425,5,3,948
20250426,5,3,946
20250427,5,3,937
20250428,5,3,933
20250429,5,3,929
20250430,5,3,926
20250501,5,3,1203
20250502,5,3,1198
20250503,5,3,1188
20250504,5,3,1183
20250505,5,3,1182
20250506,5,3,1171
20250507,5,3,1170
20250508,5,3,1160
20250509,5,3,1156
20250510,5,3,1149
20250511,5,3,1142
20250512,5,3,1139
20250513,5,3,1136
20250514,5,3,1135
20250515,5,3,1133
20250516,5,3,1133
20250517,5,3,1133
20250518,5,3,1129
20250519,5,3,1120
20250520,5,3,1116
20250521,5,3,1108
20250522,5,3,1105
20250523,5,3,1098
20250524,5,3,1092
20250525,5,3,1084
20250526,5,3,1076
20250527,5,3,1066
20250528,5,3,1060
20250529,5,3,1057
20250530,5,3,1056
20250531,5,3,1047
20250601,5,3,1226
20250602,5,3,1221
20250603,5,3,1210
20250604,5,3,1207
20250605,5,3,1201
20250606,5,3,1196
20250607,5,3,1187
20250608,5,3,1178
20250609,5,3,1173
20250610,5,3,1168
20250611,5,3,1164
20250612,5,3,1156
20250613,5,3,1148
20250614,5,3,1145
20250615,5,3,1142
20250616,5,3,1134
20250617,5,3,1127
20250618,5,3,1119
20250619,5,3,1119
20250620,5,3,1109
20250621,5,3,1099
20250622,5,3,1089
20250623,5,3,1087
20250624,5,3,1081
20250625,5,3,1074
20250626,5,3,1071
20250627,5,3,1061
20250628,5,3,1061
20250629,5,3,1053
20250630,5,3,1047
20250701,5,3,1259
20250702,5,3,1253
20250703,5,3,1253
20250704,5,3,1248
20250705,5,3,1237
20250706,5,3,1237
20250707,5,3,1237
20250708,5,3,1228
20250709,5,3,1227
20250710,5,3,1216
20250711,5,3,1210
20250712,5,3,1202
20250713,5,3,1194
20250714,5,3,1184
20250715,5,3,1173
20250716,5,3,1163
20250717,5,3,1155
20250718,5,3,1151
20250719,5,3,1148
20250720,5,3,1144
20250721,5,3,1133
20250722,5,3,1128
20250723,5,3,1128
20250724,5,3,1127
20250725,5,3,1121
20250726,5,3,1121
20250727,5,3,1113
20250728,5,3,1113
20250729,5,3,1105
20250730,5,3,1099
20250731,5,3,1091
20250801,5,3,1317
20250802,5,3,1317
20250803,5,3,1310
20250804,5,3,1308
20250805,5,3,1298
20250806,5,3,1290
20250807,5,3,1279
20250808,5,3,1273
20250809,5,3,1262
20250810,5,3,1253
20250811,5,3,1244
20250812,5,3,1242
20250813,5,3,1233
20250814,5,3,1227
20250815,5,3,1218
20250816,5,3,1216
20250817,5,3,1213
20250818,5,3,1202
20250819,5,3,1198
20250820,5,3,1187
20250821,5,3,1185
20250822,5,3,1182
20250823,5,3,1178
20250824,5,3,1177
20250825,5,3,1172
20250826,5,3,1171
20250827,5,3,1170
20250828,5,3,1168
20250829,5,3,1164
20250830,5,3,1157
20250831,5,3,1153
20250901,5,3,1318
20250902,5,3,1316
20250903,5,3,1309
20250904,5,3,1305
20250905,5,3,1305
20250906,5,3,1296
20250907,5,3,1295
20250908,5,3,1294
20250909,5,3,1294
20250910,5,3,1293
20250911,5,3,1290
20250912,5,3,1290
20250913,5,3,1288
20250914,5,3,1288
20250915,5,3,1286
20250916,5,3,1285
20250917,5,3,1282
20250918,5,3,1273
20250919,5,3,1272
20250920,5,3,1261
20250921,5,3,1255
20250922,5,3,1253
20250923,5,3,1252
20250924,5,3,1250
20250925,5,3,1241
20250926,5,3,1240
20250927,5,3,1234
20250928,5,3,1234
20250929,5,3,1229
20250930,5,3,1219
20251001,5,3,1483
20251002,5,3,1480
20251003,5,3,1477
20251004,5,3,1474
20251005,5,3,1472
20251006,5,3,1465
20251007,5,3,1463
20251008,5,3,1452
20251009,5,3,1451
20251010,5,3,1444
20251011,5,3,1437
20251012,5,3,1430
20251013,5,3,1423
20251014,5,3,1418
20251015,5,3,1417
20251016,5,3,1410
20251017,5,3,1408
20251018,5,3,1406
20251019,5,3,1397
20251020,5,3,1396
20251021,5,3,1390
20251022,5,3,1386
20251023,5,3,1384
20251024,5,3,1373
20251025,5,3,1366
20251026,5,3,1361
20251027,5,3,1351
20251028,5,3,1347
20251029,5,3,1344
20251030,5,3,1344
20251031,5,3,1335
20251101,5,3,1620
20251102,5,3,1620
20251103,5,3,1616
20251104,5,3,1605
20251105,5,3,1594
20251106,5,3,1592
20251107,5,3,1588
20251108,5,3,1582
20251109,5,3,1581
20251110,5,3,1577
20251111,5,3,1568
20251112,5,3,1559
20251113,5,3,1557
20251114,5,3,1551
20251115,5,3,1549
20251116,5,3,1541
20251117,5,3,1534
20251118,5,3,1526
20251119,5,3,1520
20251120,5,3,1516
20251121,5,3,1516
20251122,5,3,1507
20251123,5,3,1498
20251124,5,3,1493
20251125,5,3,1493
20251126,5,3,1487
20251127,5,3,1485
20251128,5,3,1474
20251129,5,3,1467
20251130,5,3,1456
20251201,5,3,1711
20251202,5,3,1706
20251203,5,3,1695
20251204,5,3,1690
20251205,5,3,1686
20251206,5,3,1675
20251207,5,3,1671
20251208,5,3,1668
20251209,5,3,1662
20251210,5,3,1656
20251211,5,3,1650
20251212,5,3,1643
20251213,5,3,1638
20251214,5,3,1627
20251215,5,3,1617
20251216,5,3,1608
20251217,5,3,1604
20251218,5,3,1603
20251219,5,3,1603
20251220,5,3,1594
20251221,5,3,1593
20251222,5,3,1586
20251223,5,3,1581
20251224,5,3,1572
20251225,5,3,1562
20251226,5,3,1561
20251227,5,3,1556
20251228,5,3,1545
20251229,5,3,1541
20251230,5,3,1532
20251231,5,3,1524
20260101,5,3,1801
20260102,5,3,1791
20260103,5,3,1791
20260104,5,3,1790
20260105,5,3,1788
20260106,5,3,1779
20260107,5,3,1778
20260108,5,3,1770
20260109,5,3,1767
20260110,5,3,1759
20260111,5,3,1751
20260112,5,3,1747
20260113,5,3,1736
20260114,5,3,1733
20260115,5,3,1733
20260116,5,3,1726
20260117,5,3,1726
20260118,5,3,1723
20260119,5,3,1717
20260120,5,3,1706
20260121,5,3,1698
20260122,5,3,1691
20260123,5,3,1685
20260124,5,3,1681
20260125,5,3,1672
20260126,5,3,1672
20260127,5,3,1671
20260128,5,3,1670
20260129,5,3,1663
20260130,5,3,1660
20260131,5,3,1660
20260201,5,3,1827
20260202,5,3,1821
20260203,5,3,1815
20260204,5,3,1807
20260205,5,3,1801
20260206,5,3,1791
20260207,5,3,1785
20260208,5,3,1778
20260209,5,3,1775
20260210,5,3,1769
20260211,5,3,1767
20260212,5,3,1765
20260213,5,3,1754
20260214,5,3,1744
20260215,5,3,1740
20260216,5,3,1737
20260217,5,3,1730
20260218,5,3,1722
20260219,5,3,1722
20260220,5,3,1714
20260221,5,3,1714
20260222,5,3,1714
20260223,5,3,1709
20260224,5,3,1702
20260225,5,3,1698
20260226,5,3,1687
20260227,5,3,1683
20260228,5,3,1675
20260301,5,3,1896
20260302,5,3,1893
20260303,5,3,1889
20260304,5,3,1885
20260305,5,3,1884
20260306,5,3,1876
20260307,5,3,1874
20260308,5,3,1874
20260309,5,3,1864
20260310,5,3,1856
20260311,5,3,1852
20260312,5,3,1844
20260313,5,3,1843
20260314,5,3,1839
20260315,5,3,1835
20260316,5,3,1830
20260317,5,3,1825
20260318,5,3,1820
20260319,5,3,1816
20260320,5,3,1812
20260321,5,3,1812
20260322,5,3,1812
20260323,5,3,1808
20260324,5,3,1800
20260325,5,3,1790
20260326,5,3,1780
20260327,5,3,1777
20260328,5,3,1771
20260329,5,3,1767
20260330,5,3,1767
20260331,5,3,1759
20240401,19,3,376
20240402,19,3,366
20240403,19,3,359
20240404,19,3,353
20240405,19,3,345
20240406,19,3,339
20240407,19,3,331
20240408,19,3,330
20240409,19,3,319
20240410,19,3,319
20240411,19,3,311
20240412,19,3,301
20240413,19,3,301
20240414,19,3,299
20240415,19,3,296
20240416,19,3,291
20240417,19,3,289
20240418,19,3,283
20240419,19,3,272
20240420,19,3,272
20240421,19,3,262
20240422,19,3,254
20240423,19,3,249
20240424,19,3,243
20240425,19,3,242
20240426,19,3,232
20240427,19,3,232
20240428,19,3,231
20240429,19,3,223
20240430,19,3,221
20240501,19,3,379
20240502,19,3,373
20240503,19,3,370
20240504,19,3,360
20240505,19,3,349
20240506,19,3,344
20240507,19,3,338
20240508,19,3,331
20240509,19,3,328
20240510,19,3,323
20240511,19,3,321
20240512,19,3,310
20240513,19,3,304
20240514,19,3,299
20240515,19,3,297
20240516,19,3,296
20240517,19,3,296
20240518,19,3,293
20240519,19,3,286
20240520,19,3,275
20240521,19,3,267
20240522,19,3,266
20240523,19,3,266
20240524,19,3,260
20240525,19,3,254
20240526,19,3,254
20240527,19,3,248
20240528,19,3,247
20240529,19,3,240
20240530,19,3,229
20240531,19,3,229
20240601,19,3,411
20240602,19,3,403
20240603,19,3,397
20240604,19,3,386
20240605,19,3,382
20240606,19,3,375
20240607,19,3,370
20240608,19,3,359
20240609,19,3,354
20240610,19,3,353
20240611,19,3,343
20240612,19,3,339
20240613,19,3,331
20240614,19,3,327
20240615,19,3,324
20240616,19,3,322
20240617,19,3,322
20240618,19,3,321
20240619,19,3,317
20240620,19,3,308
20240621,19,3,306
20240622,19,3,298
20240623,19,3,291
20240624,19,3,283
20240625,19,3,276
20240626,19,3,266
20240627,19,3,263
20240628,19,3,255
20240629,19,3,245
20240630,19,3,238
20240701,19,3,526
20240702,19,3,521
20240703,19,3,512
20240704,19,3,507
20240705,19,3,497
20240706,19,3,497
20240707,19,3,486
20240708,19,3,476
20240709,19,3,473
20240710,19,3,472
20240711,19,3,466
20240712,19,3,459
20240713,19,3,455
20240714,19,3,448
20240715,19,3,442
20240716,19,3,438
20240717,19,3,433
20240718,19,3,432
20240719,19,3,426
20240720,19,3,419
20240721,19,3,408
20240722,19,3,404
20240723,19,3,403
20240724,19,3,402
20240725,19,3,392
20240726,19,3,382
20240727,19,3,373
20240728,19,3,368
20240729,19,3,357
20240730,19,3,349
20240731,19,3,347
20240801,19,3,531
20240802,19,3,530
20240803,19,3,522
20240804,19,3,522
20240805,19,3,514
20240806,19,3,510
20240807,19,3,510
20240808,19,3,510
20240809,19,3,508
20240810,19,3,497
20240811,19,3,486
20240812,19,3,484
20240813,19,3,481
20240814,19,3,480
20240815,19,3,474
20240816,19,3,465
20240817,19,3,459
20240818,19,3,450
20240819,19,3,439
20240820,19,3,428
20240821,19,3,425
20240822,19,3,423
20240823,19,3,418
20240824,19,3,418
20240825,19,3,413
20240826,19,3,405
20240827,19,3,403
20240828,19,3,394
20240829,19,3,384
20240830,19,3,380
20240831,19,3,377
20240901,19,3,658
20240902,19,3,649
20240903,19,3,645
20240904,19,3,641
20240905,19,3,633
20240906,19,3,625
20240907,19,3,623
20240908,19,3,623
20240909,19,3,623
20240910,19,3,619
20240911,19,3,614
20240912,19,3,612
20240913,19,3,612
20240914,19,3,609
20240915,19,3,599
20240916,19,3,597
20240917,19,3,590
20240918,19,3,582
20240919,19,3,575
20240920,19,3,566
20240921,19,3,563
20240922,19,3,561
20240923,19,3,560
20240924,19,3,555
20240925,19,3,549
20240926,19,3,542
20240927,19,3,532
20240928,19,3,531
20240929,19,3,524
20240930,19,3,520
20241001,19,3,771
20241002,19,3,771
20241003,19,3,765
20241004,19,3,762
20241005,19,3,752
20241006,19,3,744
20241007,19,3,739
20241008,19,3,735
20241009,19,3,727
20241010,19,3,722
20241011,19,3,714
20241012,19,3,706
20241013,19,3,695
20241014,19,3,692
20241015,19,3,685
20241016,19,3,680
20241017,19,3,678
20241018,19,3,676
20241019,19,3,676
20241020,19,3,673
20241021,19,3,672
20241022,19,3,670
20241023,19,3,669
20241024,19,3,669
20241025,19,3,663
20241026,19,3,652
20241027,19,3,647
20241028,19,3,641
20241029,19,3,634
20241030,19,3,628
20241031,19,3,628
20241101,19,3,835
20241102,19,3,833
20241103,19,3,832
20241104,19,3,825
20241105,19,3,817
20241106,19,3,809
20241107,19,3,801
20241108,19,3,798
20241109,19,3,792
20241110,19,3,782
20241111,19,3,780
20241112,19,3,772
20241113,19,3,765
20241114,19,3,762
20241115,19,3,751
20241116,19,3,750
20241117,19,3,741
20241118,19,3,735
20241119,19,3,734
20241120,19,3,729
20241121,19,3,726
20241122,19,3,721
20241123,19,3,712
20241124,19,3,705
20241125,19,3,703
20241126,19,3,695
20241127,19,3,687
20241128,19,3,686
20241129,19,3,675
20241130,19,3,675
20241201,19,3,864
20241202,19,3,863
20241203,19,3,856
20241204,19,3,851
20241205,19,3,842
20241206,19,3,839
20241207,19,3,829
20241208,19,3,823
20241209,19,3,823
20241210,19,3,820
20241211,19,3,816
20241212,19,3,810
20241213,19,3,802
20241214,19,3,801
20241215,19,3,792
20241216,19,3,790
20241217,19,3,779
20241218,19,3,775
20241219,19,3,764
20241220,19,3,763
20241221,19,3,761
20241222,19,3,750
20241223,19,3,748
20241224,19,3,745
20241225,19,3,739
20241226,19,3,737
20241227,19,3,733
20241228,19,3,725
20241229,19,3,720
20241230,19,3,715
20241231,19,3,707
20250101,19,3,990
20250102,19,3,990
20250103,19,3,983
20250104,19,3,978
20250105,19,3,973
20250106,19,3,971
20250107,19,3,968
20250108,19,3,960
20250109,19,3,949
20250110,19,3,943
20250111,19,3,941
20250112,19,3,939
20250113,19,3,937
20250114,19,3,931
20250115,19,3,923
20250116,19,3,914
20250117,19,3,907
20250118,19,3,896
20250119,19,3,886
20250120,19,3,884
20250121,19,3,874
20250122,19,3,874
20250123,19,3,866
20250124,19,3,860
20250125,19,3,860
20250126,19,3,857
20250127,19,3,847
20250128,19,3,839
20250129,19,3,833
20250130,19,3,824
20250131,19,3,822
20250201,19,3,993
20250202,19,3,988
20250203,19,3,986
20250204,19,3,986
20250205,19,3,981
20250206,19,3,973
20250207,19,3,969
20250208,19,3,963
20250209,19,3,961
20250210,19,3,950
20250211,19,3,941
20250212,19,3,937
20250213,19,3,932
20250214,19,3,925
20250215,19,3,924
20250216,19,3,918
20250217,19,3,916
20250218,19,3,910
20250219,19,3,905
20250220,19,3,900
20250221,19,3,893
20250222,19,3,889
20250223,19,3,880
20250224,19,3,878
20250225,19,3,878
20250226,19,3,870
20250227,19,3,863
20250228,19,3,855
20250301,19,3,1055
20250302,19,3,1055
20250303,19,3,1044
20250304,19,3,1034
20250305,19,3,1031
20250306,19,3,1028
20250307,19,3,1027
20250308,19,3,1016
20250309,19,3,1016
20250310,19,3,1007
20250311,19,3,1006
20250312,19,3,995
20250313,19,3,992
20250314,19,3,987
20250315,19,3,987
20250316,19,3,984
20250317,19,3,973
20250318,19,3,966
20250319,19,3,963
20250320,19,3,953
20250321,19,3,942
20250322,19,3,938
20250323,19,3,934
20250324,19,3,924
20250325,19,3,918
20250326,19,3,915
20250327,19,3,908
20250328,19,3,904
20250329,19,3,900
20250330,19,3,893
20250331,19,3,889
20250401,19,3,1110
20250402,19,3,1100
20250403,19,3,1090
20250404,19,3,1080
20250405,19,3,1072
20250406,19,3,1067
20250407,19,3,1062
20250408,19,3,1062
20250409,19,3,1053
20250410,19,3,1042
20250411,19,3,1035
20250412,19,3,1024
20250413,19,3,1018
20250414,19,3,1017
20250415,19,3,1007
20250416,19,3,1003
20250417,19,3,997
20250418,19,3,990
20250419,19,3,985
20250420,19,3,980
20250421,19,3,972
20250422,19,3,969
20250423,19,3,964
20250424,19,3,963
20250425,19,3,960
20250426,19,3,952
20250427,19,3,946
20250428,19,3,942
20250429,19,3,931
20250430,19,3,929
20250501,19,3,1154
20250502,19,3,1143
20250503,19,3,1133
20250504,19,3,1124
20250505,19,3,1121
20250506,19,3,1116
20250507,19,3,1111
20250508,19,3,1107
20250509,19,3,1107
20250510,19,3,1100
20250511,19,3,1100
20250512,19,3,1089
20250513,19,3,1088
20250514,19,3,1084
20250515,19,3,1081
20250516,19,3,1079
20250517,19,3,1068
20250518,19,3,1067
20250519,19,3,1058
20250520,19,3,1052
20250521,19,3,1044
20250522,19,3,1039
20250523,19,3,1039
20250524,19,3,1033
20250525,19,3,1033
20250526,19,3,1028
20250527,19,3,1022
20250528,19,3,1016
20250529,19,3,1008
20250530,19,3,1005
20250531,19,3,994
20250601,19,3,1207
20250602,19,3,1202
20250603,19,3,1198
20250604,19,3,1192
20250605,19,3,1182
20250606,19,3,1177
20250607,19,3,1177
20250608,19,3,1170
20250609,19,3,1166
20250610,19,3,1158
20250611,19,3,1149
20250612,19,3,1145
20250613,19,3,1134
20250614,19,3,1126
20250615,19,3,1118
20250616,19,3,1108
20250617,19,3,1098
20250618,19,3,1089
20250619,19,3,1078
20250620,19,3,1069
20250621,19,3,1059
20250622,19,3,1051
20250623,19,3,1046
20250624,19,3,1042
20250625,19,3,1033
20250626,19,3,1022
20250627,19,3,1016
20250628,19,3,1014
20250629,19,3,1005
20250630,19,3,1002
20250701,19,3,1260
20250702,19,3,1250
20250703,19,3,1245
20250704,19,3,1241
20250705,19,3,1233
20250706,19,3,1225
20250707,19,3,1222
20250708,19,3,1222
20250709,19,3,1211
20250710,19,3,1200
20250711,19,3,1193
20250712,19,3,1192
20250713,19,3,1181
20250714,19,3,1176
20250715,19,3,1169
20250716,19,3,1161
20250717,19,3,1154
20250718,19,3,1152
20250719,19,3,1141
20250720,19,3,1135
20250721,19,3,1124
20250722,19,3,1123
20250723,19,3,1115
20250724,19,3,1113
20250725,19,3,1112
20250726,19,3,1102
20250727,19,3,1101
20250728,19,3,1101
20250729,19,3,1101
20250730,19,3,1097
20250731,19,3,1096
20250801,19,3,1251
20250802,19,3,1249
20250803,19,3,1244
20250804,19,3,1243
20250805,19,3,1235
20250806,19,3,1230
20250807,19,3,1220
20250808,19,3,1211
20250809,19,3,1207
20250810,19,3,1204
20250811,19,3,1194
20250812,19,3,1190
20250813,19,3,1180
20250814,19,3,1179
20250815,19,3,1171
20250816,19,3,1166
20250817,19,3,1156
20250818,19,3,1155
20250819,19,3,1144
20250820,19,3,1133
20250821,19,3,1128
20250822,19,3,1121
20250823,19,3,1115
20250824,19,3,1108
20250825,19,3,1102
20250826,19,3,1095
20250827,19,3,1090
20250828,19,3,1079
20250829,19,3,1068
20250830,19,3,1059
20250831,19,3,1058
20250901,19,3,1238
20250902,19,3,1237
20250903,19,3,1227
20250904,19,3,1224
20250905,19,3,1215
20250906,19,3,1205
20250907,19,3,1202
20250908,19,3,1194
20250909,19,3,1187
20250910,19,3,1180
20250911,19,3,1180
20250912,19,3,1174
20250913,19,3,1168
20250914,19,3,1168
20250915,19,3,1157
20250916,19,3,1148
20250917,19,3,1141
20250918,19,3,1137
20250919,19,3,1127
20250920,19,3,1122
20250921,19,3,1122
20250922,19,3,1111
20250923,19,3,1105
20250924,19,3,1098
20250925,19,3,1090
20250926,19,3,1089
20250927,19,3,1089
20250928,19,3,1084
20250929,19,3,1074
20250930,19,3,1063
20251001,19,3,1240
20251002,19,3,1230
20251003,19,3,1221
20251004,19,3,1218
20251005,19,3,1210
20251006,19,3,1199
20251007,19,3,1193
20251008,19,3,1183
20251009,19,3,1180
20251010,19,3,1170
20251011,19,3,1168
20251012,19,3,1160
20251013,19,3,1156
20251014,19,3,1152
20251015,19,3,1144
20251016,19,3,1139
20251017,19,3,1129
20251018,19,3,1122
20251019,19,3,1116
20251020,19,3,1113
20251021,19,3,1106
20251022,19,3,1103
20251023,19,3,1095
20251024,19,3,1090
20251025,19,3,1084
20251026,19,3,1078
20251027,19,3,1078
20251028,19,3,1069
20251029,19,3,1058
20251030,19,3,1050
20251031,19,3,1048
20251101,19,3,1290
20251102,19,3,1283
20251103,19,3,1278
20251104,19,3,1268
20251105,19,3,1262
20251106,19,3,1262
20251107,19,3,1252
20251108,19,3,1246
20251109,19,3,1236
20251110,19,3,1236
20251111,19,3,1234
20251112,19,3,1233
20251113,19,3,1230
20251114,19,3,1225
20251115,19,3,1218
20251116,19,3,1214
20251117,19,3,1209
20251118,19,3,1201
20251119,19,3,1197
20251120,19,3,1188
20251121,19,3,1187
20251122,19,3,1178
20251123,19,3,1169
20251124,19,3,1163
20251125,19,3,1160
20251126,19,3,1160
20251127,19,3,1149
20251128,19,3,1149
20251129,19,3,1148
20251130,19,3,1146
20251201,19,3,1321
20251202,19,3,1319
20251203,19,3,1314
20251204,19,3,1304
20251205,19,3,1300
20251206,19,3,1299
20251207,19,3,1298
20251208,19,3,1288
20251209,19,3,1287
20251210,19,3,1276
20251211,19,3,1276
20251212,19,3,1276
20251213,19,3,1276
20251214,19,3,1265
20251215,19,3,1265
20251216,19,3,1255
20251217,19,3,1255
20251218,19,3,1247
20251219,19,3,1242
20251220,19,3,1240
20251221,19,3,1232
20251222,19,3,1224
20251223,19,3,1219
20251224,19,3,1218
20251225,19,3,1215
20251226,19,3,1215
20251227,19,3,1208
20251228,19,3,1204
20251229,19,3,1197
20251230,19,3,1191
20251231,19,3,1183
20260101,19,3,1398
20260102,19,3,1391
20260103,19,3,1380
20260104,19,3,1372
20260105,19,3,1370
20260106,19,3,1367
20260107,19,3,1356
20260108,19,3,1348
20260109,19,3,1341
20260110,19,3,1333
20260111,19,3,1330
20260112,19,3,1319
20260113,19,3,1317
20260114,19,3,1306
20260115,19,3,1304
20260116,19,3,1301
20260117,19,3,1294
20260118,19,3,1289
20260119,19,3,1278
20260120,19,3,1268
20260121,19,3,1258
20260122,19,3,1252
20260123,19,3,1241
20260124,19,3,1233
20260125,19,3,1230
20260126,19,3,1223
20260127,19,3,1219
20260128,19,3,1216
20260129,19,3,1208
20260130,19,3,1204
20260131,19,3,1201
20260201,19,3,1475
20260202,19,3,1467
20260203,19,3,1464
20260204,19,3,1460
20260205,19,3,1456
20260206,19,3,1451
20260207,19,3,1442
20260208,19,3,1438
20260209,19,3,1438
20260210,19,3,1437
20260211,19,3,1437
20260212,19,3,1427
20260213,19,3,1427
20260214,19,3,1416
20260215,19,3,1409
20260216,19,3,1409
20260217,19,3,1405
20260218,19,3,1396
20260219,19,3,1391
20260220,19,3,1382
20260221,19,3,1377
20260222,19,3,1373
20260223,19,3,1371
20260224,19,3,1364
20260225,19,3,1355
20260226,19,3,1347
20260227,19,3,1345
20260228,19,3,1341
20260301,19,3,1591
20260302,19,3,1583
20260303,19,3,1572
20260304,19,3,1569
20260305,19,3,1565
20260306,19,3,1557
20260307,19,3,1549
20260308,19,3,1547
20260309,19,3,1542
20260310,19,3,1536
20260311,19,3,1527
20260312,19,3,1519
20260313,19,3,1518
20260314,19,3,1517
20260315,19,3,1507
20260316,19,3,1499
20260317,19,3,1489
20260318,19,3,1488
20260319,19,3,1482
20260320,19,3,1482
20260321,19,3,1477
20260322,19,3,1473
20260323,19,3,1470
20260324,19,3,1468
20260325,19,3,1467
20260326,19,3,1466
20260327,19,3,1460
20260328,19,3,1457
20260329,19,3,1454
20260330,19,3,1445
20260331,19,3,1441
20240401,29,3,691
20240402,29,3,683
20240403,29,3,672
20240404,29,3,664
20240405,29,3,657
20240406,29,3,653
20240407,29,3,645
20240408,29,3,641
20240409,29,3,638
20240410,29,3,638
20240411,29,3,628
20240412,29,3,625
20240413,29,3,621
20240414,29,3,612
20240415,29,3,604
20240416,29,3,596
20240417,29,3,587
20240418,29,3,576
20240419,29,3,565
20240420,29,3,560
20240421,29,3,560
20240422,29,3,559
20240423,29,3,556
20240424,29,3,550
20240425,29,3,545
20240426,29,3,538
20240427,29,3,529
20240428,29,3,521
20240429,29,3,513
20240430,29,3,503
20240501,29,3,660
20240502,29,3,650
20240503,29,3,649
20240504,29,3,645
20240505,29,3,636
20240506,29,3,626
20240507,29,3,617
20240508,29,3,607
20240509,29,3,607
20240510,29,3,596
20240511,29,3,591
20240512,29,3,582
20240513,29,3,579
20240514,29,3,570
20240515,29,3,569
20240516,29,3,563
20240517,29,3,563
20240518,29,3,557
20240519,29,3,546
20240520,29,3,540
20240521,29,3,540
20240522,29,3,534
20240523,29,3,532
20240524,29,3,530
20240525,29,3,524
20240526,29,3,521
20240527,29,3,517
20240528,29,3,515
20240529,29,3,508
20240530,29,3,500
20240531,29,3,490
20240601,29,3,703
20240602,29,3,701
20240603,29,3,690
20240604,29,3,681
20240605,29,3,675
20240606,29,3,665
20240607,29,3,662
20240608,29,3,662
20240609,29,3,655
20240610,29,3,645
20240611,29,3,644
20240612,29,3,644
20240613,29,3,636
20240614,29,3,628
20240615,29,3,628
20240616,29,3,618
20240617,29,3,607
20240618,29,3,605
20240619,29,3,595
20240620,29,3,584
20240621,29,3,579
20240622,29,3,571
20240623,29,3,566
20240624,29,3,555
20240625,29,3,554
20240626,29,3,552
20240627,29,3,550
20240628,29,3,549
20240629,29,3,549
20240630,29,3,542
20240701,29,3,775
20240702,29,3,767
20240703,29,3,758
20240704,29,3,755
20240705,29,3,750
20240706,29,3,743
20240707,29,3,743
20240708,29,3,737
20240709,29,3,732
20240710,29,3,729
20240711,29,3,722
20240712,29,3,719
20240713,29,3,716
20240714,29,3,708
20240715,29,3,702
20240716,29,3,700
20240717,29,3,693
20240718,29,3,690
20240719,29,3,682
20240720,29,3,677
20240721,29,3,675
20240722,29,3,675
20240723,29,3,672
20240724,29,3,665
20240725,29,3,657
20240726,29,3,648
20240727,29,3,644
20240728,29,3,633
20240729,29,3,624
20240730,29,3,621
20240731,29,3,618
20240801,29,3,844
20240802,29,3,839
20240803,29,3,838
20240804,29,3,829
20240805,29,3,824
20240806,29,3,824
20240807,29,3,822
20240808,29,3,816
20240809,29,3,810
20240810,29,3,809
20240811,29,3,801
20240812,29,3,794
20240813,29,3,788
20240814,29,3,788
20240815,29,3,787
20240816,29,3,785
20240817,29,3,774
20240818,29,3,772
20240819,29,3,772
20240820,29,3,769
20240821,29,3,761
20240822,29,3,759
20240823,29,3,751
20240824,29,3,751
20240825,29,3,741
20240826,29,3,735
20240827,29,3,725
20240828,29,3,717
20240829,29,3,716
20240830,29,3,709
20240831,29,3,698
20240901,29,3,918
20240902,29,3,912
20240903,29,3,906
20240904,29,3,897
20240905,29,3,896
20240906,29,3,889
20240907,29,3,885
20240908,29,3,883
20240909,29,3,874
20240910,29,3,868
20240911,29,3,857
20240912,29,3,855
20240913,29,3,852
20240914,29,3,842
20240915,29,3,837
20240916,29,3,833
20240917,29,3,824
20240918,29,3,823
20240919,29,3,816
20240920,29,3,812
20240921,29,3,802
20240922,29,3,801
20240923,29,3,798
20240924,29,3,796
20240925,29,3,794
20240926,29,3,791
20240927,29,3,785
20240928,29,3,780
20240929,29,3,775
20240930,29,3,765
20241001,29,3,1045
20241002,29,3,1044
20241003,29,3,1036
20241004,29,3,1036
20241005,29,3,1029
20241006,29,3,1027
20241007,29,3,1025
20241008,29,3,1017
20241009,29,3,1008
20241010,29,3,1005
20241011,29,3,1001
20241012,29,3,1000
20241013,29,3,990
20241014,29,3,980
20241015,29,3,979
20241016,29,3,970
20241017,29,3,959
20241018,29,3,949
20241019,29,3,944
20241020,29,3,943
20241021,29,3,937
20241022,29,3,934
20241023,29,3,930
20241024,29,3,923
20241025,29,3,917
20241026,29,3,917
20241027,29,3,910
20241028,29,3,899
20241029,29,3,897
20241030,29,3,886
20241031,29,3,885
20241101,29,3,1111
20241102,29,3,1100
20241103,29,3,1091
20241104,29,3,1080
20241105,29,3,1080
20241106,29,3,1073
20241107,29,3,1064
20241108,29,3,1063
20241109,29,3,1052
20241110,29,3,1051
20241111,29,3,1050
20241112,29,3,1047
20241113,29,3,1036
20241114,29,3,1027
20241115,29,3,1022
20241116,29,3,1016
20241117,29,3,1016
20241118,29,3,1007
20241119,29,3,1007
20241120,29,3,999
20241121,29,3,995
20241122,29,3,986
20241123,29,3,986
20241124,29,3,983
20241125,29,3,976
20241126,29,3,968
20241127,29,3,968
20241128,29,3,968
20241129,29,3,964
20241130,29,3,956
20241201,29,3,1195
20241202,29,3,1188
20241203,29,3,1184
20241204,29,3,1178
20241205,29,3,1170
20241206,29,3,1168
20241207,29,3,1168
20241208,29,3,1165
20241209,29,3,1156
20241210,29,3,1146
20241211,29,3,1140
20241212,29,3,1130
20241213,29,3,1125
20241214,29,3,1117
20241215,29,3,1111
20241216,29,3,1111
20241217,29,3,1108
20241218,29,3,1100
20241219,29,3,1093
20241220,29,3,1085
20241221,29,3,1083
20241222,29,3,1081
20241223,29,3,1070
20241224,29,3,1066
20241225,29,3,1057
20241226,29,3,1057
20241227,29,3,1047
20241228,29,3,1037
20241229,29,3,1029
20241230,29,3,1026
20241231,29,3,1026
20250101,29,3,1201
20250102,29,3,1190
20250103,29,3,1182
20250104,29,3,1177
20250105,29,3,1170
20250106,29,3,1162
20250107,29,3,1154
20250108,29,3,1153
20250109,29,3,1147
20250110,29,3,1137
20250111,29,3,1130
20250112,29,3,1126
20250113,29,3,1120
20250114,29,3,1112
20250115,29,3,1112
20250116,29,3,1110
20250117,29,3,1103
20250118,29,3,1102
20250119,29,3,1097
20250120,29,3,1088
20250121,29,3,1082
20250122,29,3,1073
20250123,29,3,1073
20250124,29,3,1068
20250125,29,3,1058
20250126,29,3,1051
20250127,29,3,1041
20250128,29,3,1037
20250129,29,3,1037
20250130,29,3,1034
20250131,29,3,1024
20250201,29,3,1197
20250202,29,3,1190
20250203,29,3,1181
20250204,29,3,1170
20250205,29,3,1159
20250206,29,3,1153
20250207,29,3,1146
20250208,29,3,1145
20250209,29,3,1144
20250210,29,3,1133
20250211,29,3,1132
20250212,29,3,1132
20250213,29,3,1132
20250214,29,3,1132
20250215,29,3,1127
20250216,29,3,1126
20250217,29,3,1125
20250218,29,3,1115
20250219,29,3,1115
20250220,29,3,1114
20250221,29,3,1108
20250222,29,3,1106
20250223,29,3,1103
20250224,29,3,1098
20250225,29,3,1096
20250226,29,3,1088
20250227,29,3,1080
20250228,29,3,1080
20250301,29,3,1312
20250302,29,3,1306
20250303,29,3,1299
20250304,29,3,1295
20250305,29,3,1288
20250306,29,3,1279
20250307,29,3,1270
20250308,29,3,1269
20250309,29,3,1263
20250310,29,3,1258
20250311,29,3,1248
20250312,29,3,1244
20250313,29,3,1242
20250314,29,3,1233
20250315,29,3,1229
20250316,29,3,1227
20250317,29,3,1221
20250318,29,3,1210
20250319,29,3,1207
20250320,29,3,1206
20250321,29,3,1201
20250322,29,3,1196
20250323,29,3,1193
20250324,29,3,1186
20250325,29,3,1186
20250326,29,3,1181
20250327,29,3,1180
20250328,29,3,1170
20250329,29,3,1164
20250330,29,3,1157
20250331,29,3,1150
20250401,29,3,1394
20250402,29,3,1384
20250403,29,3,1377
20250404,29,3,1376
20250405,29,3,1372
20250406,29,3,1367
20250407,29,3,1357
20250408,29,3,1353
20250409,29,3,1343
20250410,29,3,1334
20250411,29,3,1330
20250412,29,3,1320
20250413,29,3,1315
20250414,29,3,1310
20250415,29,3,1309
20250416,29,3,1308
20250417,29,3,1302
20250418,29,3,1293
20250419,29,3,1283
20250420,29,3,1274
20250421,29,3,1269
20250422,29,3,1266
20250423,29,3,1262
20250424,29,3,1260
20250425,29,3,1254
20250426,29,3,1253
20250427,29,3,1244
20250428,29,3,1243
20250429,29,3,1239
20250430,29,3,1236
20250501,29,3,1471
20250502,29,3,1467
20250503,29,3,1464
20250504,29,3,1453
20250505,29,3,1443
20250506,29,3,1433
20250507,29,3,1429
20250508,29,3,1429
20250509,29,3,1421
20250510,29,3,1419
20250511,29,3,1417
20250512,29,3,1408
20250513,29,3,1407
20250514,29,3,1397
20250515,29,3,1395
20250516,29,3,1392
20250517,29,3,1385
20250518,29,3,1377
20250519,29,3,1370
20250520,29,3,1364
20250521,29,3,1357
20250522,29,3,1353
20250523,29,3,1348
20250524,29,3,1347
20250525,29,3,1341
20250526,29,3,1337
20250527,29,3,1326
20250528,29,3,1315
20250529,29,3,1315
20250530,29,3,1308
20250531,29,3,1308
20250601,29,3,1506
20250602,29,3,1503
20250603,29,3,1494
20250604,29,3,1494
20250605,29,3,1484
20250606,29,3,1473
20250607,29,3,1465
20250608,29,3,1454
20250609,29,3,1452
20250610,29,3,1445
20250611,29,3,1436
20250612,29,3,1432
20250613,29,3,1430
20250614,29,3,1426
20250615,29,3,1426
20250616,29,3,1420
20250617,29,3,1419
20250618,29,3,1416
20250619,29,3,1405
20250620,29,3,1405
20250621,29,3,1397
20250622,29,3,1395
20250623,29,3,1394
20250624,29,3,1388
20250625,29,3,1385
20250626,29,3,1377
20250627,29,3,1367
20250628,29,3,1359
20250629,29,3,1351
20250630,29,3,1344
20250701,29,3,1525
20250702,29,3,1514
20250703,29,3,1508
20250704,29,3,1502
20250705,29,3,1495
20250706,29,3,1489
20250707,29,3,1488
20250708,29,3,1481
20250709,29,3,1480
20250710,29,3,1472
20250711,29,3,1462
20250712,29,3,1459
20250713,29,3,1456
20250714,29,3,1456
20250715,29,3,1453
20250716,29,3,1446
20250717,29,3,1444
20250718,29,3,1439
20250719,29,3,1430
20250720,29,3,1421
20250721,29,3,1421
20250722,29,3,1410
20250723,29,3,1400
20250724,29,3,1393
20250725,29,3,1384
20250726,29,3,1377
20250727,29,3,1373
20250728,29,3,1366
20250729,29,3,1356
20250730,29,3,1356
20250731,29,3,1348
20250801,29,3,1542
20250802,29,3,1535
20250803,29,3,1534
20250804,29,3,1528
20250805,29,3,1518
20250806,29,3,1509
20250807,29,3,1501
20250808,29,3,1500
20250809,29,3,1489
20250810,29,3,1482
20250811,29,3,1473
20250812,29,3,1463
20250813,29,3,1452
20250814,29,3,1445
20250815,29,3,1439
20250816,29,3,1439
20250817,29,3,1438
20250818,29,3,1431
20250819,29,3,1420
20250820,29,3,1410
20250821,29,3,1400
20250822,29,3,1399
20250823,29,3,1394
20250824,29,3,1387
20250825,29,3,1380
20250826,29,3,1375
20250827,29,3,1364
20250828,29,3,1362
20250829,29,3,1352
20250830,29,3,1347
20250831,29,3,1340
20250901,29,3,1549
20250902,29,3,1543
20250903,29,3,1537
20250904,29,3,1529
20250905,29,3,1529
20250906,29,3,1528
20250907,29,3,1524
20250908,29,3,1522
20250909,29,3,1514
20250910,29,3,1507
20250911,29,3,1506
20250912,29,3,1505
20250913,29,3,1495
20250914,29,3,1488
20250915,29,3,1478
20250916,29,3,1471
20250917,29,3,1467
20250918,29,3,1463
20250919,29,3,1454
20250920,29,3,1443
20250921,29,3,1438
20250922,29,3,1433
20250923,29,3,1429
20250924,29,3,1418
20250925,29,3,1417
20250926,29,3,1415
20250927,29,3,1406
20250928,29,3,1395
20250929,29,3,1392
20250930,29,3,1386
20251001,29,3,1567
20251002,29,3,1567
20251003,29,3,1560
20251004,29,3,1553
20251005,29,3,1542
20251006,29,3,1536
20251007,29,3,1532
20251008,29,3,1527
20251009,29,3,1520
20251010,29,3,1510
20251011,29,3,1510
20251012,29,3,1502
20251013,29,3,1496
20251014,29,3,1494
20251015,29,3,1490
20251016,29,3,1484
20251017,29,3,1475
20251018,29,3,1465
20251019,29,3,1460
20251020,29,3,1452
20251021,29,3,1446
20251022,29,3,1438
20251023,29,3,1427
20251024,29,3,1426
20251025,29,3,1416
20251026,29,3,1414
20251027,29,3,1403
20251028,29,3,1399
20251029,29,3,1397
20251030,29,3,1397
20251031,29,3,1387
20251101,29,3,1640
20251102,29,3,1629
20251103,29,3,1619
20251104,29,3,1617
20251105,29,3,1611
20251106,29,3,1604
20251107,29,3,1596
20251108,29,3,1590
20251109,29,3,1587
20251110,29,3,1585
20251111,29,3,1583
20251112,29,3,1578
20251113,29,3,1572
20251114,29,3,1561
20251115,29,3,1560
20251116,29,3,1555
20251117,29,3,1548
20251118,29,3,1543
20251119,29,3,1543
20251120,29,3,1535
20251121,29,3,1533
20251122,29,3,1525
20251123,29,3,1522
20251124,29,3,1514
20251125,29,3,1512
20251126,29,3,1505
20251127,29,3,1504
20251128,29,3,1501
20251129,29,3,1492
20251130,29,3,1489
20251201,29,3,1696
20251202,29,3,1693
20251203,29,3,1687
20251204,29,3,1684
20251205,29,3,1678
20251206,29,3,1669
20251207,29,3,1660
20251208,29,3,1658
20251209,29,3,1650
20251210,29,3,1641
20251211,29,3,1635
20251212,29,3,1627
20251213,29,3,1622
20251214,29,3,1622
20251215,29,3,1616
20251216,29,3,1606
20251217,29,3,1601
20251218,29,3,1595
20251219,29,3,1587
20251220,29,3,1577
20251221,29,3,1572
20251222,29,3,1569
20251223,29,3,1562
20251224,29,3,1554
20251225,29,3,1546
20251226,29,3,1539
20251227,29,3,1528
20251228,29,3,1525
20251229,29,3,1522
20251230,29,3,1512
20251231,29,3,1510
20260101,29,3,1780
20260102,29,3,1772
20260103,29,3,1762
20260104,29,3,1752
20260105,29,3,1745
20260106,29,3,1743
20260107,29,3,1739
20260108,29,3,1731
20260109,29,3,1724
20260110,29,3,1721
20260111,29,3,1715
20260112,29,3,1704
20260113,29,3,1704
20260114,29,3,1698
20260115,29,3,1692
20260116,29,3,1682
20260117,29,3,1679
20260118,29,3,1677
20260119,29,3,1672
20260120,29,3,1669
20260121,29,3,1659
20260122,29,3,1650
20260123,29,3,1646
20260124,29,3,1642
20260125,29,3,1642
20260126,29,3,1641
20260127,29,3,1635
20260128,29,3,1628
20260129,29,3,1619
20260130,29,3,1618
20260131,29,3,1617
20260201,29,3,1849
20260202,29,3,1839
20260203,29,3,1834
20260204,29,3,1827
20260205,29,3,1818
20260206,29,3,1812
20260207,29,3,1812
20260208,29,3,1810
20260209,29,3,1806
20260210,29,3,1805
20260211,29,3,1799
20260212,29,3,1799
20260213,29,3,1798
20260214,29,3,1789
20260215,29,3,1788
20260216,29,3,1788
20260217,29,3,1783
20260218,29,3,1773
20260219,29,3,1771
20260220,29,3,1767
20260221,29,3,1758
20260222,29,3,1748
20260223,29,3,1745
20260224,29,3,1744
20260225,29,3,1742
20260226,29,3,1733
20260227,29,3,1729
20260228,29,3,1719
20260301,29,3,1938
20260302,29,3,1930
20260303,29,3,1919
20260304,29,3,1911
20260305,29,3,1909
20260306,29,3,1906
20260307,29,3,1905
20260308,29,3,1898
20260309,29,3,1887
20260310,29,3,1884
20260311,29,3,1881
20260312,29,3,1870
20260313,29,3,1870
20260314,29,3,1868
20260315,29,3,1864
20260316,29,3,1853
20260317,29,3,1842
20260318,29,3,1832
20260319,29,3,1822
20260320,29,3,1822
20260321,29,3,1821
20260322,29,3,1811
20260323,29,3,1807
20260324,29,3,1806
20260325,29,3,1800
20260326,29,3,1789
20260327,29,3,1780
20260328,29,3,1775
20260329,29,3,1773
20260330,29,3,1764
20260331,29,3,1763
20240401,39,3,492
20240402,39,3,492
20240403,39,3,481
20240404,39,3,475
20240405,39,3,466
20240406,39,3,458
20240407,39,3,449
20240408,39,3,441
20240409,39,3,433
20240410,39,3,427
20240411,39,3,426
20240412,39,3,417
20240413,39,3,412
20240414,39,3,405
20240415,39,3,402
20240416,39,3,393
20240417,39,3,384
20240418,39,3,378
20240419,39,3,376
20240420,39,3,371
20240421,39,3,368
20240422,39,3,361
20240423,39,3,361
20240424,39,3,356
20240425,39,3,345
20240426,39,3,343
20240427,39,3,338
20240428,39,3,333
20240429,39,3,323
20240430,39,3,312
20240501,39,3,580
20240502,39,3,575
20240503,39,3,567
20240504,39,3,567
20240505,39,3,560
20240506,39,3,557
20240507,39,3,552
20240508,39,3,545
20240509,39,3,541
20240510,39,3,538
20240511,39,3,536
20240512,39,3,532
20240513,39,3,532
20240514,39,3,522
20240515,39,3,512
20240516,39,3,504
20240517,39,3,501
20240518,39,3,492
20240519,39,3,485
20240520,39,3,482
20240521,39,3,477
20240522,39,3,477
20240523,39,3,476
20240524,39,3,472
20240525,39,3,472
20240526,39,3,462
20240527,39,3,451
20240528,39,3,448
20240529,39,3,444
20240530,39,3,435
20240531,39,3,432
20240601,39,3,698
20240602,39,3,692
20240603,39,3,692
20240604,39,3,684
20240605,39,3,676
20240606,39,3,671
20240607,39,3,661
20240608,39,3,654
20240609,39,3,651
20240610,39,3,644
20240611,39,3,639
20240612,39,3,631
20240613,39,3,624
20240614,39,3,615
20240615,39,3,613
20240616,39,3,613
20240617,39,3,609
20240618,39,3,609
20240619,39,3,604
20240620,39,3,600
20240621,39,3,593
20240622,39,3,585
20240623,39,3,574
20240624,39,3,574
20240625,39,3,569
20240626,39,3,560
20240627,39,3,557
20240628,39,3,547
20240629,39,3,540
20240630,39,3,535
20240701,39,3,696
20240702,39,3,696
20240703,39,3,693
20240704,39,3,689
20240705,39,3,688
20240706,39,3,688
20240707,39,3,678
20240708,39,3,673
20240709,39,3,672
20240710,39,3,669
20240711,39,3,662
20240712,39,3,652
20240713,39,3,647
20240714,39,3,645
20240715,39,3,640
20240716,39,3,632
20240717,39,3,631
20240718,39,3,624
20240719,39,3,620
20240720,39,3,609
20240721,39,3,604
20240722,39,3,598
20240723,39,3,590
20240724,39,3,581
20240725,39,3,581
20240726,39,3,577
20240727,39,3,577
20240728,39,3,577
20240729,39,3,572
20240730,39,3,568
20240731,39,3,560
20240801,39,3,799
20240802,39,3,796
20240803,39,3,790
20240804,39,3,789
20240805,39,3,784
20240806,39,3,783
20240807,39,3,773
20240808,39,3,767
20240809,39,3,767
20240810,39,3,763
20240811,39,3,754
20240812,39,3,745
20240813,39,3,737
20240814,39,3,730
20240815,39,3,719
20240816,39,3,708
20240817,39,3,704
20240818,39,3,693
20240819,39,3,685
20240820,39,3,685
20240821,39,3,677
20240822,39,3,675
20240823,39,3,665
20240824,39,3,663
20240825,39,3,658
20240826,39,3,648
20240827,39,3,639
20240828,39,3,638
20240829,39,3,627
20240830,39,3,622
20240831,39,3,616
20240901,39,3,773
20240902,39,3,768
20240903,39,3,764
20240904,39,3,764
20240905,39,3,763
20240906,39,3,755
20240907,39,3,748
20240908,39,3,742
20240909,39,3,736
20240910,39,3,725
20240911,39,3,720
20240912,39,3,709
20240913,39,3,706
20240914,39,3,697
20240915,39,3,690
20240916,39,3,687
20240917,39,3,686
20240918,39,3,685
20240919,39,3,678
20240920,39,3,677
20240921,39,3,670
20240922,39,3,662
20240923,39,3,654
20240924,39,3,653
20240925,39,3,652
20240926,39,3,649
20240927,39,3,644
20240928,39,3,643
20240929,39,3,638
20240930,39,3,638
20241001,39,3,805
20241002,39,3,799
20241003,39,3,795
20241004,39,3,787
20241005,39,3,785
20241006,39,3,784
20241007,39,3,773
20241008,39,3,768
20241009,39,3,761
20241010,39,3,753
20241011,39,3,750
20241012,39,3,750
20241013,39,3,740
20241014,39,3,732
20241015,39,3,726
20241016,39,3,716
20241017,39,3,711
20241018,39,3,711
20241019,39,3,702
20241020,39,3,693
20241021,39,3,689
20241022,39,3,687
20241023,39,3,678
20241024,39,3,678
20241025,39,3,678
20241026,39,3,668
20241027,39,3,666
20241028,39,3,657
20241029,39,3,651
20241030,39,3,640
20241031,39,3,630
20241101,39,3,844
20241102,39,3,843
20241103,39,3,832
20241104,39,3,821
20241105,39,3,818
20241106,39,3,812
20241107,39,3,801
20241108,39,3,798
20241109,39,3,797
20241110,39,3,786
20241111,39,3,784
20241112,39,3,783
20241113,39,3,778
20241114,39,3,773
20241115,39,3,771
20241116,39,3,761
20241117,39,3,761
20241118,39,3,750
20241119,39,3,743
20241120,39,3,740
20241121,39,3,736
20241122,39,3,736
20241123,39,3,725
20241124,39,3,717
20241125,39,3,706
20241126,39,3,706
20241127,39,3,695
20241128,39,3,686
20241129,39,3,680
20241130,39,3,673
20241201,39,3,863
20241202,39,3,852
20241203,39,3,843
20241204,39,3,839
20241205,39,3,833
20241206,39,3,829
20241207,39,3,825
20241208,39,3,818
20241209,39,3,813
20241210,39,3,806
20241211,39,3,795
20241212,39,3,794
20241213,39,3,790
20241214,39,3,788
20241215,39,3,788
20241216,39,3,788
20241217,39,3,784
20241218,39,3,783
20241219,39,3,775
20241220,39,3,771
20241221,39,3,769
20241222,39,3,758
20241223,39,3,751
20241224,39,3,742
20241225,39,3,733
20241226,39,3,731
20241227,39,3,724
20241228,39,3,723
20241229,39,3,717
20241230,39,3,706
20241231,39,3,704
20250101,39,3,962
20250102,39,3,956
20250103,39,3,955
20250104,39,3,944
20250105,39,3,939
20250106,39,3,928
20250107,39,3,918
20250108,39,3,917
20250109,39,3,911
20250110,39,3,904
20250111,39,3,899
20250112,39,3,891
20250113,39,3,886
20250114,39,3,876
20250115,39,3,869
20250116,39,3,864
20250117,39,3,854
20250118,39,3,846
20250119,39,3,843
20250120,39,3,839
20250121,39,3,838
20250122,39,3,834
20250123,39,3,828
20250124,39,3,822
20250125,39,3,813
20250126,39,3,811
20250127,39,3,807
20250128,39,3,798
20250129,39,3,790
20250130,39,3,785
20250131,39,3,776
20250201,39,3,1048
20250202,39,3,1039
20250203,39,3,1037
20250204,39,3,1031
20250205,39,3,1029
20250206,39,3,1021
20250207,39,3,1017
20250208,39,3,1007
20250209,39,3,997
20250210,39,3,993
20250211,39,3,993
20250212,39,3,985
20250213,39,3,975
20250214,39,3,964
20250215,39,3,962
20250216,39,3,962
20250217,39,3,962
20250218,39,3,957
20250219,39,3,954
20250220,39,3,953
20250221,39,3,951
20250222,39,3,947
20250223,39,3,947
20250224,39,3,938
20250225,39,3,927
20250226,39,3,925
20250227,39,3,919
20250228,39,3,919
20250301,39,3,1078
20250302,39,3,1068
20250303,39,3,1059
20250304,39,3,1051
20250305,39,3,1050
20250306,39,3,1048
20250307,39,3,1041
20250308,39,3,1037
20250309,39,3,1029
20250310,39,3,1023
20250311,39,3,1017
20250312,39,3,1011
20250313,39,3,1000
20250314,39,3,994
20250315,39,3,985
20250316,39,3,980
20250317,39,3,979
20250318,39,3,973
20250319,39,3,963
20250320,39,3,954
20250321,39,3,948
20250322,39,3,937
20250323,39,3,926
20250324,39,3,915
20250325,39,3,904
20250326,39,3,901
20250327,39,3,900
20250328,39,3,895
20250329,39,3,893
20250330,39,3,892
20250331,39,3,885
20250401,39,3,1051
20250402,39,3,1049
20250403,39,3,1045
20250404,39,3,1038
20250405,39,3,1027
20250406,39,3,1020
20250407,39,3,1014
20250408,39,3,1011
20250409,39,3,1008
20250410,39,3,1001
20250411,39,3,999
20250412,39,3,999
20250413,39,3,990
20250414,39,3,979
20250415,39,3,968
20250416,39,3,960
20250417,39,3,949
20250418,39,3,940
20250419,39,3,940
20250420,39,3,936
20250421,39,3,936
20250422,39,3,933
20250423,39,3,922
20250424,39,3,913
20250425,39,3,902
20250426,39,3,897
20250427,39,3,895
20250428,39,3,891
20250429,39,3,889
20250430,39,3,878
20250501,39,3,1116
20250502,39,3,1113
20250503,39,3,1108
20250504,39,3,1100
20250505,39,3,1090
20250506,39,3,1088
20250507,39,3,1080
20250508,39,3,1071
20250509,39,3,1062
20250510,39,3,1059
20250511,39,3,1055
20250512,39,3,1054
20250513,39,3,1048
20250514,39,3,1044
20250515,39,3,1040
20250516,39,3,1040
20250517,39,3,1029
20250518,39,3,1022
20250519,39,3,1020
20250520,39,3,1020
20250521,39,3,1016
20250522,39,3,1015
20250523,39,3,1013
20250524,39,3,1004
20250525,39,3,1004
20250526,39,3,998
20250527,39,3,989
20250528,39,3,982
20250529,39,3,981
20250530,39,3,978
20250531,39,3,976
20250601,39,3,1263
20250602,39,3,1252
20250603,39,3,1251
20250604,39,3,1247
20250605,39,3,1243
20250606,39,3,1234
20250607,39,3,1234
20250608,39,3,1225
20250609,39,3,1220
20250610,39,3,1210
20250611,39,3,1207
20250612,39,3,1197
20250613,39,3,1187
20250614,39,3,1182
20250615,39,3,1172
20250616,39,3,1168
20250617,39,3,1161
20250618,39,3,1150
20250619,39,3,1148
20250620,39,3,1144
20250621,39,3,1144
20250622,39,3,1138
20250623,39,3,1135
20250624,39,3,1134
20250625,39,3,1124
20250626,39,3,1121
20250627,39,3,1113
20250628,39,3,1112
20250629,39,3,1109
20250630,39,3,1109
20250701,39,3,1361
20250702,39,3,1351
20250703,39,3,1345
20250704,39,3,1343
20250705,39,3,1334
20250706,39,3,1324
20250707,39,3,1317
20250708,39,3,1309
20250709,39,3,1300
20250710,39,3,1299
20250711,39,3,1297
20250712,39,3,1288
20250713,39,3,1279
20250714,39,3,1277
20250715,39,3,1277
20250716,39,3,1271
20250717,39,3,1268
20250718,39,3,1267
20250719,39,3,1262
20250720,39,3,1259
20250721,39,3,1248
20250722,39,3,1239
20250723,39,3,1238
20250724,39,3,1227
20250725,39,3,1224
20250726,39,3,1223
20250727,39,3,1222
20250728,39,3,1218
20250729,39,3,1213
20250730,39,3,1203
20250731,39,3,1200
20250801,39,3,1451
20250802,39,3,1442
20250803,39,3,1437
20250804,39,3,1431
20250805,39,3,1426
20250806,39,3,1418
20250807,39,3,1411
20250808,39,3,1407
20250809,39,3,1397
20250810,39,3,1396
20250811,39,3,1385
20250812,39,3,1378
20250813,39,3,1377
20250814,39,3,1372
20250815,39,3,1368
20250816,39,3,1368
20250817,39,3,1357
20250818,39,3,1347
20250819,39,3,1341
20250820,39,3,1340
20250821,39,3,1336
20250822,39,3,1328
20250823,39,3,1323
20250824,39,3,1317
20250825,39,3,1307
20250826,39,3,1305
20250827,39,3,1295
20250828,39,3,1284
20250829,39,3,1281
20250830,39,3,1270
20250831,39,3,1267
20250901,39,3,1514
20250902,39,3,1503
20250903,39,3,1503
20250904,39,3,1496
20250905,39,3,1486
20250906,39,3,1485
20250907,39,3,1485
20250908,39,3,1485
20250909,39,3,1480
20250910,39,3,1474
20250911,39,3,1465
20250912,39,3,1460
20250913,39,3,1450
20250914,39,3,1449
20250915,39,3,1442
20250916,39,3,1437
20250917,39,3,1431
20250918,39,3,1425
20250919,39,3,1417
20250920,39,3,1409
20250921,39,3,1399
20250922,39,3,1395
20250923,39,3,1395
20250924,39,3,1394
20250925,39,3,1387
20250926,39,3,1386
20250927,39,3,1377
20250928,39,3,1377
20250929,39,3,1366
20250930,39,3,1355
20251001,39,3,1554
20251002,39,3,1544
20251003,39,3,1535
20251004,39,3,1528
20251005,39,3,1526
20251006,39,3,1522
20251007,39,3,1518
20251008,39,3,1507
20251009,39,3,1500
20251010,39,3,1500
20251011,39,3,1499
20251012,39,3,1489
20251013,39,3,1484
20251014,39,3,1478
20251015,39,3,1467
20251016,39,3,1460
20251017,39,3,1456
20251018,39,3,1447
20251019,39,3,1443
20251020,39,3,1432
20251021,39,3,1432
20251022,39,3,1422
20251023,39,3,1421
20251024,39,3,1416
20251025,39,3,1414
20251026,39,3,1406
20251027,39,3,1401
20251028,39,3,1392
20251029,39,3,1386
20251030,39,3,1382
20251031,39,3,1374
20251101,39,3,1567
20251102,39,3,1558
20251103,39,3,1547
20251104,39,3,1541
20251105,39,3,1530
20251106,39,3,1528
20251107,39,3,1528
20251108,39,3,1518
20251109,39,3,1509
20251110,39,3,1504
20251111,39,3,1494
20251112,39,3,1484
20251113,39,3,1480
20251114,39,3,1479
20251115,39,3,1472
20251116,39,3,1462
20251117,39,3,1456
20251118,39,3,1452
20251119,39,3,1450
20251120,39,3,1447
20251121,39,3,1438
20251122,39,3,1434
20251123,39,3,1428
20251124,39,3,1421
20251125,39,3,1418
20251126,39,3,1415
20251127,39,3,1407
20251128,39,3,1400
20251129,39,3,1391
20251130,39,3,1385
20251201,39,3,1529
20251202,39,3,1529
20251203,39,3,1525
20251204,39,3,1517
20251205,39,3,1514
20251206,39,3,1504
20251207,39,3,1496
20251208,39,3,1486
20251209,39,3,1480
20251210,39,3,1475
20251211,39,3,1474
20251212,39,3,1464
20251213,39,3,1457
20251214,39,3,1448
20251215,39,3,1445
20251216,39,3,1443
20251217,39,3,1439
20251218,39,3,1434
20251219,39,3,1424
20251220,39,3,1421
20251221,39,3,1419
20251222,39,3,1418
20251223,39,3,1413
20251224,39,3,1412
20251225,39,3,1411
20251226,39,3,1407
20251227,39,3,1402
20251228,39,3,1398
20251229,39,3,1387
20251230,39,3,1376
20251231,39,3,1370
20260101,39,3,1650
20260102,39,3,1650
20260103,39,3,1644
20260104,39,3,1640
20260105,39,3,1640
20260106,39,3,1633
20260107,39,3,1627
20260108,39,3,1620
20260109,39,3,1618
20260110,39,3,1608
20260111,39,3,1603
20260112,39,3,1601
20260113,39,3,1599
20260114,39,3,1596
20260115,39,3,1595
20260116,39,3,1585
20260117,39,3,1583
20260118,39,3,1575
20260119,39,3,1571
20260120,39,3,1570
20260121,39,3,1561
20260122,39,3,1552
20260123,39,3,1543
20260124,39,3,1539
20260125,39,3,1539
20260126,39,3,1530
20260127,39,3,1521
20260128,39,3,1511
20260129,39,3,1511
20260130,39,3,1501
20260131,39,3,1501
20260201,39,3,1646
20260202,39,3,1638
20260203,39,3,1634
20260204,39,3,1626
20260205,39,3,1623
20260206,39,3,1622
20260207,39,3,1618
20260208,39,3,1608
20260209,39,3,1602
20260210,39,3,1594
20260211,39,3,1587
20260212,39,3,1580
20260213,39,3,1572
20260214,39,3,1571
20260215,39,3,1570
20260216,39,3,1569
20260217,39,3,1568
20260218,39,3,1560
20260219,39,3,1555
20260220,39,3,1551
20260221,39,3,1541
20260222,39,3,1536
20260223,39,3,1527
20260224,39,3,1520
20260225,39,3,1518
20260226,39,3,1514
20260227,39,3,1511
20260228,39,3,1503
20260301,39,3,1703
20260302,39,3,1693
20260303,39,3,1689
20260304,39,3,1678
20260305,39,3,1676
20260306,39,3,1676
20260307,39,3,1674
20260308,39,3,1669
20260309,39,3,1669
20260310,39,3,1665
20260311,39,3,1662
20260312,39,3,1659
20260313,39,3,1657
20260314,39,3,1652
20260315,39,3,1649
20260316,39,3,1641
20260317,39,3,1635
20260318,39,3,1628
20260319,39,3,1619
20260320,39,3,1614
20260321,39,3,1612
20260322,39,3,1604
20260323,39,3,1593
20260324,39,3,1589
20260325,39,3,1581
20260326,39,3,1574
20260327,39,3,1574
20260328,39,3,1572
20260329,39,3,1564
20260330,39,3,1560
20260331,39,3,1557
20240401,16,3,592
20240402,16,3,581
20240403,16,3,581
20240404,16,3,576
20240405,16,3,568
20240406,16,3,564
20240407,16,3,559
20240408,16,3,551
20240409,16,3,543
20240410,16,3,532
20240411,16,3,531
20240412,16,3,526
20240413,16,3,519
20240414,16,3,509
20240415,16,3,504
20240416,16,3,504
20240417,16,3,501
20240418,16,3,490
20240419,16,3,490
20240420,16,3,479
20240421,16,3,473
20240422,16,3,471
20240423,16,3,467
20240424,16,3,463
20240425,16,3,452
20240426,16,3,443
20240427,16,3,434
20240428,16,3,434
20240429,16,3,433
20240430,16,3,423
20240501,16,3,617
20240502,16,3,614
20240503,16,3,607
20240504,16,3,599
20240505,16,3,596
20240506,16,3,590
20240507,16,3,581
20240508,16,3,577
20240509,16,3,576
20240510,16,3,574
20240511,16,3,563
20240512,16,3,558
20240513,16,3,550
20240514,16,3,547
20240515,16,3,537
20240516,16,3,535
20240517,16,3,534
20240518,16,3,525
20240519,16,3,518
20240520,16,3,507
20240521,16,3,501
20240522,16,3,492
20240523,16,3,486
20240524,16,3,486
20240525,16,3,482
20240526,16,3,471
20240527,16,3,460
20240528,16,3,455
20240529,16,3,445
20240530,16,3,442
20240531,16,3,439
20240601,16,3,704
20240602,16,3,704
20240603,16,3,702
20240604,16,3,702
20240605,16,3,696
20240606,16,3,687
20240607,16,3,680
20240608,16,3,679
20240609,16,3,669
20240610,16,3,664
20240611,16,3,661
20240612,16,3,655
20240613,16,3,654
20240614,16,3,643
20240615,16,3,638
20240616,16,3,635
20240617,16,3,627
20240618,16,3,624
20240619,16,3,615
20240620,16,3,610
20240621,16,3,600
20240622,16,3,595
20240623,16,3,588
20240624,16,3,582
20240625,16,3,571
20240626,16,3,561
20240627,16,3,556
20240628,16,3,548
20240629,16,3,546
20240630,16,3,536
20240701,16,3,774
20240702,16,3,764
20240703,16,3,755
20240704,16,3,753
20240705,16,3,742
20240706,16,3,739
20240707,16,3,739
20240708,16,3,735
20240709,16,3,730
20240710,16,3,730
20240711,16,3,723
20240712,16,3,718
20240713,16,3,711
20240714,16,3,706
20240715,16,3,700
20240716,16,3,699
20240717,16,3,690
20240718,16,3,683
20240719,16,3,681
20240720,16,3,680
20240721,16,3,669
20240722,16,3,663
20240723,16,3,654
20240724,16,3,649
20240725,16,3,646
20240726,16,3,643
20240727,16,3,643
20240728,16,3,637
20240729,16,3,629
20240730,16,3,628
20240731,16,3,628
20240801,16,3,797
20240802,16,3,791
20240803,16,3,785
20240804,16,3,775
20240805,16,3,764
20240806,16,3,754
20240807,16,3,751
20240808,16,3,746
20240809,16,3,738
20240810,16,3,735
20240811,16,3,724
20240812,16,3,723
20240813,16,3,718
20240814,16,3,709
20240815,16,3,708
20240816,16,3,697
20240817,16,3,696
20240818,16,3,693
20240819,16,3,689
20240820,16,3,682
20240821,16,3,679
20240822,16,3,673
20240823,16,3,670
20240824,16,3,666
20240825,16,3,661
20240826,16,3,658
20240827,16,3,652
20240828,16,3,647
20240829,16,3,644
20240830,16,3,640
20240831,16,3,635
20240901,16,3,850
20240902,16,3,847
20240903,16,3,841
20240904,16,3,836
20240905,16,3,827
20240906,16,3,820
20240907,16,3,817
20240908,16,3,815
20240909,16,3,811
20240910,16,3,807
20240911,16,3,801
20240912,16,3,799
20240913,16,3,789
20240914,16,3,779
20240915,16,3,772
20240916,16,3,765
20240917,16,3,762
20240918,16,3,756
20240919,16,3,756
20240920,16,3,755
20240921,16,3,749
20240922,16,3,748
20240923,16,3,737
20240924,16,3,729
20240925,16,3,721
20240926,16,3,711
20240927,16,3,706
20240928,16,3,696
20240929,16,3,696
20240930,16,3,687
20241001,16,3,853
20241002,16,3,845
20241003,16,3,837
20241004,16,3,834
20241005,16,3,833
20241006,16,3,830
20241007,16,3,825
20241008,16,3,823
20241009,16,3,812
20241010,16,3,802
20241011,16,3,798
20241012,16,3,795
20241013,16,3,793
20241014,16,3,791
20241015,16,3,790
20241016,16,3,786
20241017,16,3,776
20241018,16,3,768
20241019,16,3,768
20241020,16,3,764
20241021,16,3,761
20241022,16,3,752
20241023,16,3,746
20241024,16,3,738
20241025,16,3,738
20241026,16,3,734
20241027,16,3,730
20241028,16,3,720
20241029,16,3,711
20241030,16,3,711
20241031,16,3,710
20241101,16,3,966
20241102,16,3,960
20241103,16,3,956
20241104,16,3,953
20241105,16,3,952
20241106,16,3,948
20241107,16,3,939
20241108,16,3,932
20241109,16,3,930
20241110,16,3,927
20241111,16,3,919
20241112,16,3,912
20241113,16,3,901
20241114,16,3,895
20241115,16,3,884
20241116,16,3,875
20241117,16,3,865
20241118,16,3,863
20241119,16,3,859
20241120,16,3,855
20241121,16,3,854
20241122,16,3,848
20241123,16,3,848
20241124,16,3,840
20241125,16,3,837
20241126,16,3,833
20241127,16,3,831
20241128,16,3,828
20241129,16,3,823
20241130,16,3,813
20241201,16,3,981
20241202,16,3,978
20241203,16,3,970
20241204,16,3,961
20241205,16,3,952
20241206,16,3,944
20241207,16,3,941
20241208,16,3,934
20241209,16,3,929
20241210,16,3,921
20241211,16,3,915
20241212,16,3,904
20241213,16,3,895
20241214,16,3,884
20241215,16,3,874
20241216,16,3,869
20241217,16,3,865
20241218,16,3,862
20241219,16,3,858
20241220,16,3,856
20241221,16,3,852
20241222,16,3,842
20241223,16,3,840
20241224,16,3,830
20241225,16,3,830
20241226,16,3,829
20241227,16,3,819
20241228,16,3,813
20241229,16,3,810
20241230,16,3,808
20241231,16,3,808
20250101,16,3,987
20250102,16,3,979
20250103,16,3,968
20250104,16,3,965
20250105,16,3,965
20250106,16,3,954
20250107,16,3,946
20250108,16,3,942
20250109,16,3,933
20250110,16,3,925
20250111,16,3,917
20250112,16,3,915
20250113,16,3,911
20250114,16,3,905
20250115,16,3,898
20250116,16,3,892
20250117,16,3,889
20250118,16,3,885
20250119,16,3,881
20250120,16,3,881
20250121,16,3,872
20250122,16,3,865
20250123,16,3,858
20250124,16,3,849
20250125,16,3,844
20250126,16,3,837
20250127,16,3,829
20250128,16,3,822
20250129,16,3,814
20250130,16,3,814
20250131,16,3,803
20250201,16,3,1023
20250202,16,3,1023
20250203,16,3,1018
20250204,16,3,1013
20250205,16,3,1011
20250206,16,3,1001
20250207,16,3,996
20250208,16,3,986
20250209,16,3,981
20250210,16,3,974
20250211,16,3,967
20250212,16,3,960
20250213,16,3,953
20250214,16,3,944
20250215,16,3,942
20250216,16,3,934
20250217,16,3,925
20250218,16,3,916
20250219,16,3,912
20250220,16,3,907
20250221,16,3,898
20250222,16,3,892
20250223,16,3,892
20250224,16,3,883
20250225,16,3,874
20250226,16,3,868
20250227,16,3,862
20250228,16,3,856
20250301,16,3,1061
20250302,16,3,1060
20250303,16,3,1057
20250304,16,3,1047
20250305,16,3,1038
20250306,16,3,1038
20250307,16,3,1036
20250308,16,3,1035
20250309,16,3,1024
20250310,16,3,1014
20250311,16,3,1008
20250312,16,3,1000
20250313,16,3,993
20250314,16,3,983
20250315,16,3,972
20250316,16,3,961
20250317,16,3,957
20250318,16,3,953
20250319,16,3,952
20250320,16,3,943
20250321,16,3,938
20250322,16,3,938
20250323,16,3,929
20250324,16,3,919
20250325,16,3,909
20250326,16,3,902
20250327,16,3,892
20250328,16,3,882
20250329,16,3,876
20250330,16,3,870
20250331,16,3,867
20250401,16,3,1100
20250402,16,3,1089
20250403,16,3,1079
20250404,16,3,1076
20250405,16,3,1067
20250406,16,3,1063
20250407,16,3,1063
20250408,16,3,1053
20250409,16,3,1050
20250410,16,3,1039
20250411,16,3,1033
20250412,16,3,1025
20250413,16,3,1019
20250414,16,3,1014
20250415,16,3,1004
20250416,16,3,1003
20250417,16,3,1002
20250418,16,3,995
20250419,16,3,984
20250420,16,3,975
20250421,16,3,967
20250422,16,3,966
20250423,16,3,966
20250424,16,3,963
20250425,16,3,955
20250426,16,3,954
20250427,16,3,950
20250428,16,3,946
20250429,16,3,945
20250430,16,3,939
20250501,16,3,1123
20250502,16,3,1118
20250503,16,3,1113
20250504,16,3,1111
20250505,16,3,1111
20250506,16,3,1111
20250507,16,3,1102
20250508,16,3,1093
20250509,16,3,1085
20250510,16,3,1082
20250511,16,3,1075
20250512,16,3,1064
20250513,16,3,1054
20250514,16,3,1046
20250515,16,3,1045
20250516,16,3,1040
20250517,16,3,1029
20250518,16,3,1020
20250519,16,3,1020
20250520,16,3,1010
20250521,16,3,1005
20250522,16,3,1004
20250523,16,3,1004
20250524,16,3,1000
20250525,16,3,989
20250526,16,3,982
20250527,16,3,977
20250528,16,3,971
20250529,16,3,968
20250530,16,3,968
20250531,16,3,963
20250601,16,3,1129
20250602,16,3,1126
20250603,16,3,1124
20250604,16,3,1119
20250605,16,3,1115
20250606,16,3,1108
20250607,16,3,1108
20250608,16,3,1097
20250609,16,3,1095
20250610,16,3,1088
20250611,16,3,1078
20250612,16,3,1078
20250613,16,3,1073
20250614,16,3,1066
20250615,16,3,1065
20250616,16,3,1058
20250617,16,3,1049
20250618,16,3,1048
20250619,16,3,1038
20250620,16,3,1033
20250621,16,3,1022
20250622,16,3,1019
20250623,16,3,1019
20250624,16,3,1012
20250625,16,3,1007
20250626,16,3,1000
20250627,16,3,990
20250628,16,3,980
20250629,16,3,979
20250630,16,3,979
20250701,16,3,1182
20250702,16,3,1172
20250703,16,3,1166
20250704,16,3,1165
20250705,16,3,1159
20250706,16,3,1151
20250707,16,3,1142
20250708,16,3,1131
20250709,16,3,1124
20250710,16,3,1117
20250711,16,3,1117
20250712,16,3,1107
20250713,16,3,1098
20250714,16,3,1089
20250715,16,3,1078
20250716,16,3,1069
20250717,16,3,1064
20250718,16,3,1057
20250719,16,3,1047
20250720,16,3,1047
20250721,16,3,1046
20250722,16,3,1042
20250723,16,3,1035
20250724,16,3,1025
20250725,16,3,1022
20250726,16,3,1020
20250727,16,3,1018
20250728,16,3,1015
20250729,16,3,1015
20250730,16,3,1009
20250731,16,3,999
20250801,16,3,1207
20250802,16,3,1198
20250803,16,3,1198
20250804,16,3,1187
20250805,16,3,1185
20250806,16,3,1184
20250807,16,3,1177
20250808,16,3,1177
20250809,16,3,1172
20250810,16,3,1163
20250811,16,3,1155
20250812,16,3,1155
20250813,16,3,1147
20250814,16,3,1145
20250815,16,3,1143
20250816,16,3,1139
20250817,16,3,1134
20250818,16,3,1131
20250819,16,3,1125
20250820,16,3,1118
20250821,16,3,1118
20250822,16,3,1115
20250823,16,3,1112
20250824,16,3,1105
20250825,16,3,1102
20250826,16,3,1094
20250827,16,3,1086
20250828,16,3,1086
20250829,16,3,1079
20250830,16,3,1075
20250831,16,3,1072
20250901,16,3,1224
20250902,16,3,1215
20250903,16,3,1214
20250904,16,3,1214
20250905,16,3,1213
20250906,16,3,1203
20250907,16,3,1201
20250908,16,3,1191
20250909,16,3,1189
20250910,16,3,1183
20250911,16,3,1178
20250912,16,3,1167
20250913,16,3,1164
20250914,16,3,1160
20250915,16,3,1155
20250916,16,3,1152
20250917,16,3,1150
20250918,16,3,1149
20250919,16,3,1142
20250920,16,3,1134
20250921,16,3,1132
20250922,16,3,1127
20250923,16,3,1119
20250924,16,3,1108
20250925,16,3,1107
20250926,16,3,1097
20250927,16,3,1093
20250928,16,3,1087
20250929,16,3,1087
20250930,16,3,1082
20251001,16,3,1272
20251002,16,3,1262
20251003,16,3,1261
20251004,16,3,1259
20251005,16,3,1257
20251006,16,3,1248
20251007,16,3,1242
20251008,16,3,1237
20251009,16,3,1236
20251010,16,3,1232
20251011,16,3,1222
20251012,16,3,1217
20251013,16,3,1206
20251014,16,3,1206
20251015,16,3,1203
20251016,16,3,1202
20251017,16,3,1195
20251018,16,3,1194
20251019,16,3,1190
20251020,16,3,1190
20251021,16,3,1184
20251022,16,3,1182
20251023,16,3,1173
20251024,16,3,1168
20251025,16,3,1161
20251026,16,3,1159
20251027,16,3,1152
20251028,16,3,1152
20251029,16,3,1151
20251030,16,3,1142
20251031,16,3,1140
20251101,16,3,1390
20251102,16,3,1389
20251103,16,3,1378
20251104,16,3,1369
20251105,16,3,1363
20251106,16,3,1360
20251107,16,3,1358
20251108,16,3,1356
20251109,16,3,1350
20251110,16,3,1349
20251111,16,3,1344
20251112,16,3,1338
20251113,16,3,1331
20251114,16,3,1331
20251115,16,3,1328
20251116,16,3,1327
20251117,16,3,1317
20251118,16,3,1307
20251119,16,3,1296
20251120,16,3,1286
20251121,16,3,1276
20251122,16,3,1273
20251123,16,3,1262
20251124,16,3,1262
20251125,16,3,1261
20251126,16,3,1258
20251127,16,3,1255
20251128,16,3,1246
20251129,16,3,1237
20251130,16,3,1236
20251201,16,3,1454
20251202,16,3,1443
20251203,16,3,1435
20251204,16,3,1434
20251205,16,3,1425
20251206,16,3,1422
20251207,16,3,1420
20251208,16,3,1413
20251209,16,3,1411
20251210,16,3,1407
20251211,16,3,1397
20251212,16,3,1393
20251213,16,3,1392
20251214,16,3,1386
20251215,16,3,1385
20251216,16,3,1376
20251217,16,3,1368
20251218,16,3,1363
20251219,16,3,1357
20251220,16,3,1357
20251221,16,3,1350
20251222,16,3,1341
20251223,16,3,1331
20251224,16,3,1323
20251225,16,3,1320
20251226,16,3,1314
20251227,16,3,1311
20251228,16,3,1304
20251229,16,3,1294
20251230,16,3,1290
20251231,16,3,1281
20260101,16,3,1438
20260102,16,3,1429
20260103,16,3,1420
20260104,16,3,1416
20260105,16,3,1408
20260106,16,3,1397
20260107,16,3,1397
20260108,16,3,1386
20260109,16,3,1382
20260110,16,3,1379
20260111,16,3,1378
20260112,16,3,1376
20260113,16,3,1370
20260114,16,3,1361
20260115,16,3,1353
20260116,16,3,1344
20260117,16,3,1336
20260118,16,3,1336
20260119,16,3,1331
20260120,16,3,1325
20260121,16,3,1325
20260122,16,3,1322
20260123,16,3,1319
20260124,16,3,1319
20260125,16,3,1314
20260126,16,3,1309
20260127,16,3,1303
20260128,16,3,1302
20260129,16,3,1291
20260130,16,3,1288
20260131,16,3,1281
20260201,16,3,1515
20260202,16,3,1513
20260203,16,3,1505
20260204,16,3,1501
20260205,16,3,1498
20260206,16,3,1490
20260207,16,3,1481
20260208,16,3,1472
20260209,16,3,1467
20260210,16,3,1462
20260211,16,3,1454
20260212,16,3,1447
20260213,16,3,1443
20260214,16,3,1440
20260215,16,3,1429
20260216,16,3,1419
20260217,16,3,1416
20260218,16,3,1416
20260219,16,3,1405
20260220,16,3,1404
20260221,16,3,1402
20260222,16,3,1402
20260223,16,3,1393
20260224,16,3,1392
20260225,16,3,1389
20260226,16,3,1382
20260227,16,3,1382
20260228,16,3,1371
20260301,16,3,1631
20260302,16,3,1625
20260303,16,3,1622
20260304,16,3,1615
20260305,16,3,1606
20260306,16,3,1600
20260307,16,3,1596
20260308,16,3,1593
20260309,16,3,1586
20260310,16,3,1576
20260311,16,3,1571
20260312,16,3,1564
20260313,16,3,1558
20260314,16,3,1553
20260315,16,3,1552
20260316,16,3,1548
20260317,16,3,1537
20260318,16,3,1527
20260319,16,3,1524
20260320,16,3,1517
20260321,16,3,1510
20260322,16,3,1500
20260323,16,3,1500
20260324,16,3,1497
20260325,16,3,1492
20260326,16,3,1486
20260327,16,3,1477
20260328,16,3,1473
20260329,16,3,1466
20260330,16,3,1456
20260331,16,3,1453
20240401,27,3,588
20240402,27,3,579
20240403,27,3,575
20240404,27,3,574
20240405,27,3,573
20240406,27,3,573
20240407,27,3,568
20240408,27,3,563
20240409,27,3,561
20240410,27,3,556
20240411,27,3,548
20240412,27,3,548
20240413,27,3,545
20240414,27,3,537
20240415,27,3,535
20240416,27,3,529
20240417,27,3,520
20240418,27,3,517
20240419,27,3,516
20240420,27,3,513
20240421,27,3,506
20240422,27,3,503
20240423,27,3,493
20240424,27,3,492
20240425,27,3,487
20240426,27,3,476
20240427,27,3,468
20240428,27,3,468
20240429,27,3,465
20240430,27,3,465
20240501,27,3,749
20240502,27,3,747
20240503,27,3,742
20240504,27,3,737
20240505,27,3,728
20240506,27,3,727
20240507,27,3,721
20240508,27,3,713
20240509,27,3,703
20240510,27,3,699
20240511,27,3,695
20240512,27,3,688
20240513,27,3,681
20240514,27,3,671
20240515,27,3,669
20240516,27,3,665
20240517,27,3,660
20240518,27,3,654
20240519,27,3,653
20240520,27,3,652
20240521,27,3,647
20240522,27,3,646
20240523,27,3,641
20240524,27,3,640
20240525,27,3,640
20240526,27,3,636
20240527,27,3,635
20240528,27,3,628
20240529,27,3,622
20240530,27,3,621
20240531,27,3,613
20240601,27,3,800
20240602,27,3,789
20240603,27,3,781
20240604,27,3,778
20240605,27,3,773
20240606,27,3,770
20240607,27,3,766
20240608,27,3,756
20240609,27,3,748
20240610,27,3,742
20240611,27,3,739
20240612,27,3,733
20240613,27,3,726
20240614,27,3,718
20240615,27,3,717
20240616,27,3,707
20240617,27,3,701
20240618,27,3,697
20240619,27,3,689
20240620,27,3,683
20240621,27,3,680
20240622,27,3,670
20240623,27,3,659
20240624,27,3,649
20240625,27,3,649
20240626,27,3,638
20240627,27,3,635
20240628,27,3,631
20240629,27,3,623
20240630,27,3,618
20240701,27,3,884
20240702,27,3,883
20240703,27,3,882
20240704,27,3,881
20240705,27,3,878
20240706,27,3,873
20240707,27,3,863
20240708,27,3,859
20240709,27,3,858
20240710,27,3,852
20240711,27,3,847
20240712,27,3,837
20240713,27,3,837
20240714,27,3,834
20240715,27,3,826
20240716,27,3,826
20240717,27,3,820
20240718,27,3,812
20240719,27,3,812
20240720,27,3,806
20240721,27,3,795
20240722,27,3,789
20240723,27,3,787
20240724,27,3,778
20240725,27,3,778
20240726,27,3,768
20240727,27,3,757
20240728,27,3,756
20240729,27,3,753
20240730,27,3,744
20240731,27,3,736
20240801,27,3,959
20240802,27,3,949
20240803,27,3,941
20240804,27,3,935
20240805,27,3,931
20240806,27,3,921
20240807,27,3,915
20240808,27,3,906
20240809,27,3,896
20240810,27,3,893
20240811,27,3,885
20240812,27,3,878
20240813,27,3,876
20240814,27,3,870
20240815,27,3,859
20240816,27,3,853
20240817,27,3,845
20240818,27,3,844
20240819,27,3,840
20240820,27,3,840
20240821,27,3,836
20240822,27,3,832
20240823,27,3,830
20240824,27,3,825
20240825,27,3,819
20240826,27,3,813
20240827,27,3,809
20240828,27,3,803
20240829,27,3,797
20240830,27,3,796
20240831,27,3,791
20240901,27,3,1055
20240902,27,3,1047
20240903,27,3,1044
20240904,27,3,1034
20240905,27,3,1029
20240906,27,3,1019
20240907,27,3,1018
20240908,27,3,1009
20240909,27,3,1006
20240910,27,3,999
20240911,27,3,999
20240912,27,3,994
20240913,27,3,985
20240914,27,3,978
20240915,27,3,975
20240916,27,3,973
20240917,27,3,971
20240918,27,3,960
20240919,27,3,957
20240920,27,3,950
20240921,27,3,950
20240922,27,3,943
20240923,27,3,936
20240924,27,3,930
20240925,27,3,920
20240926,27,3,912
20240927,27,3,910
20240928,27,3,902
20240929,27,3,900
20240930,27,3,900
20241001,27,3,1184
20241002,27,3,1179
20241003,27,3,1168
20241004,27,3,1161
20241005,27,3,1152
20241006,27,3,1142
20241007,27,3,1140
20241008,27,3,1139
20241009,27,3,1134
20241010,27,3,1134
20241011,27,3,1129
20241012,27,3,1123
20241013,27,3,1112
20241014,27,3,1110
20241015,27,3,1099
20241016,27,3,1097
20241017,27,3,1097
20241018,27,3,1087
20241019,27,3,1084
20241020,27,3,1081
20241021,27,3,1081
20241022,27,3,1075
20241023,27,3,1073
20241024,27,3,1066
20241025,27,3,1061
20241026,27,3,1058
20241027,27,3,1051
20241028,27,3,1050
20241029,27,3,1041
20241030,27,3,1033
20241031,27,3,1032
20241101,27,3,1328
20241102,27,3,1317
20241103,27,3,1310
20241104,27,3,1299
20241105,27,3,1294
20241106,27,3,1285
20241107,27,3,1282
20241108,27,3,1274
20241109,27,3,1272
20241110,27,3,1271
20241111,27,3,1263
20241112,27,3,1263
20241113,27,3,1261
20241114,27,3,1256
20241115,27,3,1248
20241116,27,3,1242
20241117,27,3,1231
20241118,27,3,1223
20241119,27,3,1221
20241120,27,3,1213
20241121,27,3,1205
20241122,27,3,1195
20241123,27,3,1186
20241124,27,3,1179
20241125,27,3,1172
20241126,27,3,1167
20241127,27,3,1164
20241128,27,3,1153
20241129,27,3,1151
20241130,27,3,1141
20241201,27,3,1402
20241202,27,3,1399
20241203,27,3,1391
20241204,27,3,1382
20241205,27,3,1375
20241206,27,3,1365
20241207,27,3,1359
20241208,27,3,1349
20241209,27,3,1345
20241210,27,3,1336
20241211,27,3,1336
20241212,27,3,1326
20241213,27,3,1318
20241214,27,3,1307
20241215,27,3,1296
20241216,27,3,1291
20241217,27,3,1284
20241218,27,3,1281
20241219,27,3,1270
20241220,27,3,1268
20241221,27,3,1266
20241222,27,3,1262
20241223,27,3,1257
20241224,27,3,1254
20241225,27,3,1243
20241226,27,3,1233
20241227,27,3,1231
20241228,27,3,1221
20241229,27,3,1218
20241230,27,3,1213
20241231,27,3,1202
20250101,27,3,1469
20250102,27,3,1462
20250103,27,3,1453
20250104,27,3,1447
20250105,27,3,1445
20250106,27,3,1436
20250107,27,3,1432
20250108,27,3,1423
20250109,27,3,1417
20250110,27,3,1408
20250111,27,3,1399
20250112,27,3,1393
20250113,27,3,1390
20250114,27,3,1387
20250115,27,3,1387
20250116,27,3,1383
20250117,27,3,1381
20250118,27,3,1373
20250119,27,3,1366
20250120,27,3,1356
20250121,27,3,1355
20250122,27,3,1347
20250123,27,3,1345
20250124,27,3,1336
20250125,27,3,1327
20250126,27,3,1324
20250127,27,3,1313
20250128,27,3,1308
20250129,27,3,1301
20250130,27,3,1293
20250131,27,3,1286
20250201,27,3,1566
20250202,27,3,1560
20250203,27,3,1551
20250204,27,3,1551
20250205,27,3,1546
20250206,27,3,1536
20250207,27,3,1533
20250208,27,3,1532
20250209,27,3,1528
20250210,27,3,1522
20250211,27,3,1521
20250212,27,3,1516
20250213,27,3,1509
20250214,27,3,1498
20250215,27,3,1490
20250216,27,3,1489
20250217,27,3,1478
20250218,27,3,1471
20250219,27,3,1461
20250220,27,3,1458
20250221,27,3,1458
20250222,27,3,1453
20250223,27,3,1449
20250224,27,3,1445
20250225,27,3,1434
20250226,27,3,1430
20250227,27,3,1427
20250228,27,3,1417
20250301,27,3,1693
20250302,27,3,1692
20250303,27,3,1682
20250304,27,3,1682
20250305,27,3,1673
20250306,27,3,1665
20250307,27,3,1660
20250308,27,3,1658
20250309,27,3,1658
20250310,27,3,1658
20250311,27,3,1655
20250312,27,3,1650
20250313,27,3,1646
20250314,27,3,1639
20250315,27,3,1638
20250316,27,3,1630
20250317,27,3,1629
20250318,27,3,1624
20250319,27,3,1624
20250320,27,3,1613
20250321,27,3,1608
20250322,27,3,1604
20250323,27,3,1602
20250324,27,3,1600
20250325,27,3,1597
20250326,27,3,1596
20250327,27,3,1591
20250328,27,3,1590
20250329,27,3,1589
20250330,27,3,1588
20250331,27,3,1588
20250401,27,3,1853
20250402,27,3,1845
20250403,27,3,1835
20250404,27,3,1830
20250405,27,3,1826
20250406,27,3,1821
20250407,27,3,1816
20250408,27,3,1815
20250409,27,3,1812
20250410,27,3,1807
20250411,27,3,1802
20250412,27,3,1798
20250413,27,3,1797
20250414,27,3,1794
20250415,27,3,1789
20250416,27,3,1787
20250417,27,3,1782
20250418,27,3,1779
20250419,27,3,1776
20250420,27,3,1765
20250421,27,3,1755
20250422,27,3,1747
20250423,27,3,1742
20250424,27,3,1733
20250425,27,3,1732
20250426,27,3,1730
20250427,27,3,1721
20250428,27,3,1711
20250429,27,3,1710
20250430,27,3,1705
20250501,27,3,1856
20250502,27,3,1852
20250503,27,3,1843
20250504,27,3,1834
20250505,27,3,1833
20250506,27,3,1822
20250507,27,3,1811
20250508,27,3,1804
20250509,27,3,1793
20250510,27,3,1783
20250511,27,3,1777
20250512,27,3,1771
20250513,27,3,1760
20250514,27,3,1758
20250515,27,3,1753
20250516,27,3,1747
20250517,27,3,1746
20250518,27,3,1738
20250519,27,3,1731
20250520,27,3,1731
20250521,27,3,1721
20250522,27,3,1716
20250523,27,3,1715
20250524,27,3,1714
20250525,27,3,1711
20250526,27,3,1707
20250527,27,3,1703
20250528,27,3,1697
20250529,27,3,1690
20250530,27,3,1682
20250531,27,3,1677
20250601,27,3,1872
20250602,27,3,1871
20250603,27,3,1861
20250604,27,3,1856
20250605,27,3,1849
20250606,27,3,1848
20250607,27,3,1847
20250608,27,3,1846
20250609,27,3,1842
20250610,27,3,1834
20250611,27,3,1823
20250612,27,3,1816
20250613,27,3,1811
20250614,27,3,1805
20250615,27,3,1803
20250616,27,3,1801
20250617,27,3,1791
20250618,27,3,1780
20250619,27,3,1770
20250620,27,3,1760
20250621,27,3,1752
20250622,27,3,1742
20250623,27,3,1742
20250624,27,3,1742
20250625,27,3,1732
20250626,27,3,1732
20250627,27,3,1729
20250628,27,3,1724
20250629,27,3,1718
20250630,27,3,1715
20250701,27,3,1994
20250702,27,3,1985
20250703,27,3,1977
20250704,27,3,1977
20250705,27,3,1966
20250706,27,3,1964
20250707,27,3,1957
20250708,27,3,1950
20250709,27,3,1950
20250710,27,3,1939
20250711,27,3,1939
20250712,27,3,1934
20250713,27,3,1932
20250714,27,3,1930
20250715,27,3,1930
20250716,27,3,1929
20250717,27,3,1928
20250718,27,3,1920
20250719,27,3,1920
20250720,27,3,1914
20250721,27,3,1911
20250722,27,3,1911
20250723,27,3,1911
20250724,27,3,1901
20250725,27,3,1891
20250726,27,3,1884
20250727,27,3,1878
20250728,27,3,1876
20250729,27,3,1866
20250730,27,3,1861
20250731,27,3,1853
20250801,27,3,2115
20250802,27,3,2112
20250803,27,3,2107
20250804,27,3,2097
20250805,27,3,2089
20250806,27,3,2081
20250807,27,3,2078
20250808,27,3,2075
20250809,27,3,2069
20250810,27,3,2069
20250811,27,3,2068
20250812,27,3,2062
20250813,27,3,2053
20250814,27,3,2049
20250815,27,3,2046
20250816,27,3,2038
20250817,27,3,2036
20250818,27,3,2035
20250819,27,3,2027
20250820,27,3,2022
20250821,27,3,2021
20250822,27,3,2014
20250823,27,3,2003
20250824,27,3,1999
20250825,27,3,1991
20250826,27,3,1983
20250827,27,3,1975
20250828,27,3,1970
20250829,27,3,1970
20250830,27,3,1969
20250831,27,3,1963
20250901,27,3,2190
20250902,27,3,2188
20250903,27,3,2185
20250904,27,3,2176
20250905,27,3,2168
20250906,27,3,2158
20250907,27,3,2156
20250908,27,3,2146
20250909,27,3,2138
20250910,27,3,2138
20250911,27,3,2132
20250912,27,3,2129
20250913,27,3,2119
20250914,27,3,2114
20250915,27,3,2109
20250916,27,3,2098
20250917,27,3,2095
20250918,27,3,2088
20250919,27,3,2078
20250920,27,3,2072
20250921,27,3,2067
20250922,27,3,2064
20250923,27,3,2061
20250924,27,3,2051
20250925,27,3,2047
20250926,27,3,2044
20250927,27,3,2039
20250928,27,3,2039
20250929,27,3,2037
20250930,27,3,2027
20251001,27,3,2286
20251002,27,3,2277
20251003,27,3,2277
20251004,27,3,2272
20251005,27,3,2271
20251006,27,3,2271
20251007,27,3,2269
20251008,27,3,2268
20251009,27,3,2258
20251010,27,3,2252
20251011,27,3,2241
20251012,27,3,2238
20251013,27,3,2232
20251014,27,3,2229
20251015,27,3,2223
20251016,27,3,2217
20251017,27,3,2217
20251018,27,3,2210
20251019,27,3,2208
20251020,27,3,2206
20251021,27,3,2195
20251022,27,3,2187
20251023,27,3,2186
20251024,27,3,2185
20251025,27,3,2185
20251026,27,3,2179
20251027,27,3,2171
20251028,27,3,2163
20251029,27,3,2163
20251030,27,3,2160
20251031,27,3,2158
20251101,27,3,2432
20251102,27,3,2423
20251103,27,3,2421
20251104,27,3,2411
20251105,27,3,2408
20251106,27,3,2404
20251107,27,3,2398
20251108,27,3,2387
20251109,27,3,2382
20251110,27,3,2377
20251111,27,3,2373
20251112,27,3,2370
20251113,27,3,2359
20251114,27,3,2352
20251115,27,3,2341
20251116,27,3,2331
20251117,27,3,2326
20251118,27,3,2316
20251119,27,3,2315
20251120,27,3,2313
20251121,27,3,2308
20251122,27,3,2307
20251123,27,3,2307
20251124,27,3,2302
20251125,27,3,2302
20251126,27,3,2291
20251127,27,3,2285
20251128,27,3,2274
20251129,27,3,2267
20251130,27,3,2264
20251201,27,3,2513
20251202,27,3,2507
20251203,27,3,2499
20251204,27,3,2494
20251205,27,3,2492
20251206,27,3,2481
20251207,27,3,2479
20251208,27,3,2476
20251209,27,3,2468
20251210,27,3,2465
20251211,27,3,2463
20251212,27,3,2462
20251213,27,3,2453
20251214,27,3,2452
20251215,27,3,2441
20251216,27,3,2440
20251217,27,3,2439
20251218,27,3,2428
20251219,27,3,2422
20251220,27,3,2414
20251221,27,3,2406
20251222,27,3,2403
20251223,27,3,2397
20251224,27,3,2392
20251225,27,3,2382
20251226,27,3,2372
20251227,27,3,2372
20251228,27,3,2365
20251229,27,3,2354
20251230,27,3,2349
20251231,27,3,2343
20260101,27,3,2605
20260102,27,3,2602
20260103,27,3,2595
20260104,27,3,2584
20260105,27,3,2577
20260106,27,3,2568
20260107,27,3,2568
20260108,27,3,2567
20260109,27,3,2557
20260110,27,3,2548
20260111,27,3,2548
20260112,27,3,2544
20260113,27,3,2542
20260114,27,3,2535
20260115,27,3,2528
20260116,27,3,2528
20260117,27,3,2519
20260118,27,3,2517
20260119,27,3,2510
20260120,27,3,2501
20260121,27,3,2494
20260122,27,3,2483
20260123,27,3,2478
20260124,27,3,2475
20260125,27,3,2469
20260126,27,3,2461
20260127,27,3,2456
20260128,27,3,2455
20260129,27,3,2452
20260130,27,3,2446
20260131,27,3,2442
20260201,27,3,2719
20260202,27,3,2712
20260203,27,3,2708
20260204,27,3,2706
20260205,27,3,2697
20260206,27,3,2686
20260207,27,3,2679
20260208,27,3,2679
20260209,27,3,2677
20260210,27,3,2671
20260211,27,3,2670
20260212,27,3,2664
20260213,27,3,2663
20260214,27,3,2658
20260215,27,3,2653
20260216,27,3,2646
20260217,27,3,2644
20260218,27,3,2637
20260219,27,3,2634
20260220,27,3,2629
20260221,27,3,2619
20260222,27,3,2619
20260223,27,3,2614
20260224,27,3,2603
20260225,27,3,2600
20260226,27,3,2595
20260227,27,3,2593
20260228,27,3,2592
20260301,27,3,2801
20260302,27,3,2798
20260303,27,3,2792
20260304,27,3,2792
20260305,27,3,2786
20260306,27,3,2776
20260307,27,3,2768
20260308,27,3,2762
20260309,27,3,2751
20260310,27,3,2742
20260311,27,3,2742
20260312,27,3,2734
20260313,27,3,2726
20260314,27,3,2726
20260315,27,3,2722
20260316,27,3,2715
20260317,27,3,2708
20260318,27,3,2707
20260319,27,3,2705
20260320,27,3,2705
20260321,27,3,2699
20260322,27,3,2699
20260323,27,3,2692
20260324,27,3,2682
20260325,27,3,2673
20260326,27,3,2667
20260327,27,3,2659
20260328,27,3,2650
20260329,27,3,2641
20260330,27,3,2634
20260331,27,3,2623
20240401,26,3,456
20240402,26,3,446
20240403,26,3,445
20240404,26,3,442
20240405,26,3,442
20240406,26,3,439
20240407,26,3,435
20240408,26,3,432
20240409,26,3,431
20240410,26,3,424
20240411,26,3,416
20240412,26,3,414
20240413,26,3,407
20240414,26,3,403
20240415,26,3,395
20240416,26,3,390
20240417,26,3,380
20240418,26,3,372
20240419,26,3,368
20240420,26,3,363
20240421,26,3,357
20240422,26,3,356
20240423,26,3,352
20240424,26,3,349
20240425,26,3,348
20240426,26,3,346
20240427,26,3,336
20240428,26,3,327
20240429,26,3,321
20240430,26,3,314
20240501,26,3,549
20240502,26,3,546
20240503,26,3,540
20240504,26,3,531
20240505,26,3,531
20240506,26,3,525
20240507,26,3,524
20240508,26,3,524
20240509,26,3,517
20240510,26,3,514
20240511,26,3,508
20240512,26,3,503
20240513,26,3,497
20240514,26,3,493
20240515,26,3,487
20240516,26,3,486
20240517,26,3,484
20240518,26,3,481
20240519,26,3,475
20240520,26,3,475
20240521,26,3,465
20240522,26,3,463
20240523,26,3,453
20240524,26,3,446
20240525,26,3,443
20240526,26,3,437
20240527,26,3,434
20240528,26,3,430
20240529,26,3,421
20240530,26,3,410
20240531,26,3,405
20240601,26,3,556
20240602,26,3,549
20240603,26,3,543
20240604,26,3,536
20240605,26,3,535
20240606,26,3,529
20240607,26,3,525
20240608,26,3,522
20240609,26,3,511
20240610,26,3,505
20240611,26,3,501
20240612,26,3,496
20240613,26,3,489
20240614,26,3,488
20240615,26,3,477
20240616,26,3,475
20240617,26,3,474
20240618,26,3,469
20240619,26,3,458
20240620,26,3,454
20240621,26,3,448
20240622,26,3,447
20240623,26,3,442
20240624,26,3,440
20240625,26,3,440
20240626,26,3,433
20240627,26,3,427
20240628,26,3,419
20240629,26,3,408
20240630,26,3,399
20240701,26,3,671
20240702,26,3,660
20240703,26,3,660
20240704,26,3,651
20240705,26,3,649
20240706,26,3,638
20240707,26,3,630
20240708,26,3,628
20240709,26,3,625
20240710,26,3,625
20240711,26,3,617
20240712,26,3,615
20240713,26,3,608
20240714,26,3,608
20240715,26,3,602
20240716,26,3,600
20240717,26,3,597
20240718,26,3,592
20240719,26,3,592
20240720,26,3,588
20240721,26,3,580
20240722,26,3,576
20240723,26,3,574
20240724,26,3,569
20240725,26,3,566
20240726,26,3,556
20240727,26,3,555
20240728,26,3,550
20240729,26,3,542
20240730,26,3,538
20240731,26,3,527
20240801,26,3,821
20240802,26,3,813
20240803,26,3,809
20240804,26,3,798
20240805,26,3,792
20240806,26,3,785
20240807,26,3,781
20240808,26,3,776
20240809,26,3,773
20240810,26,3,770
20240811,26,3,759
20240812,26,3,755
20240813,26,3,744
20240814,26,3,744
20240815,26,3,737
20240816,26,3,728
20240817,26,3,728
20240818,26,3,728
20240819,26,3,724
20240820,26,3,721
20240821,26,3,719
20240822,26,3,713
20240823,26,3,707
20240824,26,3,697
20240825,26,3,693
20240826,26,3,684
20240827,26,3,680
20240828,26,3,671
20240829,26,3,660
20240830,26,3,656
20240831,26,3,646
20240901,26,3,877
20240902,26,3,867
20240903,26,3,860
20240904,26,3,854
20240905,26,3,844
20240906,26,3,837
20240907,26,3,826
20240908,26,3,826
20240909,26,3,818
20240910,26,3,813
20240911,26,3,812
20240912,26,3,808
20240913,26,3,800
20240914,26,3,800
20240915,26,3,795
20240916,26,3,787
20240917,26,3,784
20240918,26,3,774
20240919,26,3,764
20240920,26,3,757
20240921,26,3,750
20240922,26,3,747
20240923,26,3,737
20240924,26,3,732
20240925,26,3,732
20240926,26,3,728
20240927,26,3,719
20240928,26,3,713
20240929,26,3,706
20240930,26,3,698
20241001,26,3,890
20241002,26,3,880
20241003,26,3,875
20241004,26,3,866
20241005,26,3,859
20241006,26,3,853
20241007,26,3,847
20241008,26,3,836
20241009,26,3,830
20241010,26,3,821
20241011,26,3,819
20241012,26,3,814
20241013,26,3,808
20241014,26,3,808
20241015,26,3,797
20241016,26,3,790
20241017,26,3,789
20241018,26,3,784
20241019,26,3,773
20241020,26,3,767
20241021,26,3,765
20241022,26,3,765
20241023,26,3,761
20241024,26,3,752
20241025,26,3,749
20241026,26,3,740
20241027,26,3,734
20241028,26,3,725
20241029,26,3,715
20241030,26,3,706
20241031,26,3,698
20241101,26,3,867
20241102,26,3,861
20241103,26,3,859
20241104,26,3,850
20241105,26,3,840
20241106,26,3,833
20241107,26,3,823
20241108,26,3,817
20241109,26,3,807
20241110,26,3,803
20241111,26,3,803
20241112,26,3,796
20241113,26,3,792
20241114,26,3,792
20241115,26,3,786
20241116,26,3,786
20241117,26,3,780
20241118,26,3,775
20241119,26,3,772
20241120,26,3,766
20241121,26,3,762
20241122,26,3,759
20241123,26,3,759
20241124,26,3,751
20241125,26,3,751
20241126,26,3,740
20241127,26,3,730
20241128,26,3,729
20241129,26,3,725
20241130,26,3,720
20241201,26,3,945
20241202,26,3,945
20241203,26,3,934
20241204,26,3,927
20241205,26,3,922
20241206,26,3,919
20241207,26,3,910
20241208,26,3,910
20241209,26,3,908
20241210,26,3,898
20241211,26,3,889
20241212,26,3,884
20241213,26,3,873
20241214,26,3,869
20241215,26,3,866
20241216,26,3,865
20241217,26,3,863
20241218,26,3,861
20241219,26,3,860
20241220,26,3,849
20241221,26,3,844
20241222,26,3,833
20241223,26,3,830
20241224,26,3,820
20241225,26,3,815
20241226,26,3,813
20241227,26,3,807
20241228,26,3,805
20241229,26,3,795
20241230,26,3,792
20241231,26,3,782
20250101,26,3,1039
20250102,26,3,1034
20250103,26,3,1025
20250104,26,3,1025
20250105,26,3,1019
20250106,26,3,1011
20250107,26,3,1003
20250108,26,3,993
20250109,26,3,985
20250110,26,3,980
20250111,26,3,971
20250112,26,3,969
20250113,26,3,968
20250114,26,3,968
20250115,26,3,959
20250116,26,3,956
20250117,26,3,954
20250118,26,3,952
20250119,26,3,944
20250120,26,3,939
20250121,26,3,928
20250122,26,3,920
20250123,26,3,913
20250124,26,3,911
20250125,26,3,901
20250126,26,3,898
20250127,26,3,889
20250128,26,3,889
20250129,26,3,881
20250130,26,3,872
20250131,26,3,872
20250201,26,3,1127
20250202,26,3,1121
20250203,26,3,1111
20250204,26,3,1107
20250205,26,3,1099
20250206,26,3,1097
20250207,26,3,1091
20250208,26,3,1086
20250209,26,3,1086
20250210,26,3,1076
20250211,26,3,1075
20250212,26,3,1075
20250213,26,3,1067
20250214,26,3,1058
20250215,26,3,1056
20250216,26,3,1048
20250217,26,3,1044
20250218,26,3,1035
20250219,26,3,1026
20250220,26,3,1020
20250221,26,3,1017
20250222,26,3,1013
20250223,26,3,1007
20250224,26,3,1005
20250225,26,3,1005
20250226,26,3,997
20250227,26,3,992
20250228,26,3,986
20250301,26,3,1238
20250302,26,3,1236
20250303,26,3,1236
20250304,26,3,1230
20250305,26,3,1223
20250306,26,3,1216
20250307,26,3,1215
20250308,26,3,1206
20250309,26,3,1196
20250310,26,3,1192
20250311,26,3,1192
20250312,26,3,1182
20250313,26,3,1175
20250314,26,3,1170
20250315,26,3,1168
20250316,26,3,1168
20250317,26,3,1166
20250318,26,3,1166
20250319,26,3,1164
20250320,26,3,1154
20250321,26,3,1146
20250322,26,3,1146
20250323,26,3,1137
20250324,26,3,1128
20250325,26,3,1126
20250326,26,3,1115
20250327,26,3,1114
20250328,26,3,1104
20250329,26,3,1101
20250330,26,3,1097
20250331,26,3,1092
20250401,26,3,1266
20250402,26,3,1265
20250403,26,3,1258
20250404,26,3,1254
20250405,26,3,1243
20250406,26,3,1238
20250407,26,3,1228
20250408,26,3,1223
20250409,26,3,1215
20250410,26,3,1208
20250411,26,3,1204
20250412,26,3,1195
20250413,26,3,1192
20250414,26,3,1191
20250415,26,3,1183
20250416,26,3,1180
20250417,26,3,1172
20250418,26,3,1164
20250419,26,3,1156
20250420,26,3,1146
20250421,26,3,1137
20250422,26,3,1127
20250423,26,3,1116
20250424,26,3,1105
20250425,26,3,1105
20250426,26,3,1096
20250427,26,3,1086
20250428,26,3,1075
20250429,26,3,1073
20250430,26,3,1062
20250501,26,3,1353
20250502,26,3,1349
20250503,26,3,1341
20250504,26,3,1340
20250505,26,3,1337
20250506,26,3,1331
20250507,26,3,1321
20250508,26,3,1316
20250509,26,3,1308
20250510,26,3,1302
20250511,26,3,1292
20250512,26,3,1282
20250513,26,3,1280
20250514,26,3,1275
20250515,26,3,1271
20250516,26,3,1264
20250517,26,3,1263
20250518,26,3,1261
20250519,26,3,1250
20250520,26,3,1241
20250521,26,3,1232
20250522,26,3,1225
20250523,26,3,1216
20250524,26,3,1211
20250525,26,3,1206
20250526,26,3,1201
20250527,26,3,1201
20250528,26,3,1198
20250529,26,3,1187
20250530,26,3,1178
20250531,26,3,1174
20250601,26,3,1344
20250602,26,3,1337
20250603,26,3,1327
20250604,26,3,1323
20250605,26,3,1321
20250606,26,3,1317
20250607,26,3,1315
20250608,26,3,1310
20250609,26,3,1305
20250610,26,3,1302
20250611,26,3,1297
20250612,26,3,1290
20250613,26,3,1280
20250614,26,3,1271
20250615,26,3,1260
20250616,26,3,1254
20250617,26,3,1251
20250618,26,3,1251
20250619,26,3,1249
20250620,26,3,1245
20250621,26,3,1240
20250622,26,3,1234
20250623,26,3,1229
20250624,26,3,1226
20250625,26,3,1217
20250626,26,3,1210
20250627,26,3,1209
20250628,26,3,1203
20250629,26,3,1202
20250630,26,3,1193
20250701,26,3,1367
20250702,26,3,1367
20250703,26,3,1356
20250704,26,3,1356
20250705,26,3,1349
20250706,26,3,1343
20250707,26,3,1343
20250708,26,3,1333
20250709,26,3,1329
20250710,26,3,1320
20250711,26,3,1315
20250712,26,3,1313
20250713,26,3,1310
20250714,26,3,1309
20250715,26,3,1305
20250716,26,3,1298
20250717,26,3,1292
20250718,26,3,1289
20250719,26,3,1285
20250720,26,3,1279
20250721,26,3,1276
20250722,26,3,1268
20250723,26,3,1265
20250724,26,3,1255
20250725,26,3,1253
20250726,26,3,1251
20250727,26,3,1240
20250728,26,3,1240
20250729,26,3,1240
20250730,26,3,1238
20250731,26,3,1236
20250801,26,3,1459
20250802,26,3,1458
20250803,26,3,1452
20250804,26,3,1449
20250805,26,3,1440
20250806,26,3,1437
20250807,26,3,1434
20250808,26,3,1433
20250809,26,3,1433
20250810,26,3,1422
20250811,26,3,1417
20250812,26,3,1407
20250813,26,3,1396
20250814,26,3,1389
20250815,26,3,1383
20250816,26,3,1373
20250817,26,3,1365
20250818,26,3,1362
20250819,26,3,1351
20250820,26,3,1341
20250821,26,3,1341
20250822,26,3,1333
20250823,26,3,1333
20250824,26,3,1331
20250825,26,3,1324
20250826,26,3,1316
20250827,26,3,1314
20250828,26,3,1308
20250829,26,3,1307
20250830,26,3,1302
20250831,26,3,1299
20250901,26,3,1579
20250902,26,3,1575
20250903,26,3,1570
20250904,26,3,1559
20250905,26,3,1549
20250906,26,3,1540
20250907,26,3,1534
20250908,26,3,1529
20250909,26,3,1522
20250910,26,3,1513
20250911,26,3,1512
20250912,26,3,1511
20250913,26,3,1506
20250914,26,3,1500
20250915,26,3,1498
20250916,26,3,1498
20250917,26,3,1492
20250918,26,3,1490
20250919,26,3,1489
20250920,26,3,1485
20250921,26,3,1475
20250922,26,3,1474
20250923,26,3,1469
20250924,26,3,1459
20250925,26,3,1459
20250926,26,3,1449
20250927,26,3,1440
20250928,26,3,1440
20250929,26,3,1436
20250930,26,3,1435
20251001,26,3,1631
20251002,26,3,1621
20251003,26,3,1621
20251004,26,3,1612
20251005,26,3,1601
20251006,26,3,1594
20251007,26,3,1588
20251008,26,3,1581
20251009,26,3,1575
20251010,26,3,1573
20251011,26,3,1573
20251012,26,3,1573
20251013,26,3,1569
20251014,26,3,1561
20251015,26,3,1551
20251016,26,3,1549
20251017,26,3,1546
20251018,26,3,1546
20251019,26,3,1536
20251020,26,3,1535
20251021,26,3,1529
20251022,26,3,1529
20251023,26,3,1519
20251024,26,3,1509
20251025,26,3,1500
20251026,26,3,1498
20251027,26,3,1493
20251028,26,3,1482
20251029,26,3,1472
20251030,26,3,1471
20251031,26,3,1461
20251101,26,3,1672
20251102,26,3,1667
20251103,26,3,1667
20251104,26,3,1662
20251105,26,3,1653
20251106,26,3,1644
20251107,26,3,1637
20251108,26,3,1627
20251109,26,3,1619
20251110,26,3,1613
20251111,26,3,1602
20251112,26,3,1599
20251113,26,3,1599
20251114,26,3,1588
20251115,26,3,1579
20251116,26,3,1570
20251117,26,3,1566
20251118,26,3,1560
20251119,26,3,1553
20251120,26,3,1546
20251121,26,3,1544
20251122,26,3,1540
20251123,26,3,1537
20251124,26,3,1532
20251125,26,3,1525
20251126,26,3,1522
20251127,26,3,1518
20251128,26,3,1514
20251129,26,3,1511
20251130,26,3,1502
20251201,26,3,1650
20251202,26,3,1649
20251203,26,3,1644
20251204,26,3,1637
20251205,26,3,1632
20251206,26,3,1628
20251207,26,3,1621
20251208,26,3,1621
20251209,26,3,1611
20251210,26,3,1607
20251211,26,3,1607
20251212,26,3,1603
20251213,26,3,1599
20251214,26,3,1597
20251215,26,3,1590
20251216,26,3,1589
20251217,26,3,1585
20251218,26,3,1585
20251219,26,3,1583
20251220,26,3,1576
20251221,26,3,1573
20251222,26,3,1564
20251223,26,3,1558
20251224,26,3,1556
20251225,26,3,1553
20251226,26,3,1550
20251227,26,3,1544
20251228,26,3,1534
20251229,26,3,1532
20251230,26,3,1521
20251231,26,3,1514
20260101,26,3,1745
20260102,26,3,1741
20260103,26,3,1732
20260104,26,3,1721
20260105,26,3,1715
20260106,26,3,1715
20260107,26,3,1709
20260108,26,3,1706
20260109,26,3,1697
20260110,26,3,1691
20260111,26,3,1690
20260112,26,3,1688
20260113,26,3,1678
20260114,26,3,1667
20260115,26,3,1663
20260116,26,3,1657
20260117,26,3,1653
20260118,26,3,1643
20260119,26,3,1633
20260120,26,3,1630
20260121,26,3,1628
20260122,26,3,1627
20260123,26,3,1618
20260124,26,3,1608
20260125,26,3,1602
20260126,26,3,1597
20260127,26,3,1593
20260128,26,3,1584
20260129,26,3,1584
20260130,26,3,1581
20260131,26,3,1574
20260201,26,3,1736
20260202,26,3,1729
20260203,26,3,1725
20260204,26,3,1722
20260205,26,3,1714
20260206,26,3,1703
20260207,26,3,1701
20260208,26,3,1698
20260209,26,3,1696
20260210,26,3,1693
20260211,26,3,1682
20260212,26,3,1673
20260213,26,3,1664
20260214,26,3,1660
20260215,26,3,1659
20260216,26,3,1658
20260217,26,3,1647
20260218,26,3,1645
20260219,26,3,1644
20260220,26,3,1637
20260221,26,3,1634
20260222,26,3,1633
20260223,26,3,1629
20260224,26,3,1621
20260225,26,3,1617
20260226,26,3,1606
20260227,26,3,1601
20260228,26,3,1600
20260301,26,3,1881
20260302,26,3,1877
20260303,26,3,1873
20260304,26,3,1868
20260305,26,3,1861
20260306,26,3,1855
20260307,26,3,1848
20260308,26,3,1845
20260309,26,3,1834
20260310,26,3,1829
20260311,26,3,1818
20260312,26,3,1818
20260313,26,3,1815
20260314,26,3,1806
20260315,26,3,1804
20260316,26,3,1797
20260317,26,3,1795
20260318,26,3,1786
20260319,26,3,1779
20260320,26,3,1774
20260321,26,3,1771
20260322,26,3,1760
20260323,26,3,1751
20260324,26,3,1746
20260325,26,3,1741
20260326,26,3,1732
20260327,26,3,1732
20260328,26,3,1723
20260329,26,3,1714
20260330,26,3,1706
20260331,26,3,1701
20240401,12,3,628
20240402,12,3,619
20240403,12,3,614
20240404,12,3,608
20240405,12,3,604
20240406,12,3,603
20240407,12,3,594
20240408,12,3,588
20240409,12,3,582
20240410,12,3,575
20240411,12,3,567
20240412,12,3,557
20240413,12,3,549
20240414,12,3,540
20240415,12,3,532
20240416,12,3,521
20240417,12,3,520
20240418,12,3,512
20240419,12,3,511
20240420,12,3,506
20240421,12,3,506
20240422,12,3,502
20240423,12,3,498
20240424,12,3,493
20240425,12,3,483
20240426,12,3,480
20240427,12,3,479
20240428,12,3,478
20240429,12,3,469
20240430,12,3,466
20240501,12,3,664
20240502,12,3,654
20240503,12,3,654
20240504,12,3,645
20240505,12,3,641
20240506,12,3,635
20240507,12,3,633
20240508,12,3,632
20240509,12,3,624
20240510,12,3,617
20240511,12,3,613
20240512,12,3,609
20240513,12,3,603
20240514,12,3,598
20240515,12,3,588
20240516,12,3,586
20240517,12,3,580
20240518,12,3,573
20240519,12,3,570
20240520,12,3,568
20240521,12,3,561
20240522,12,3,557
20240523,12,3,546
20240524,12,3,544
20240525,12,3,538
20240526,12,3,533
20240527,12,3,529
20240528,12,3,523
20240529,12,3,514
20240530,12,3,511
20240531,12,3,504
20240601,12,3,768
20240602,12,3,761
20240603,12,3,760
20240604,12,3,750
20240605,12,3,739
20240606,12,3,728
20240607,12,3,720
20240608,12,3,719
20240609,12,3,712
20240610,12,3,710
20240611,12,3,701
20240612,12,3,701
20240613,12,3,700
20240614,12,3,692
20240615,12,3,689
20240616,12,3,688
20240617,12,3,687
20240618,12,3,684
20240619,12,3,679
20240620,12,3,671
20240621,12,3,665
20240622,12,3,660
20240623,12,3,650
20240624,12,3,641
20240625,12,3,636
20240626,12,3,625
20240627,12,3,617
20240628,12,3,613
20240629,12,3,609
20240630,12,3,609
20240701,12,3,871
20240702,12,3,870
20240703,12,3,869
20240704,12,3,868
20240705,12,3,867
20240706,12,3,864
20240707,12,3,855
20240708,12,3,844
20240709,12,3,839
20240710,12,3,833
20240711,12,3,827
20240712,12,3,820
20240713,12,3,812
20240714,12,3,811
20240715,12,3,805
20240716,12,3,801
20240717,12,3,792
20240718,12,3,781
20240719,12,3,777
20240720,12,3,771
20240721,12,3,768
20240722,12,3,768
20240723,12,3,767
20240724,12,3,757
20240725,12,3,754
20240726,12,3,753
20240727,12,3,751
20240728,12,3,744
20240729,12,3,739
20240730,12,3,738
20240731,12,3,733
20240801,12,3,1008
20240802,12,3,997
20240803,12,3,993
20240804,12,3,990
20240805,12,3,983
20240806,12,3,973
20240807,12,3,964
20240808,12,3,954
20240809,12,3,954
20240810,12,3,945
20240811,12,3,945
20240812,12,3,936
20240813,12,3,933
20240814,12,3,925
20240815,12,3,921
20240816,12,3,921
20240817,12,3,913
20240818,12,3,909
20240819,12,3,908
20240820,12,3,905
20240821,12,3,903
20240822,12,3,901
20240823,12,3,896
20240824,12,3,891
20240825,12,3,888
20240826,12,3,885
20240827,12,3,876
20240828,12,3,870
20240829,12,3,868
20240830,12,3,863
20240831,12,3,852
20240901,12,3,992
20240902,12,3,991
20240903,12,3,988
20240904,12,3,981
20240905,12,3,979
20240906,12,3,968
20240907,12,3,960
20240908,12,3,954
20240909,12,3,950
20240910,12,3,939
20240911,12,3,935
20240912,12,3,924
20240913,12,3,913
20240914,12,3,905
20240915,12,3,897
20240916,12,3,890
20240917,12,3,879
20240918,12,3,873
20240919,12,3,862
20240920,12,3,860
20240921,12,3,855
20240922,12,3,854
20240923,12,3,854
20240924,12,3,851
20240925,12,3,840
20240926,12,3,837
20240927,12,3,828
20240928,12,3,825
20240929,12,3,817
20240930,12,3,815
20241001,12,3,1028
20241002,12,3,1018
20241003,12,3,1014
20241004,12,3,1008
20241005,12,3,1002
20241006,12,3,997
20241007,12,3,993
20241008,12,3,982
20241009,12,3,977
20241010,12,3,969
20241011,12,3,964
20241012,12,3,958
20241013,12,3,952
20241014,12,3,950
20241015,12,3,948
20241016,12,3,940
20241017,12,3,929
20241018,12,3,921
20241019,12,3,914
20241020,12,3,903
20241021,12,3,895
20241022,12,3,885
20241023,12,3,881
20241024,12,3,872
20241025,12,3,862
20241026,12,3,853
20241027,12,3,849
20241028,12,3,841
20241029,12,3,831
20241030,12,3,824
20241031,12,3,822
20241101,12,3,989
20241102,12,3,987
20241103,12,3,976
20241104,12,3,969
20241105,12,3,967
20241106,12,3,965
20241107,12,3,965
20241108,12,3,958
20241109,12,3,949
20241110,12,3,941
20241111,12,3,934
20241112,12,3,927
20241113,12,3,925
20241114,12,3,916
20241115,12,3,910
20241116,12,3,900
20241117,12,3,889
20241118,12,3,879
20241119,12,3,868
20241120,12,3,859
20241121,12,3,856
20241122,12,3,853
20241123,12,3,845
20241124,12,3,843
20241125,12,3,837
20241126,12,3,829
20241127,12,3,826
20241128,12,3,825
20241129,12,3,824
20241130,12,3,816
20241201,12,3,976
20241202,12,3,976
20241203,12,3,967
20241204,12,3,960
20241205,12,3,957
20241206,12,3,954
20241207,12,3,948
20241208,12,3,941
20241209,12,3,931
20241210,12,3,922
20241211,12,3,916
20241212,12,3,916
20241213,12,3,905
20241214,12,3,900
20241215,12,3,890
20241216,12,3,887
20241217,12,3,883
20241218,12,3,876
20241219,12,3,868
20241220,12,3,867
20241221,12,3,858
20241222,12,3,852
20241223,12,3,843
20241224,12,3,836
20241225,12,3,830
20241226,12,3,823
20241227,12,3,817
20241228,12,3,816
20241229,12,3,812
20241230,12,3,801
20241231,12,3,798
20250101,12,3,1011
20250102,12,3,1006
20250103,12,3,997
20250104,12,3,989
20250105,12,3,988
20250106,12,3,977
20250107,12,3,970
20250108,12,3,962
20250109,12,3,953
20250110,12,3,945
20250111,12,3,935
20250112,12,3,927
20250113,12,3,916
20250114,12,3,908
20250115,12,3,898
20250116,12,3,892
20250117,12,3,889
20250118,12,3,883
20250119,12,3,882
20250120,12,3,877
20250121,12,3,869
20250122,12,3,860
20250123,12,3,856
20250124,12,3,851
20250125,12,3,845
20250126,12,3,844
20250127,12,3,837
20250128,12,3,832
20250129,12,3,824
20250130,12,3,817
20250131,12,3,815
20250201,12,3,1045
20250202,12,3,1038
20250203,12,3,1031
20250204,12,3,1027
20250205,12,3,1020
20250206,12,3,1018
20250207,12,3,1014
20250208,12,3,1006
20250209,12,3,1000
20250210,12,3,1000
20250211,12,3,995
20250212,12,3,992
20250213,12,3,982
20250214,12,3,971
20250215,12,3,971
20250216,12,3,967
20250217,12,3,960
20250218,12,3,956
20250219,12,3,948
20250220,12,3,947
20250221,12,3,937
20250222,12,3,934
20250223,12,3,932
20250224,12,3,928
20250225,12,3,917
20250226,12,3,914
20250227,12,3,911
20250228,12,3,909
20250301,12,3,1070
20250302,12,3,1063
20250303,12,3,1057
20250304,12,3,1056
20250305,12,3,1056
20250306,12,3,1053
20250307,12,3,1042
20250308,12,3,1036
20250309,12,3,1027
20250310,12,3,1024
20250311,12,3,1023
20250312,12,3,1021
20250313,12,3,1019
20250314,12,3,1012
20250315,12,3,1010
20250316,12,3,999
20250317,12,3,991
20250318,12,3,987
20250319,12,3,980
20250320,12,3,972
20250321,12,3,963
20250322,12,3,963
20250323,12,3,957
20250324,12,3,953
20250325,12,3,950
20250326,12,3,943
20250327,12,3,941
20250328,12,3,938
20250329,12,3,931
20250330,12,3,931
20250331,12,3,927
20250401,12,3,1186
20250402,12,3,1183
20250403,12,3,1181
20250404,12,3,1176
20250405,12,3,1167
20250406,12,3,1166
20250407,12,3,1159
20250408,12,3,1150
20250409,12,3,1148
20250410,12,3,1140
20250411,12,3,1135
20250412,12,3,1135
20250413,12,3,1127
20250414,12,3,1119
20250415,12,3,1111
20250416,12,3,1111
20250417,12,3,1106
20250418,12,3,1104
20250419,12,3,1097
20250420,12,3,1092
20250421,12,3,1085
20250422,12,3,1075
20250423,12,3,1074
20250424,12,3,1072
20250425,12,3,1066
20250426,12,3,1055
20250427,12,3,1055
20250428,12,3,1045
20250429,12,3,1036
20250430,12,3,1034
20250501,12,3,1301
20250502,12,3,1301
20250503,12,3,1301
20250504,12,3,1298
20250505,12,3,1292
20250506,12,3,1283
20250507,12,3,1282
20250508,12,3,1275
20250509,12,3,1267
20250510,12,3,1263
20250511,12,3,1260
20250512,12,3,1257
20250513,12,3,1252
20250514,12,3,1249
20250515,12,3,1243
20250516,12,3,1242
20250517,12,3,1234
20250518,12,3,1223
20250519,12,3,1221
20250520,12,3,1213
20250521,12,3,1205
20250522,12,3,1199
20250523,12,3,1196
20250524,12,3,1185
20250525,12,3,1178
20250526,12,3,1174
20250527,12,3,1171
20250528,12,3,1161
20250529,12,3,1153
20250530,12,3,1143
20250531,12,3,1135
20250601,12,3,1294
20250602,12,3,1283
20250603,12,3,1283
20250604,12,3,1275
20250605,12,3,1266
20250606,12,3,1262
20250607,12,3,1252
20250608,12,3,1248
20250609,12,3,1243
20250610,12,3,1243
20250611,12,3,1239
20250612,12,3,1230
20250613,12,3,1224
20250614,12,3,1221
20250615,12,3,1213
20250616,12,3,1209
20250617,12,3,1205
20250618,12,3,1199
20250619,12,3,1198
20250620,12,3,1192
20250621,12,3,1184
20250622,12,3,1182
20250623,12,3,1176
20250624,12,3,1176
20250625,12,3,1167
20250626,12,3,1159
20250627,12,3,1151
20250628,12,3,1146
20250629,12,3,1139
20250630,12,3,1131
20250701,12,3,1331
20250702,12,3,1328
20250703,12,3,1324
20250704,12,3,1316
20250705,12,3,1306
20250706,12,3,1304
20250707,12,3,1301
20250708,12,3,1301
20250709,12,3,1297
20250710,12,3,1288
20250711,12,3,1284
20250712,12,3,1284
20250713,12,3,1282
20250714,12,3,1280
20250715,12,3,1278
20250716,12,3,1269
20250717,12,3,1258
20250718,12,3,1253
20250719,12,3,1252
20250720,12,3,1241
20250721,12,3,1233
20250722,12,3,1224
20250723,12,3,1223
20250724,12,3,1222
20250725,12,3,1221
20250726,12,3,1210
20250727,12,3,1202
20250728,12,3,1192
20250729,12,3,1185
20250730,12,3,1181
20250731,12,3,1177
20250801,12,3,1339
20250802,12,3,1332
20250803,12,3,1327
20250804,12,3,1321
20250805,12,3,1311
20250806,12,3,1310
20250807,12,3,1302
20250808,12,3,1291
20250809,12,3,1281
20250810,12,3,1279
20250811,12,3,1276
20250812,12,3,1269
20250813,12,3,1264
20250814,12,3,1257
20250815,12,3,1249
20250816,12,3,1248
20250817,12,3,1238
20250818,12,3,1237
20250819,12,3,1230
20250820,12,3,1219
20250821,12,3,1219
20250822,12,3,1214
20250823,12,3,1209
20250824,12,3,1205
20250825,12,3,1195
20250826,12,3,1195
20250827,12,3,1186
20250828,12,3,1186
20250829,12,3,1175
20250830,12,3,1164
20250831,12,3,1156
20250901,12,3,1430
20250902,12,3,1429
20250903,12,3,1427
20250904,12,3,1423
20250905,12,3,1419
20250906,12,3,1418
20250907,12,3,1417
20250908,12,3,1408
20250909,12,3,1400
20250910,12,3,1391
20250911,12,3,1387
20250912,12,3,1377
20250913,12,3,1375
20250914,12,3,1366
20250915,12,3,1364
20250916,12,3,1358
20250917,12,3,1347
20250918,12,3,1346
20250919,12,3,1337
20250920,12,3,1331
20250921,12,3,1328
20250922,12,3,1317
20250923,12,3,1308
20250924,12,3,1299
20250925,12,3,1288
20250926,12,3,1278
20250927,12,3,1269
20250928,12,3,1267
20250929,12,3,1263
20250930,12,3,1259
20251001,12,3,1432
20251002,12,3,1423
20251003,12,3,1416
20251004,12,3,1416
20251005,12,3,1408
20251006,12,3,1405
20251007,12,3,1405
20251008,12,3,1405
20251009,12,3,1404
20251010,12,3,1402
20251011,12,3,1395
20251012,12,3,1392
20251013,12,3,1382
20251014,12,3,1378
20251015,12,3,1378
20251016,12,3,1377
20251017,12,3,1375
20251018,12,3,1368
20251019,12,3,1362
20251020,12,3,1351
20251021,12,3,1350
20251022,12,3,1349
20251023,12,3,1343
20251024,12,3,1335
20251025,12,3,1331
20251026,12,3,1329
20251027,12,3,1324
20251028,12,3,1317
20251029,12,3,1312
20251030,12,3,1311
20251031,12,3,1311
20251101,12,3,1590
20251102,12,3,1590
20251103,12,3,1585
20251104,12,3,1583
20251105,12,3,1581
20251106,12,3,1574
20251107,12,3,1566
20251108,12,3,1558
20251109,12,3,1548
20251110,12,3,1543
20251111,12,3,1535
20251112,12,3,1533
20251113,12,3,1526
20251114,12,3,1519
20251115,12,3,1515
20251116,12,3,1504
20251117,12,3,1493
20251118,12,3,1486
20251119,12,3,1484
20251120,12,3,1482
20251121,12,3,1475
20251122,12,3,1465
20251123,12,3,1464
20251124,12,3,1456
20251125,12,3,1450
20251126,12,3,1443
20251127,12,3,1442
20251128,12,3,1440
20251129,12,3,1435
20251130,12,3,1432
20251201,12,3,1672
20251202,12,3,1665
20251203,12,3,1658
20251204,12,3,1647
20251205,12,3,1643
20251206,12,3,1639
20251207,12,3,1632
20251208,12,3,1626
20251209,12,3,1625
20251210,12,3,1622
20251211,12,3,1613
20251212,12,3,1612
20251213,12,3,1610
20251214,12,3,1602
20251215,12,3,1591
20251216,12,3,1581
20251217,12,3,1573
20251218,12,3,1570
20251219,12,3,1561
20251220,12,3,1557
20251221,12,3,1554
20251222,12,3,1551
20251223,12,3,1548
20251224,12,3,1541
20251225,12,3,1532
20251226,12,3,1525
20251227,12,3,1515
20251228,12,3,1512
20251229,12,3,1505
20251230,12,3,1497
20251231,12,3,1493
20260101,12,3,1755
20260102,12,3,1752
20260103,12,3,1744
20260104,12,3,1744
20260105,12,3,1735
20260106,12,3,1733
20260107,12,3,1728
20260108,12,3,1719
20260109,12,3,1710
20260110,12,3,1706
20260111,12,3,1699
20260112,12,3,1698
20260113,12,3,1688
20260114,12,3,1686
20260115,12,3,1677
20260116,12,3,1671
20260117,12,3,1667
20260118,12,3,1663
20260119,12,3,1654
20260120,12,3,1651
20260121,12,3,1644
20260122,12,3,1644
20260123,12,3,1637
20260124,12,3,1636
20260125,12,3,1634
20260126,12,3,1626
20260127,12,3,1617
20260128,12,3,1616
20260129,12,3,1615
20260130,12,3,1614
20260131,12,3,1612
20260201,12,3,1795
20260202,12,3,1789
20260203,12,3,1780
20260204,12,3,1780
20260205,12,3,1776
20260206,12,3,1776
20260207,12,3,1769
20260208,12,3,1759
20260209,12,3,1748
20260210,12,3,1748
20260211,12,3,1740
20260212,12,3,1731
20260213,12,3,1722
20260214,12,3,1722
20260215,12,3,1721
20260216,12,3,1717
20260217,12,3,1717
20260218,12,3,1713
20260219,12,3,1711
20260220,12,3,1701
20260221,12,3,1691
20260222,12,3,1688
20260223,12,3,1680
20260224,12,3,1680
20260225,12,3,1676
20260226,12,3,1666
20260227,12,3,1656
20260228,12,3,1652
20260301,12,3,1900
20260302,12,3,1891
20260303,12,3,1889
20260304,12,3,1888
20260305,12,3,1882
20260306,12,3,1873
20260307,12,3,1866
20260308,12,3,1861
20260309,12,3,1858
20260310,12,3,1857
20260311,12,3,1857
20260312,12,3,1857
20260313,12,3,1853
20260314,12,3,1847
20260315,12,3,1847
20260316,12,3,1840
20260317,12,3,1832
20260318,12,3,1830
20260319,12,3,1825
20260320,12,3,1822
20260321,12,3,1813
20260322,12,3,1809
20260323,12,3,1800
20260324,12,3,1800
20260325,12,3,1790
20260326,12,3,1779
20260327,12,3,1771
20260328,12,3,1762
20260329,12,3,1754
20260330,12,3,1751
20260331,12,3,1750
20240401,31,3,596
20240402,31,3,596
20240403,31,3,594
20240404,31,3,591
20240405,31,3,582
20240406,31,3,581
20240407,31,3,580
20240408,31,3,578
20240409,31,3,573
20240410,31,3,570
20240411,31,3,561
20240412,31,3,556
20240413,31,3,546
20240414,31,3,536
20240415,31,3,533
20240416,31,3,525
20240417,31,3,518
20240418,31,3,511
20240419,31,3,501
20240420,31,3,499
20240421,31,3,489
20240422,31,3,483
20240423,31,3,483
20240424,31,3,479
20240425,31,3,478
20240426,31,3,475
20240427,31,3,473
20240428,31,3,466
20240429,31,3,466
20240430,31,3,465
20240501,31,3,745
20240502,31,3,745
20240503,31,3,736
20240504,31,3,726
20240505,31,3,723
20240506,31,3,720
20240507,31,3,714
20240508,31,3,714
20240509,31,3,703
20240510,31,3,699
20240511,31,3,696
20240512,31,3,688
20240513,31,3,684
20240514,31,3,683
20240515,31,3,678
20240516,31,3,667
20240517,31,3,662
20240518,31,3,660
20240519,31,3,658
20240520,31,3,648
20240521,31,3,639
20240522,31,3,639
20240523,31,3,637
20240524,31,3,629
20240525,31,3,626
20240526,31,3,621
20240527,31,3,611
20240528,31,3,602
20240529,31,3,594
20240530,31,3,587
20240531,31,3,585
20240601,31,3,755
20240602,31,3,755
20240603,31,3,748
20240604,31,3,744
20240605,31,3,744
20240606,31,3,738
20240607,31,3,737
20240608,31,3,727
20240609,31,3,725
20240610,31,3,723
20240611,31,3,715
20240612,31,3,712
20240613,31,3,708
20240614,31,3,704
20240615,31,3,698
20240616,31,3,690
20240617,31,3,681
20240618,31,3,680
20240619,31,3,675
20240620,31,3,669
20240621,31,3,658
20240622,31,3,651
20240623,31,3,642
20240624,31,3,636
20240625,31,3,630
20240626,31,3,624
20240627,31,3,623
20240628,31,3,618
20240629,31,3,607
20240630,31,3,596
20240701,31,3,767
20240702,31,3,758
20240703,31,3,748
20240704,31,3,741
20240705,31,3,735
20240706,31,3,725
20240707,31,3,718
20240708,31,3,709
20240709,31,3,700
20240710,31,3,697
20240711,31,3,686
20240712,31,3,682
20240713,31,3,681
20240714,31,3,679
20240715,31,3,673
20240716,31,3,662
20240717,31,3,660
20240718,31,3,652
20240719,31,3,652
20240720,31,3,646
20240721,31,3,636
20240722,31,3,629
20240723,31,3,618
20240724,31,3,607
20240725,31,3,599
20240726,31,3,599
20240727,31,3,595
20240728,31,3,594
20240729,31,3,585
20240730,31,3,584
20240731,31,3,573
20240801,31,3,807
20240802,31,3,798
20240803,31,3,788
20240804,31,3,788
20240805,31,3,782
20240806,31,3,772
20240807,31,3,770
20240808,31,3,766
20240809,31,3,765
20240810,31,3,759
20240811,31,3,759
20240812,31,3,758
20240813,31,3,754
20240814,31,3,745
20240815,31,3,745
20240816,31,3,735
20240817,31,3,727
20240818,31,3,716
20240819,31,3,707
20240820,31,3,699
20240821,31,3,690
20240822,31,3,682
20240823,31,3,681
20240824,31,3,674
20240825,31,3,672
20240826,31,3,670
20240827,31,3,659
20240828,31,3,649
20240829,31,3,638
20240830,31,3,638
20240831,31,3,627
20240901,31,3,766
20240902,31,3,765
20240903,31,3,764
20240904,31,3,764
20240905,31,3,755
20240906,31,3,746
20240907,31,3,744
20240908,31,3,735
20240909,31,3,732
20240910,31,3,722
20240911,31,3,717
20240912,31,3,711
20240913,31,3,702
20240914,31,3,697
20240915,31,3,692
20240916,31,3,686
20240917,31,3,684
20240918,31,3,679
20240919,31,3,669
20240920,31,3,662
20240921,31,3,659
20240922,31,3,648
20240923,31,3,639
20240924,31,3,628
20240925,31,3,619
20240926,31,3,619
20240927,31,3,618
20240928,31,3,618
20240929,31,3,613
20240930,31,3,608
20241001,31,3,776
20241002,31,3,768
20241003,31,3,760
20241004,31,3,752
20241005,31,3,745
20241006,31,3,742
20241007,31,3,736
20241008,31,3,728
20241009,31,3,720
20241010,31,3,716
20241011,31,3,714
20241012,31,3,708
20241013,31,3,698
20241014,31,3,690
20241015,31,3,682
20241016,31,3,672
20241017,31,3,664
20241018,31,3,659
20241019,31,3,651
20241020,31,3,643
20241021,31,3,638
20241022,31,3,635
20241023,31,3,631
20241024,31,3,626
20241025,31,3,618
20241026,31,3,617
20241027,31,3,609
20241028,31,3,604
20241029,31,3,603
20241030,31,3,599
20241031,31,3,590
20241101,31,3,869
20241102,31,3,866
20241103,31,3,860
20241104,31,3,849
20241105,31,3,844
20241106,31,3,842
20241107,31,3,836
20241108,31,3,829
20241109,31,3,827
20241110,31,3,824
20241111,31,3,813
20241112,31,3,803
20241113,31,3,793
20241114,31,3,788
20241115,31,3,778
20241116,31,3,775
20241117,31,3,772
20241118,31,3,770
20241119,31,3,762
20241120,31,3,754
20241121,31,3,747
20241122,31,3,737
20241123,31,3,735
20241124,31,3,726
20241125,31,3,715
20241126,31,3,709
20241127,31,3,703
20241128,31,3,692
20241129,31,3,691
20241130,31,3,685
20241201,31,3,910
20241202,31,3,909
20241203,31,3,907
20241204,31,3,898
20241205,31,3,891
20241206,31,3,882
20241207,31,3,873
20241208,31,3,864
20241209,31,3,856
20241210,31,3,856
20241211,31,3,855
20241212,31,3,854
20241213,31,3,849
20241214,31,3,848
20241215,31,3,848
20241216,31,3,841
20241217,31,3,830
20241218,31,3,827
20241219,31,3,826
20241220,31,3,825
20241221,31,3,815
20241222,31,3,804
20241223,31,3,800
20241224,31,3,795
20241225,31,3,788
20241226,31,3,783
20241227,31,3,775
20241228,31,3,769
20241229,31,3,759
20241230,31,3,754
20241231,31,3,746
20250101,31,3,928
20250102,31,3,920
20250103,31,3,917
20250104,31,3,910
20250105,31,3,908
20250106,31,3,898
20250107,31,3,890
20250108,31,3,886
20250109,31,3,882
20250110,31,3,873
20250111,31,3,865
20250112,31,3,854
20250113,31,3,845
20250114,31,3,841
20250115,31,3,838
20250116,31,3,830
20250117,31,3,830
20250118,31,3,830
20250119,31,3,825
20250120,31,3,815
20250121,31,3,812
20250122,31,3,804
20250123,31,3,803
20250124,31,3,796
20250125,31,3,791
20250126,31,3,790
20250127,31,3,786
20250128,31,3,775
20250129,31,3,773
20250130,31,3,763
20250131,31,3,760
20250201,31,3,955
20250202,31,3,955
20250203,31,3,944
20250204,31,3,940
20250205,31,3,932
20250206,31,3,932
20250207,31,3,930
20250208,31,3,924
20250209,31,3,918
20250210,31,3,910
20250211,31,3,903
20250212,31,3,898
20250213,31,3,892
20250214,31,3,882
20250215,31,3,875
20250216,31,3,865
20250217,31,3,855
20250218,31,3,844
20250219,31,3,834
20250220,31,3,828
20250221,31,3,828
20250222,31,3,822
20250223,31,3,816
20250224,31,3,805
20250225,31,3,800
20250226,31,3,791
20250227,31,3,791
20250228,31,3,789
20250301,31,3,1074
20250302,31,3,1063
20250303,31,3,1057
20250304,31,3,1049
20250305,31,3,1039
20250306,31,3,1036
20250307,31,3,1032
20250308,31,3,1032
20250309,31,3,1025
20250310,31,3,1022
20250311,31,3,1014
20250312,31,3,1007
20250313,31,3,1003
20250314,31,3,1000
20250315,31,3,996
20250316,31,3,988
20250317,31,3,988
20250318,31,3,977
20250319,31,3,972
20250320,31,3,970
20250321,31,3,968
20250322,31,3,957
20250323,31,3,951
20250324,31,3,946
20250325,31,3,940
20250326,31,3,935
20250327,31,3,933
20250328,31,3,931
20250329,31,3,930
20250330,31,3,930
20250331,31,3,923
20250401,31,3,1180
20250402,31,3,1172
20250403,31,3,1168
20250404,31,3,1159
20250405,31,3,1150
20250406,31,3,1148
20250407,31,3,1141
20250408,31,3,1133
20250409,31,3,1126
20250410,31,3,1119
20250411,31,3,1117
20250412,31,3,1113
20250413,31,3,1113
20250414,31,3,1111
20250415,31,3,1104
20250416,31,3,1097
20250417,31,3,1093
20250418,31,3,1083
20250419,31,3,1078
20250420,31,3,1069
20250421,31,3,1065
20250422,31,3,1054
20250423,31,3,1044
20250424,31,3,1043
20250425,31,3,1032
20250426,31,3,1025
20250427,31,3,1016
20250428,31,3,1012
20250429,31,3,1011
20250430,31,3,1007
20250501,31,3,1183
20250502,31,3,1178
20250503,31,3,1171
20250504,31,3,1169
20250505,31,3,1160
20250506,31,3,1159
20250507,31,3,1153
20250508,31,3,1143
20250509,31,3,1135
20250510,31,3,1130
20250511,31,3,1126
20250512,31,3,1119
20250513,31,3,1114
20250514,31,3,1104
20250515,31,3,1103
20250516,31,3,1094
20250517,31,3,1094
20250518,31,3,1083
20250519,31,3,1078
20250520,31,3,1078
20250521,31,3,1067
20250522,31,3,1065
20250523,31,3,1054
20250524,31,3,1046
20250525,31,3,1036
20250526,31,3,1029
20250527,31,3,1025
20250528,31,3,1020
20250529,31,3,1012
20250530,31,3,1007
20250531,31,3,996
20250601,31,3,1228
20250602,31,3,1228
20250603,31,3,1223
20250604,31,3,1223
20250605,31,3,1219
20250606,31,3,1216
20250607,31,3,1206
20250608,31,3,1196
20250609,31,3,1190
20250610,31,3,1181
20250611,31,3,1170
20250612,31,3,1159
20250613,31,3,1159
20250614,31,3,1154
20250615,31,3,1151
20250616,31,3,1148
20250617,31,3,1142
20250618,31,3,1142
20250619,31,3,1140
20250620,31,3,1138
20250621,31,3,1127
20250622,31,3,1116
20250623,31,3,1108
20250624,31,3,1103
20250625,31,3,1096
20250626,31,3,1089
20250627,31,3,1088
20250628,31,3,1086
20250629,31,3,1077
20250630,31,3,1066
20250701,31,3,1358
20250702,31,3,1349
20250703,31,3,1341
20250704,31,3,1335
20250705,31,3,1334
20250706,31,3,1326
20250707,31,3,1325
20250708,31,3,1319
20250709,31,3,1315
20250710,31,3,1315
20250711,31,3,1311
20250712,31,3,1301
20250713,31,3,1292
20250714,31,3,1290
20250715,31,3,1282
20250716,31,3,1279
20250717,31,3,1275
20250718,31,3,1265
20250719,31,3,1259
20250720,31,3,1251
20250721,31,3,1240
20250722,31,3,1234
20250723,31,3,1229
20250724,31,3,1226
20250725,31,3,1219
20250726,31,3,1210
20250727,31,3,1199
20250728,31,3,1193
20250729,31,3,1190
20250730,31,3,1184
20250731,31,3,1173
20250801,31,3,1344
20250802,31,3,1339
20250803,31,3,1331
20250804,31,3,1327
20250805,31,3,1322
20250806,31,3,1319
20250807,31,3,1308
20250808,31,3,1303
20250809,31,3,1293
20250810,31,3,1283
20250811,31,3,1277
20250812,31,3,1274
20250813,31,3,1268
20250814,31,3,1266
20250815,31,3,1261
20250816,31,3,1251
20250817,31,3,1243
20250818,31,3,1234
20250819,31,3,1228
20250820,31,3,1222
20250821,31,3,1215
20250822,31,3,1207
20250823,31,3,1204
20250824,31,3,1203
20250825,31,3,1201
20250826,31,3,1193
20250827,31,3,1182
20250828,31,3,1172
20250829,31,3,1161
20250830,31,3,1156
20250831,31,3,1153
20250901,31,3,1425
20250902,31,3,1419
20250903,31,3,1408
20250904,31,3,1408
20250905,31,3,1399
20250906,31,3,1399
20250907,31,3,1392
20250908,31,3,1391
20250909,31,3,1382
20250910,31,3,1371
20250911,31,3,1365
20250912,31,3,1354
20250913,31,3,1346
20250914,31,3,1346
20250915,31,3,1342
20250916,31,3,1338
20250917,31,3,1327
20250918,31,3,1316
20250919,31,3,1307
20250920,31,3,1301
20250921,31,3,1301
20250922,31,3,1292
20250923,31,3,1288
20250924,31,3,1286
20250925,31,3,1276
20250926,31,3,1275
20250927,31,3,1268
20250928,31,3,1265
20250929,31,3,1256
20250930,31,3,1248
20251001,31,3,1413
20251002,31,3,1413
20251003,31,3,1404
20251004,31,3,1398
20251005,31,3,1394
20251006,31,3,1389
20251007,31,3,1385
20251008,31,3,1376
20251009,31,3,1366
20251010,31,3,1356
20251011,31,3,1350
20251012,31,3,1339
20251013,31,3,1334
20251014,31,3,1329
20251015,31,3,1326
20251016,31,3,1317
20251017,31,3,1309
20251018,31,3,1303
20251019,31,3,1302
20251020,31,3,1298
20251021,31,3,1294
20251022,31,3,1288
20251023,31,3,1279
20251024,31,3,1277
20251025,31,3,1269
20251026,31,3,1263
20251027,31,3,1262
20251028,31,3,1260
20251029,31,3,1256
20251030,31,3,1250
20251031,31,3,1246
20251101,31,3,1504
20251102,31,3,1499
20251103,31,3,1497
20251104,31,3,1495
20251105,31,3,1489
20251106,31,3,1487
20251107,31,3,1483
20251108,31,3,1476
20251109,31,3,1469
20251110,31,3,1461
20251111,31,3,1454
20251112,31,3,1443
20251113,31,3,1432
20251114,31,3,1428
20251115,31,3,1421
20251116,31,3,1420
20251117,31,3,1411
20251118,31,3,1404
20251119,31,3,1394
20251120,31,3,1393
20251121,31,3,1388
20251122,31,3,1382
20251123,31,3,1380
20251124,31,3,1377
20251125,31,3,1374
20251126,31,3,1367
20251127,31,3,1359
20251128,31,3,1352
20251129,31,3,1349
20251130,31,3,1348
20251201,31,3,1508
20251202,31,3,1507
20251203,31,3,1497
20251204,31,3,1493
20251205,31,3,1486
20251206,31,3,1485
20251207,31,3,1476
20251208,31,3,1465
20251209,31,3,1454
20251210,31,3,1454
20251211,31,3,1444
20251212,31,3,1442
20251213,31,3,1436
20251214,31,3,1425
20251215,31,3,1418
20251216,31,3,1409
20251217,31,3,1407
20251218,31,3,1396
20251219,31,3,1389
20251220,31,3,1379
20251221,31,3,1379
20251222,31,3,1374
20251223,31,3,1365
20251224,31,3,1364
20251225,31,3,1362
20251226,31,3,1353
20251227,31,3,1342
20251228,31,3,1338
20251229,31,3,1337
20251230,31,3,1336
20251231,31,3,1327
20260101,31,3,1586
20260102,31,3,1586
20260103,31,3,1582
20260104,31,3,1580
20260105,31,3,1574
20260106,31,3,1567
20260107,31,3,1557
20260108,31,3,1555
20260109,31,3,1549
20260110,31,3,1549
20260111,31,3,1547
20260112,31,3,1539
20260113,31,3,1533
20260114,31,3,1530
20260115,31,3,1525
20260116,31,3,1514
20260117,31,3,1511
20260118,31,3,1511
20260119,31,3,1510
20260120,31,3,1506
20260121,31,3,1500
20260122,31,3,1490
20260123,31,3,1484
20260124,31,3,1484
20260125,31,3,1482
20260126,31,3,1472
20260127,31,3,1471
20260128,31,3,1461
20260129,31,3,1452
20260130,31,3,1451
20260131,31,3,1445
20260201,31,3,1677
20260202,31,3,1676
20260203,31,3,1674
20260204,31,3,1663
20260205,31,3,1663
20260206,31,3,1652
20260207,31,3,1645
20260208,31,3,1641
20260209,31,3,1638
20260210,31,3,1627
20260211,31,3,1622
20260212,31,3,1619
20260213,31,3,1608
20260214,31,3,1601
20260215,31,3,1593
20260216,31,3,1591
20260217,31,3,1580
20260218,31,3,1580
20260219,31,3,1569
20260220,31,3,1565
20260221,31,3,1565
20260222,31,3,1560
20260223,31,3,1556
20260224,31,3,1554
20260225,31,3,1544
20260226,31,3,1538
20260227,31,3,1538
20260228,31,3,1527
20260301,31,3,1739
20260302,31,3,1738
20260303,31,3,1734
20260304,31,3,1726
20260305,31,3,1721
20260306,31,3,1721
20260307,31,3,1711
20260308,31,3,1704
20260309,31,3,1698
20260310,31,3,1696
20260311,31,3,1691
20260312,31,3,1681
20260313,31,3,1678
20260314,31,3,1676
20260315,31,3,1665
20260316,31,3,1661
20260317,31,3,1656
20260318,31,3,1656
20260319,31,3,1653
20260320,31,3,1642
20260321,31,3,1632
20260322,31,3,1621
20260323,31,3,1613
20260324,31,3,1605
20260325,31,3,1595
20260326,31,3,1595
20260327,31,3,1592
20260328,31,3,1591
20260329,31,3,1580
20260330,31,3,1573
20260331,31,3,1563
20240401,33,3,617
20240402,33,3,606
20240403,33,3,596
20240404,33,3,591
20240405,33,3,584
20240406,33,3,578
20240407,33,3,576
20240408,33,3,569
20240409,33,3,565
20240410,33,3,556
20240411,33,3,546
20240412,33,3,538
20240413,33,3,536
20240414,33,3,525
20240415,33,3,522
20240416,33,3,517
20240417,33,3,510
20240418,33,3,504
20240419,33,3,495
20240420,33,3,491
20240421,33,3,484
20240422,33,3,475
20240423,33,3,469
20240424,33,3,461
20240425,33,3,451
20240426,33,3,440
20240427,33,3,434
20240428,33,3,423
20240429,33,3,418
20240430,33,3,412
20240501,33,3,583
20240502,33,3,578
20240503,33,3,571
20240504,33,3,566
20240505,33,3,559
20240506,33,3,556
20240507,33,3,556
20240508,33,3,548
20240509,33,3,546
20240510,33,3,543
20240511,33,3,533
20240512,33,3,533
20240513,33,3,528
20240514,33,3,521
20240515,33,3,510
20240516,33,3,506
20240517,33,3,503
20240518,33,3,501
20240519,33,3,490
20240520,33,3,488
20240521,33,3,480
20240522,33,3,470
20240523,33,3,462
20240524,33,3,456
20240525,33,3,449
20240526,33,3,445
20240527,33,3,439
20240528,33,3,430
20240529,33,3,422
20240530,33,3,421
20240531,33,3,419
20240601,33,3,671
20240602,33,3,666
20240603,33,3,655
20240604,33,3,654
20240605,33,3,644
20240606,33,3,638
20240607,33,3,627
20240608,33,3,622
20240609,33,3,613
20240610,33,3,611
20240611,33,3,602
20240612,33,3,600
20240613,33,3,589
20240614,33,3,583
20240615,33,3,574
20240616,33,3,564
20240617,33,3,563
20240618,33,3,559
20240619,33,3,553
20240620,33,3,553
20240621,33,3,553
20240622,33,3,546
20240623,33,3,544
20240624,33,3,539
20240625,33,3,531
20240626,33,3,522
20240627,33,3,511
20240628,33,3,511
20240629,33,3,511
20240630,33,3,511
20240701,33,3,774
20240702,33,3,769
20240703,33,3,769
20240704,33,3,760
20240705,33,3,751
20240706,33,3,744
20240707,33,3,733
20240708,33,3,726
20240709,33,3,718
20240710,33,3,713
20240711,33,3,702
20240712,33,3,698
20240713,33,3,696
20240714,33,3,690
20240715,33,3,688
20240716,33,3,680
20240717,33,3,673
20240718,33,3,669
20240719,33,3,669
20240720,33,3,664
20240721,33,3,658
20240722,33,3,651
20240723,33,3,651
20240724,33,3,651
20240725,33,3,642
20240726,33,3,640
20240727,33,3,630
20240728,33,3,628
20240729,33,3,624
20240730,33,3,614
20240731,33,3,613
20240801,33,3,897
20240802,33,3,895
20240803,33,3,892
20240804,33,3,884
20240805,33,3,877
20240806,33,3,873
20240807,33,3,867
20240808,33,3,861
20240809,33,3,852
20240810,33,3,848
20240811,33,3,837
20240812,33,3,832
20240813,33,3,822
20240814,33,3,814
20240815,33,3,810
20240816,33,3,807
20240817,33,3,801
20240818,33,3,801
20240819,33,3,797
20240820,33,3,791
20240821,33,3,787
20240822,33,3,786
20240823,33,3,779
20240824,33,3,768
20240825,33,3,763
20240826,33,3,759
20240827,33,3,751
20240828,33,3,751
20240829,33,3,741
20240830,33,3,736
20240831,33,3,727
20240901,33,3,923
20240902,33,3,915
20240903,33,3,912
20240904,33,3,904
20240905,33,3,896
20240906,33,3,888
20240907,33,3,879
20240908,33,3,875
20240909,33,3,864
20240910,33,3,854
20240911,33,3,849
20240912,33,3,849
20240913,33,3,849
20240914,33,3,844
20240915,33,3,844
20240916,33,3,833
20240917,33,3,828
20240918,33,3,823
20240919,33,3,817
20240920,33,3,806
20240921,33,3,799
20240922,33,3,791
20240923,33,3,785
20240924,33,3,781
20240925,33,3,780
20240926,33,3,772
20240927,33,3,767
20240928,33,3,756
20240929,33,3,755
20240930,33,3,745
20241001,33,3,993
20241002,33,3,987
20241003,33,3,978
20241004,33,3,970
20241005,33,3,968
20241006,33,3,960
20241007,33,3,959
20241008,33,3,958
20241009,33,3,954
20241010,33,3,954
20241011,33,3,947
20241012,33,3,945
20241013,33,3,942
20241014,33,3,935
20241015,33,3,925
20241016,33,3,924
20241017,33,3,921
20241018,33,3,916
20241019,33,3,915
20241020,33,3,913
20241021,33,3,908
20241022,33,3,904
20241023,33,3,897
20241024,33,3,887
20241025,33,3,884
20241026,33,3,882
20241027,33,3,872
20241028,33,3,868
20241029,33,3,868
20241030,33,3,857
20241031,33,3,850
20241101,33,3,1135
20241102,33,3,1128
20241103,33,3,1119
20241104,33,3,1118
20241105,33,3,1111
20241106,33,3,1110
20241107,33,3,1110
20241108,33,3,1101
20241109,33,3,1101
20241110,33,3,1101
20241111,33,3,1096
20241112,33,3,1092
20241113,33,3,1081
20241114,33,3,1073
20241115,33,3,1073
20241116,33,3,1072
20241117,33,3,1062
20241118,33,3,1053
20241119,33,3,1044
20241120,33,3,1041
20241121,33,3,1030
20241122,33,3,1025
20241123,33,3,1024
20241124,33,3,1014
20241125,33,3,1013
20241126,33,3,1012
20241127,33,3,1008
20241128,33,3,999
20241129,33,3,993
20241130,33,3,992
20241201,33,3,1264
20241202,33,3,1253
20241203,33,3,1246
20241204,33,3,1243
20241205,33,3,1242
20241206,33,3,1233
20241207,33,3,1232
20241208,33,3,1222
20241209,33,3,1213
20241210,33,3,1209
20241211,33,3,1203
20241212,33,3,1198
20241213,33,3,1198
20241214,33,3,1188
20241215,33,3,1179
20241216,33,3,1169
20241217,33,3,1162
20241218,33,3,1151
20241219,33,3,1151
20241220,33,3,1144
20241221,33,3,1134
20241222,33,3,1129
20241223,33,3,1124
20241224,33,3,1115
20241225,33,3,1111
20241226,33,3,1111
20241227,33,3,1108
20241228,33,3,1098
20241229,33,3,1095
20241230,33,3,1093
20241231,33,3,1088
20250101,33,3,1297
20250102,33,3,1289
20250103,33,3,1280
20250104,33,3,1280
20250105,33,3,1270
20250106,33,3,1266
20250107,33,3,1265
20250108,33,3,1262
20250109,33,3,1255
20250110,33,3,1255
20250111,33,3,1246
20250112,33,3,1244
20250113,33,3,1234
20250114,33,3,1233
20250115,33,3,1223
20250116,33,3,1214
20250117,33,3,1212
20250118,33,3,1208
20250119,33,3,1207
20250120,33,3,1207
20250121,33,3,1203
20250122,33,3,1201
20250123,33,3,1192
20250124,33,3,1184
20250125,33,3,1181
20250126,33,3,1179
20250127,33,3,1169
20250128,33,3,1164
20250129,33,3,1157
20250130,33,3,1150
20250131,33,3,1142
20250201,33,3,1428
20250202,33,3,1428
20250203,33,3,1424
20250204,33,3,1422
20250205,33,3,1420
20250206,33,3,1418
20250207,33,3,1408
20250208,33,3,1398
20250209,33,3,1396
20250210,33,3,1390
20250211,33,3,1385
20250212,33,3,1376
20250213,33,3,1366
20250214,33,3,1361
20250215,33,3,1356
20250216,33,3,1351
20250217,33,3,1346
20250218,33,3,1335
20250219,33,3,1334
20250220,33,3,1333
20250221,33,3,1329
20250222,33,3,1325
20250223,33,3,1320
20250224,33,3,1309
20250225,33,3,1302
20250226,33,3,1299
20250227,33,3,1296
20250228,33,3,1295
20250301,33,3,1444
20250302,33,3,1436
20250303,33,3,1426
20250304,33,3,1418
20250305,33,3,1407
20250306,33,3,1405
20250307,33,3,1398
20250308,33,3,1389
20250309,33,3,1378
20250310,33,3,1375
20250311,33,3,1373
20250312,33,3,1362
20250313,33,3,1355
20250314,33,3,1346
20250315,33,3,1339
20250316,33,3,1338
20250317,33,3,1337
20250318,33,3,1334
20250319,33,3,1327
20250320,33,3,1316
20250321,33,3,1310
20250322,33,3,1304
20250323,33,3,1295
20250324,33,3,1287
20250325,33,3,1278
20250326,33,3,1275
20250327,33,3,1273
20250328,33,3,1265
20250329,33,3,1264
20250330,33,3,1255
20250331,33,3,1244
20250401,33,3,1484
20250402,33,3,1478
20250403,33,3,1474
20250404,33,3,1472
20250405,33,3,1466
20250406,33,3,1456
20250407,33,3,1447
20250408,33,3,1443
20250409,33,3,1442
20250410,33,3,1431
20250411,33,3,1431
20250412,33,3,1429
20250413,33,3,1423
20250414,33,3,1413
20250415,33,3,1412
20250416,33,3,1410
20250417,33,3,1399
20250418,33,3,1399
20250419,33,3,1397
20250420,33,3,1397
20250421,33,3,1389
20250422,33,3,1386
20250423,33,3,1378
20250424,33,3,1378
20250425,33,3,1377
20250426,33,3,1376
20250427,33,3,1376
20250428,33,3,1376
20250429,33,3,1374
20250430,33,3,1364
20250501,33,3,1586
20250502,33,3,1585
20250503,33,3,1575
20250504,33,3,1564
20250505,33,3,1557
20250506,33,3,1548
20250507,33,3,1544
20250508,33,3,1542
20250509,33,3,1532
20250510,33,3,1531
20250511,33,3,1527
20250512,33,3,1527
20250513,33,3,1524
20250514,33,3,1515
20250515,33,3,1507
20250516,33,3,1497
20250517,33,3,1488
20250518,33,3,1482
20250519,33,3,1471
20250520,33,3,1465
20250521,33,3,1458
20250522,33,3,1453
20250523,33,3,1450
20250524,33,3,1441
20250525,33,3,1430
20250526,33,3,1420
20250527,33,3,1412
20250528,33,3,1409
20250529,33,3,1400
20250530,33,3,1390
20250531,33,3,1385
20250601,33,3,1564
20250602,33,3,1562
20250603,33,3,1551
20250604,33,3,1541
20250605,33,3,1534
20250606,33,3,1528
20250607,33,3,1526
20250608,33,3,1526
20250609,33,3,1526
20250610,33,3,1525
20250611,33,3,1520
20250612,33,3,1517
20250613,33,3,1513
20250614,33,3,1511
20250615,33,3,1503
20250616,33,3,1492
20250617,33,3,1492
20250618,33,3,1484
20250619,33,3,1474
20250620,33,3,1469
20250621,33,3,1463
20250622,33,3,1454
20250623,33,3,1447
20250624,33,3,1444
20250625,33,3,1441
20250626,33,3,1441
20250627,33,3,1432
20250628,33,3,1428
20250629,33,3,1418
20250630,33,3,1414
20250701,33,3,1640
20250702,33,3,1640
20250703,33,3,1633
20250704,33,3,1625
20250705,33,3,1621
20250706,33,3,1614
20250707,33,3,1611
20250708,33,3,1603
20250709,33,3,1596
20250710,33,3,1586
20250711,33,3,1578
20250712,33,3,1568
20250713,33,3,1557
20250714,33,3,1553
20250715,33,3,1543
20250716,33,3,1538
20250717,33,3,1538
20250718,33,3,1527
20250719,33,3,1526
20250720,33,3,1525
20250721,33,3,1519
20250722,33,3,1511
20250723,33,3,1506
20250724,33,3,1499
20250725,33,3,1489
20250726,33,3,1483
20250727,33,3,1474
20250728,33,3,1467
20250729,33,3,1461
20250730,33,3,1455
20250731,33,3,1444
20250801,33,3,1642
20250802,33,3,1633
20250803,33,3,1626
20250804,33,3,1625
20250805,33,3,1617
20250806,33,3,1617
20250807,33,3,1611
20250808,33,3,1608
20250809,33,3,1606
20250810,33,3,1599
20250811,33,3,1598
20250812,33,3,1594
20250813,33,3,1593
20250814,33,3,1592
20250815,33,3,1588
20250816,33,3,1581
20250817,33,3,1573
20250818,33,3,1562
20250819,33,3,1559
20250820,33,3,1555
20250821,33,3,1545
20250822,33,3,1543
20250823,33,3,1536
20250824,33,3,1528
20250825,33,3,1523
20250826,33,3,1513
20250827,33,3,1510
20250828,33,3,1509
20250829,33,3,1508
20250830,33,3,1502
20250831,33,3,1496
20250901,33,3,1720
20250902,33,3,1715
20250903,33,3,1704
20250904,33,3,1699
20250905,33,3,1691
20250906,33,3,1681
20250907,33,3,1680
20250908,33,3,1678
20250909,33,3,1672
20250910,33,3,1664
20250911,33,3,1654
20250912,33,3,1646
20250913,33,3,1635
20250914,33,3,1624
20250915,33,3,1613
20250916,33,3,1606
20250917,33,3,1597
20250918,33,3,1586
20250919,33,3,1583
20250920,33,3,1577
20250921,33,3,1570
20250922,33,3,1566
20250923,33,3,1558
20250924,33,3,1550
20250925,33,3,1540
20250926,33,3,1538
20250927,33,3,1528
20250928,33,3,1517
20250929,33,3,1511
20250930,33,3,1506
20251001,33,3,1696
20251002,33,3,1690
20251003,33,3,1683
20251004,33,3,1672
20251005,33,3,1664
20251006,33,3,1658
20251007,33,3,1657
20251008,33,3,1656
20251009,33,3,1648
20251010,33,3,1643
20251011,33,3,1643
20251012,33,3,1634
20251013,33,3,1626
20251014,33,3,1615
20251015,33,3,1612
20251016,33,3,1607
20251017,33,3,1600
20251018,33,3,1591
20251019,33,3,1589
20251020,33,3,1586
20251021,33,3,1579
20251022,33,3,1575
20251023,33,3,1564
20251024,33,3,1561
20251025,33,3,1561
20251026,33,3,1553
20251027,33,3,1544
20251028,33,3,1533
20251029,33,3,1530
20251030,33,3,1521
20251031,33,3,1510
20251101,33,3,1746
20251102,33,3,1740
20251103,33,3,1733
20251104,33,3,1723
20251105,33,3,1718
20251106,33,3,1707
20251107,33,3,1704
20251108,33,3,1695
20251109,33,3,1687
20251110,33,3,1680
20251111,33,3,1673
20251112,33,3,1664
20251113,33,3,1663
20251114,33,3,1658
20251115,33,3,1647
20251116,33,3,1642
20251117,33,3,1641
20251118,33,3,1630
20251119,33,3,1621
20251120,33,3,1615
20251121,33,3,1604
20251122,33,3,1598
20251123,33,3,1588
20251124,33,3,1587
20251125,33,3,1582
20251126,33,3,1576
20251127,33,3,1570
20251128,33,3,1566
20251129,33,3,1566
20251130,33,3,1563
20251201,33,3,1822
20251202,33,3,1822
20251203,33,3,1811
20251204,33,3,1800
20251205,33,3,1789
20251206,33,3,1786
20251207,33,3,1782
20251208,33,3,1780
20251209,33,3,1773
20251210,33,3,1772
20251211,33,3,1769
20251212,33,3,1763
20251213,33,3,1758
20251214,33,3,1754
20251215,33,3,1751
20251216,33,3,1749
20251217,33,3,1742
20251218,33,3,1740
20251219,33,3,1737
20251220,33,3,1737
20251221,33,3,1734
20251222,33,3,1731
20251223,33,3,1726
20251224,33,3,1723
20251225,33,3,1723
20251226,33,3,1719
20251227,33,3,1709
20251228,33,3,1703
20251229,33,3,1701
20251230,33,3,1690
20251231,33,3,1683
20260101,33,3,1934
20260102,33,3,1931
20260103,33,3,1927
20260104,33,3,1919
20260105,33,3,1919
20260106,33,3,1917
20260107,33,3,1906
20260108,33,3,1903
20260109,33,3,1893
20260110,33,3,1891
20260111,33,3,1881
20260112,33,3,1877
20260113,33,3,1875
20260114,33,3,1868
20260115,33,3,1862
20260116,33,3,1861
20260117,33,3,1851
20260118,33,3,1842
20260119,33,3,1838
20260120,33,3,1828
20260121,33,3,1828
20260122,33,3,1817
20260123,33,3,1812
20260124,33,3,1803
20260125,33,3,1793
20260126,33,3,1783
20260127,33,3,1782
20260128,33,3,1778
20260129,33,3,1777
20260130,33,3,1775
20260131,33,3,1768
20260201,33,3,2020
20260202,33,3,2020
20260203,33,3,2016
20260204,33,3,2009
20260205,33,3,2005
20260206,33,3,1994
20260207,33,3,1986
20260208,33,3,1979
20260209,33,3,1979
20260210,33,3,1968
20260211,33,3,1961
20260212,33,3,1950
20260213,33,3,1945
20260214,33,3,1937
20260215,33,3,1931
20260216,33,3,1921
20260217,33,3,1913
20260218,33,3,1909
20260219,33,3,1902
20260220,33,3,1901
20260221,33,3,1893
20260222,33,3,1888
20260223,33,3,1885
20260224,33,3,1875
20260225,33,3,1865
20260226,33,3,1865
20260227,33,3,1858
20260228,33,3,1858
20260301,33,3,2066
20260302,33,3,2060
20260303,33,3,2059
20260304,33,3,2057
20260305,33,3,2057
20260306,33,3,2048
20260307,33,3,2038
20260308,33,3,2035
20260309,33,3,2032
20260310,33,3,2026
20260311,33,3,2017
20260312,33,3,2006
20260313,33,3,1995
20260314,33,3,1989
20260315,33,3,1982
20260316,33,3,1982
20260317,33,3,1982
20260318,33,3,1971
20260319,33,3,1969
20260320,33,3,1963
20260321,33,3,1960
20260322,33,3,1958
20260323,33,3,1949
20260324,33,3,1944
20260325,33,3,1943
20260326,33,3,1939
20260327,33,3,1934
20260328,33,3,1929
20260329,33,3,1920
20260330,33,3,1915
20260331,33,3,1908
20240401,14,3,735
20240402,14,3,728
20240403,14,3,721
20240404,14,3,713
20240405,14,3,705
20240406,14,3,704
20240407,14,3,693
20240408,14,3,685
20240409,14,3,682
20240410,14,3,678
20240411,14,3,676
20240412,14,3,669
20240413,14,3,658
20240414,14,3,654
20240415,14,3,643
20240416,14,3,635
20240417,14,3,626
20240418,14,3,626
20240419,14,3,622
20240420,14,3,617
20240421,14,3,606
20240422,14,3,597
20240423,14,3,590
20240424,14,3,580
20240425,14,3,578
20240426,14,3,577
20240427,14,3,568
20240428,14,3,559
20240429,14,3,554
20240430,14,3,551
20240501,14,3,708
20240502,14,3,699
20240503,14,3,692
20240504,14,3,683
20240505,14,3,683
20240506,14,3,673
20240507,14,3,667
20240508,14,3,666
20240509,14,3,655
20240510,14,3,651
20240511,14,3,647
20240512,14,3,638
20240513,14,3,633
20240514,14,3,624
20240515,14,3,618
20240516,14,3,608
20240517,14,3,605
20240518,14,3,599
20240519,14,3,597
20240520,14,3,594
20240521,14,3,583
20240522,14,3,579
20240523,14,3,571
20240524,14,3,568
20240525,14,3,568
20240526,14,3,561
20240527,14,3,559
20240528,14,3,554
20240529,14,3,545
20240530,14,3,539
20240531,14,3,539
20240601,14,3,785
20240602,14,3,783
20240603,14,3,775
20240604,14,3,765
20240605,14,3,763
20240606,14,3,763
20240607,14,3,753
20240608,14,3,751
20240609,14,3,748
20240610,14,3,747
20240611,14,3,747
20240612,14,3,743
20240613,14,3,736
20240614,14,3,725
20240615,14,3,720
20240616,14,3,711
20240617,14,3,700
20240618,14,3,695
20240619,14,3,689
20240620,14,3,685
20240621,14,3,676
20240622,14,3,676
20240623,14,3,665
20240624,14,3,660
20240625,14,3,659
20240626,14,3,656
20240627,14,3,650
20240628,14,3,650
20240629,14,3,641
20240630,14,3,631
20240701,14,3,860
20240702,14,3,859
20240703,14,3,848
20240704,14,3,844
20240705,14,3,839
20240706,14,3,836
20240707,14,3,831
20240708,14,3,831
20240709,14,3,825
20240710,14,3,822
20240711,14,3,812
20240712,14,3,810
20240713,14,3,808
20240714,14,3,801
20240715,14,3,801
20240716,14,3,794
20240717,14,3,787
20240718,14,3,781
20240719,14,3,775
20240720,14,3,766
20240721,14,3,759
20240722,14,3,750
20240723,14,3,740
20240724,14,3,737
20240725,14,3,727
20240726,14,3,721
20240727,14,3,717
20240728,14,3,708
20240729,14,3,700
20240730,14,3,692
20240731,14,3,687
20240801,14,3,838
20240802,14,3,829
20240803,14,3,820
20240804,14,3,820
20240805,14,3,817
20240806,14,3,809
20240807,14,3,808
20240808,14,3,798
20240809,14,3,790
20240810,14,3,781
20240811,14,3,778
20240812,14,3,771
20240813,14,3,768
20240814,14,3,767
20240815,14,3,766
20240816,14,3,764
20240817,14,3,753
20240818,14,3,752
20240819,14,3,742
20240820,14,3,736
20240821,14,3,728
20240822,14,3,721
20240823,14,3,715
20240824,14,3,704
20240825,14,3,704
20240826,14,3,698
20240827,14,3,687
20240828,14,3,680
20240829,14,3,678
20240830,14,3,676
20240831,14,3,668
20240901,14,3,905
20240902,14,3,905
20240903,14,3,902
20240904,14,3,897
20240905,14,3,892
20240906,14,3,885
20240907,14,3,879
20240908,14,3,874
20240909,14,3,866
20240910,14,3,859
20240911,14,3,851
20240912,14,3,848
20240913,14,3,848
20240914,14,3,837
20240915,14,3,827
20240916,14,3,824
20240917,14,3,816
20240918,14,3,813
20240919,14,3,804
20240920,14,3,803
20240921,14,3,799
20240922,14,3,793
20240923,14,3,785
20240924,14,3,782
20240925,14,3,775
20240926,14,3,771
20240927,14,3,767
20240928,14,3,758
20240929,14,3,756
20240930,14,3,748
20241001,14,3,977
20241002,14,3,968
20241003,14,3,959
20241004,14,3,955
20241005,14,3,951
20241006,14,3,941
20241007,14,3,935
20241008,14,3,925
20241009,14,3,914
20241010,14,3,905
20241011,14,3,896
20241012,14,3,895
20241013,14,3,887
20241014,14,3,881
20241015,14,3,875
20241016,14,3,864
20241017,14,3,861
20241018,14,3,858
20241019,14,3,856
20241020,14,3,856
20241021,14,3,854
20241022,14,3,848
20241023,14,3,844
20241024,14,3,841
20241025,14,3,830
20241026,14,3,822
20241027,14,3,820
20241028,14,3,809
20241029,14,3,802
20241030,14,3,797
20241031,14,3,793
20241101,14,3,1057
20241102,14,3,1049
20241103,14,3,1044
20241104,14,3,1036
20241105,14,3,1027
20241106,14,3,1027
20241107,14,3,1026
20241108,14,3,1018
20241109,14,3,1015
20241110,14,3,1006
20241111,14,3,1002
20241112,14,3,1002
20241113,14,3,997
20241114,14,3,987
20241115,14,3,976
20241116,14,3,971
20241117,14,3,964
20241118,14,3,955
20241119,14,3,951
20241120,14,3,943
20241121,14,3,933
20241122,14,3,924
20241123,14,3,918
20241124,14,3,918
20241125,14,3,910
20241126,14,3,903
20241127,14,3,898
20241128,14,3,895
20241129,14,3,890
20241130,14,3,886
20241201,14,3,1056
20241202,14,3,1053
20241203,14,3,1047
20241204,14,3,1047
20241205,14,3,1039
20241206,14,3,1039
20241207,14,3,1037
20241208,14,3,1027
20241209,14,3,1026
20241210,14,3,1024
20241211,14,3,1013
20241212,14,3,1013
20241213,14,3,1011
20241214,14,3,1005
20241215,14,3,1002
20241216,14,3,995
20241217,14,3,985
20241218,14,3,980
20241219,14,3,975
20241220,14,3,972
20241221,14,3,969
20241222,14,3,963
20241223,14,3,963
20241224,14,3,962
20241225,14,3,953
20241226,14,3,948
20241227,14,3,940
20241228,14,3,930
20241229,14,3,927
20241230,14,3,923
20241231,14,3,916
20250101,14,3,1170
20250102,14,3,1164
20250103,14,3,1162
20250104,14,3,1157
20250105,14,3,1148
20250106,14,3,1147
20250107,14,3,1136
20250108,14,3,1132
20250109,14,3,1123
20250110,14,3,1121
20250111,14,3,1113
20250112,14,3,1103
20250113,14,3,1095
20250114,14,3,1084
20250115,14,3,1084
20250116,14,3,1074
20250117,14,3,1068
20250118,14,3,1066
20250119,14,3,1058
20250120,14,3,1053
20250121,14,3,1044
20250122,14,3,1036
20250123,14,3,1028
20250124,14,3,1018
20250125,14,3,1015
20250126,14,3,1013
20250127,14,3,1007
20250128,14,3,1005
20250129,14,3,996
20250130,14,3,986
20250131,14,3,981
20250201,14,3,1245
20250202,14,3,1235
20250203,14,3,1234
20250204,14,3,1223
20250205,14,3,1217
20250206,14,3,1206
20250207,14,3,1198
20250208,14,3,1190
20250209,14,3,1186
20250210,14,3,1179
20250211,14,3,1170
20250212,14,3,1162
20250213,14,3,1151
20250214,14,3,1151
20250215,14,3,1149
20250216,14,3,1144
20250217,14,3,1137
20250218,14,3,1130
20250219,14,3,1126
20250220,14,3,1125
20250221,14,3,1123
20250222,14,3,1114
20250223,14,3,1108
20250224,14,3,1108
20250225,14,3,1104
20250226,14,3,1100
20250227,14,3,1093
20250228,14,3,1084
20250301,14,3,1322
20250302,14,3,1318
20250303,14,3,1309
20250304,14,3,1309
20250305,14,3,1306
20250306,14,3,1296
20250307,14,3,1296
20250308,14,3,1285
20250309,14,3,1279
20250310,14,3,1276
20250311,14,3,1276
20250312,14,3,1266
20250313,14,3,1264
20250314,14,3,1254
20250315,14,3,1243
20250316,14,3,1241
20250317,14,3,1233
20250318,14,3,1228
20250319,14,3,1222
20250320,14,3,1222
20250321,14,3,1217
20250322,14,3,1212
20250323,14,3,1206
20250324,14,3,1203
20250325,14,3,1198
20250326,14,3,1197
20250327,14,3,1194
20250328,14,3,1188
20250329,14,3,1181
20250330,14,3,1180
20250331,14,3,1173
20250401,14,3,1373
20250402,14,3,1363
20250403,14,3,1354
20250404,14,3,1346
20250405,14,3,1341
20250406,14,3,1332
20250407,14,3,1328
20250408,14,3,1326
20250409,14,3,1321
20250410,14,3,1315
20250411,14,3,1308
20250412,14,3,1305
20250413,14,3,1299
20250414,14,3,1294
20250415,14,3,1292
20250416,14,3,1285
20250417,14,3,1282
20250418,14,3,1278
20250419,14,3,1267
20250420,14,3,1261
20250421,14,3,1255
20250422,14,3,1248
20250423,14,3,1247
20250424,14,3,1246
20250425,14,3,1241
20250426,14,3,1241
20250427,14,3,1238
20250428,14,3,1237
20250429,14,3,1230
20250430,14,3,1220
20250501,14,3,1363
20250502,14,3,1358
20250503,14,3,1357
20250504,14,3,1354
20250505,14,3,1350
20250506,14,3,1346
20250507,14,3,1343
20250508,14,3,1332
20250509,14,3,1325
20250510,14,3,1323
20250511,14,3,1320
20250512,14,3,1316
20250513,14,3,1305
20250514,14,3,1295
20250515,14,3,1293
20250516,14,3,1285
20250517,14,3,1280
20250518,14,3,1278
20250519,14,3,1276
20250520,14,3,1269
20250521,14,3,1265
20250522,14,3,1265
20250523,14,3,1263
20250524,14,3,1263
20250525,14,3,1262
20250526,14,3,1260
20250527,14,3,1250
20250528,14,3,1246
20250529,14,3,1240
20250530,14,3,1230
20250531,14,3,1222
20250601,14,3,1510
20250602,14,3,1510
20250603,14,3,1509
20250604,14,3,1498
20250605,14,3,1487
20250606,14,3,1480
20250607,14,3,1476
20250608,14,3,1475
20250609,14,3,1467
20250610,14,3,1463
20250611,14,3,1453
20250612,14,3,1445
20250613,14,3,1439
20250614,14,3,1429
20250615,14,3,1425
20250616,14,3,1418
20250617,14,3,1415
20250618,14,3,1404
20250619,14,3,1404
20250620,14,3,1402
20250621,14,3,1402
20250622,14,3,1391
20250623,14,3,1383
20250624,14,3,1380
20250625,14,3,1369
20250626,14,3,1361
20250627,14,3,1352
20250628,14,3,1346
20250629,14,3,1343
20250630,14,3,1332
20250701,14,3,1497
20250702,14,3,1495
20250703,14,3,1486
20250704,14,3,1476
20250705,14,3,1466
20250706,14,3,1463
20250707,14,3,1457
20250708,14,3,1451
20250709,14,3,1440
20250710,14,3,1429
20250711,14,3,1426
20250712,14,3,1415
20250713,14,3,1405
20250714,14,3,1403
20250715,14,3,1395
20250716,14,3,1384
20250717,14,3,1381
20250718,14,3,1378
20250719,14,3,1368
20250720,14,3,1359
20250721,14,3,1350
20250722,14,3,1348
20250723,14,3,1345
20250724,14,3,1345
20250725,14,3,1337
20250726,14,3,1328
20250727,14,3,1319
20250728,14,3,1314
20250729,14,3,1313
20250730,14,3,1302
20250731,14,3,1292
20250801,14,3,1487
20250802,14,3,1483
20250803,14,3,1473
20250804,14,3,1467
20250805,14,3,1456
20250806,14,3,1447
20250807,14,3,1440
20250808,14,3,1440
20250809,14,3,1435
20250810,14,3,1428
20250811,14,3,1422
20250812,14,3,1420
20250813,14,3,1413
20250814,14,3,1411
20250815,14,3,1400
20250816,14,3,1399
20250817,14,3,1396
20250818,14,3,1396
20250819,14,3,1394
20250820,14,3,1391
20250821,14,3,1380
20250822,14,3,1373
20250823,14,3,1372
20250824,14,3,1367
20250825,14,3,1366
20250826,14,3,1365
20250827,14,3,1358
20250828,14,3,1353
20250829,14,3,1351
20250830,14,3,1342
20250831,14,3,1331
20250901,14,3,1596
20250902,14,3,1590
20250903,14,3,1588
20250904,14,3,1582
20250905,14,3,1580
20250906,14,3,1576
20250907,14,3,1572
20250908,14,3,1567
20250909,14,3,1558
20250910,14,3,1549
20250911,14,3,1541
20250912,14,3,1536
20250913,14,3,1536
20250914,14,3,1526
20250915,14,3,1524
20250916,14,3,1517
20250917,14,3,1516
20250918,14,3,1512
20250919,14,3,1511
20250920,14,3,1500
20250921,14,3,1496
20250922,14,3,1486
20250923,14,3,1481
20250924,14,3,1477
20250925,14,3,1473
20250926,14,3,1465
20250927,14,3,1456
20250928,14,3,1445
20250929,14,3,1445
20250930,14,3,1438
20251001,14,3,1613
20251002,14,3,1610
20251003,14,3,1610
20251004,14,3,1606
20251005,14,3,1595
20251006,14,3,1588
20251007,14,3,1580
20251008,14,3,1573
20251009,14,3,1572
20251010,14,3,1562
20251011,14,3,1561
20251012,14,3,1558
20251013,14,3,1550
20251014,14,3,1539
20251015,14,3,1537
20251016,14,3,1526
20251017,14,3,1526
20251018,14,3,1520
20251019,14,3,1518
20251020,14,3,1508
20251021,14,3,1507
20251022,14,3,1501
20251023,14,3,1499
20251024,14,3,1498
20251025,14,3,1492
20251026,14,3,1489
20251027,14,3,1483
20251028,14,3,1480
20251029,14,3,1475
20251030,14,3,1473
20251031,14,3,1465
20251101,14,3,1750
20251102,14,3,1745
20251103,14,3,1735
20251104,14,3,1724
20251105,14,3,1713
20251106,14,3,1713
20251107,14,3,1702
20251108,14,3,1702
20251109,14,3,1699
20251110,14,3,1694
20251111,14,3,1684
20251112,14,3,1679
20251113,14,3,1671
20251114,14,3,1665
20251115,14,3,1660
20251116,14,3,1659
20251117,14,3,1648
20251118,14,3,1647
20251119,14,3,1645
20251120,14,3,1635
20251121,14,3,1628
20251122,14,3,1625
20251123,14,3,1623
20251124,14,3,1622
20251125,14,3,1619
20251126,14,3,1610
20251127,14,3,1601
20251128,14,3,1593
20251129,14,3,1586
20251130,14,3,1583
20251201,14,3,1829
20251202,14,3,1825
20251203,14,3,1819
20251204,14,3,1808
20251205,14,3,1807
20251206,14,3,1802
20251207,14,3,1794
20251208,14,3,1791
20251209,14,3,1790
20251210,14,3,1788
20251211,14,3,1778
20251212,14,3,1775
20251213,14,3,1765
20251214,14,3,1756
20251215,14,3,1749
20251216,14,3,1746
20251217,14,3,1741
20251218,14,3,1738
20251219,14,3,1734
20251220,14,3,1730
20251221,14,3,1726
20251222,14,3,1723
20251223,14,3,1719
20251224,14,3,1713
20251225,14,3,1707
20251226,14,3,1696
20251227,14,3,1694
20251228,14,3,1683
20251229,14,3,1673
20251230,14,3,1662
20251231,14,3,1653
20260101,14,3,1888
20260102,14,3,1877
20260103,14,3,1868
20260104,14,3,1864
20260105,14,3,1861
20260106,14,3,1859
20260107,14,3,1851
20260108,14,3,1841
20260109,14,3,1831
20260110,14,3,1822
20260111,14,3,1812
20260112,14,3,1808
20260113,14,3,1799
20260114,14,3,1797
20260115,14,3,1791
20260116,14,3,1787
20260117,14,3,1784
20260118,14,3,1779
20260119,14,3,1770
20260120,14,3,1760
20260121,14,3,1753
20260122,14,3,1749
20260123,14,3,1742
20260124,14,3,1737
20260125,14,3,1733
20260126,14,3,1731
20260127,14,3,1726
20260128,14,3,1718
20260129,14,3,1712
20260130,14,3,1705
20260131,14,3,1696
20260201,14,3,1859
20260202,14,3,1856
20260203,14,3,1853
20260204,14,3,1850
20260205,14,3,1841
20260206,14,3,1834
20260207,14,3,1834
20260208,14,3,1834
20260209,14,3,1826
20260210,14,3,1819
20260211,14,3,1815
20260212,14,3,1812
20260213,14,3,1804
20260214,14,3,1794
20260215,14,3,1784
20260216,14,3,1775
20260217,14,3,1775
20260218,14,3,1769
20260219,14,3,1766
20260220,14,3,1763
20260221,14,3,1753
20260222,14,3,1750
20260223,14,3,1742
20260224,14,3,1742
20260225,14,3,1734
20260226,14,3,1730
20260227,14,3,1729
20260228,14,3,1728
20260301,14,3,1925
20260302,14,3,1916
20260303,14,3,1906
20260304,14,3,1897
20260305,14,3,1897
20260306,14,3,1888
20260307,14,3,1878
20260308,14,3,1871
20260309,14,3,1867
20260310,14,3,1857
20260311,14,3,1857
20260312,14,3,1857
20260313,14,3,1856
20260314,14,3,1848
20260315,14,3,1848
20260316,14,3,1847
20260317,14,3,1840
20260318,14,3,1833
20260319,14,3,1830
20260320,14,3,1820
20260321,14,3,1815
20260322,14,3,1808
20260323,14,3,1800
20260324,14,3,1792
20260325,14,3,1787
20260326,14,3,1781
20260327,14,3,1779
20260328,14,3,1772
20260329,14,3,1762
20260330,14,3,1754
20260331,14,3,1752
